cte,x,a,b,x^2,ax,bx,a^2,ab,b^2,x^3,ax^2,bx^2,a^2x,abx,b^2x,a^3,a^2b,ab^2,b^3,x^4,ax^3,bx^3,a^2x^2,abx^2,b^2x^2,a^3x,a^2bx,ab^2x,b^3x,a^4,a^3b,a^2b^2,ab^3,b^4
0.0,0.0,0.0,0.0,0.0,0.0,0.0,0.0,0.0,0.0,0.0,0.0,0.0,0.0,0.0,0.0,0.0,0.0,0.0,0.0,36.362672312319816,0.0,40.626549122881904,0.0,0.0,15.13774411237064,0.0,0.08317980769195274,0.0,1.881287627687498,0.0,0.06018410638199083,0.0,0.0,0.0
