cte,x,p,x^2,px,p^2,x^3,px^2,p^2x,p^3,x^4,px^3,p^2x^2,p^3x,p^4
0.8352312280269228,0.9120616561184596,-0.34226781915476917,0.33295494593962444,0.5541763428333146,0.06525281249809564,1.9427123334068375,0.4517721581563798,0.0,0.0,0.702289454312153,0.0,0.0,0.0,0.0
