cte,x,p,sin,x^2,px,xsin,p^2,psin,sin^2,x^3,px^2,x^2sin,p^2x,pxsin,xsin^2,p^3,p^2sin,psin^2,sin^3
0.0,0.001993954628551867,0.0,0.0,0.0,0.0,0.0,0.0,0.9998745748554683,0.0,0.0,0.0,0.0,0.0,0.0,0.0,0.0,-0.011635456098004229,0.0,0.0
