cte,x,p,sin,x^2,px,xsin,p^2,psin,sin^2,x^3,px^2,x^2sin,p^2x,pxsin,xsin^2,p^3,p^2sin,psin^2,sin^3
0.0,0.0,0.0,0.0,0.0,0.0,0.0,0.0,1.0065136286254304,0.0,0.0,0.0,0.0,0.0,0.0,0.0,0.0,0.04139814739759821,0.0,0.0
