cte,x,p,sin,x^2,px,xsin,p^2,psin,sin^2,x^3,px^2,x^2sin,p^2x,pxsin,xsin^2,p^3,p^2sin,psin^2,sin^3
0.0,0.001990425141906295,0.0,0.0,0.0,0.0,0.0,0.0,1.0000083648935414,0.0,0.0,0.0,0.0,0.0,0.0,0.0,0.0,-0.008116491081965558,0.0,0.0
