cte,x,p,x^2,px,p^2,x^3,px^2,p^2x,p^3,x^4,px^3,p^2x^2,p^3x,p^4,x^5,px^4,p^2x^3,p^3x^2,p^4x,p^5
128.0241615138832,273.52953818239126,0.0,233.54485464107105,0.0,0.0,99.39342594095072,0.0,0.0,0.0,21.071587118187942,0.0,0.0,0.0,0.0,1.7797937062467777,0.0,0.0,0.0,0.0,0.0
