cte,x,p,x^2,px,p^2,x^3,px^2,p^2x,p^3
2.7236029005865103,9.94853305977428,0.09397200624174018,5.27167062705353,0.0,0.0,0.37186075020165665,0.0,0.0,0.0
