cte,x,a,b,x^2,ax,bx,a^2,ab,b^2,x^3,ax^2,bx^2,a^2x,abx,b^2x,a^3,a^2b,ab^2,b^3
0.0,0.0,0.0,0.0,0.0,0.03594368697768874,0.0,0.03805011066224262,0.02954643418026707,-0.02310141886792105,-0.0768620113751335,-0.053594503791811195,0.1269114395798063,0.12672046736838363,0.039707933223265136,-0.13077029610370938,0.0,0.1348052796347943,-0.0762584368528216,-0.0444386023764015
