cte,x,a,b,x^2,ax,bx,a^2,ab,b^2,x^3,ax^2,bx^2,a^2x,abx,b^2x,a^3,a^2b,ab^2,b^3
0.0,0.013781749095081161,0.0,0.0,0.012257472674793927,0.03950490389541237,0.04573779782378616,0.0,0.04289341220211134,0.0,-0.14962689614212393,-0.023484031178340765,0.16568556917826938,0.041990191653579007,0.28234696715373825,-0.17369679914863406,-0.03751954669191505,0.16301324914794238,0.0,-0.07793007249067321
