cte,x,p,x^2,px,p^2,x^3,px^2,p^2x,p^3
0.6000006294118685,7.500001030891755,0.06006005648668599,0.0,-0.11261262676073835,0.0,-1.000000109435913,0.0,0.0,0.0
