cte,x,a,b,x^2,ax,bx,a^2,ab,b^2,x^3,ax^2,bx^2,a^2x,abx,b^2x,a^3,a^2b,ab^2,b^3
0.0,0.013088271691302297,0.0,0.0,0.010939414600583633,0.03940894413350202,0.03857193151397748,0.0,0.034178956529112126,0.0,-0.141963546077069,-0.03645957895776802,0.16278995335188545,0.03776716230014404,0.26906555985610353,-0.17186882816476895,-0.03457952715298382,0.15114371390453768,0.011319268200930896,-0.08162534290759488
