cte,x,p,x^2,px,p^2,x^3,px^2,p^2x,p^3
1.399999415920291,8.499999266880867,0.04004004625344301,0.0,-0.13763762714113564,0.0,-0.9999999342473896,0.0,0.0,0.0
