cte,x,a,b,x^2,ax,bx,a^2,ab,b^2,x^3,ax^2,bx^2,a^2x,abx,b^2x,a^3,a^2b,ab^2,b^3
0.0,0.0,0.0,0.0,0.0,0.025561093910175827,0.0,0.03444641881221085,0.018522396495380997,-0.015573883993057655,-0.06669979593275648,-0.06068323603193516,0.11898216451781489,0.0901043890993829,0.050786782925988296,-0.14060346196256437,0.0,0.10466657767590447,-0.038851454972698596,-0.06184391247101627
