cte,x,p,x^2,px,p^2,x^3,px^2,p^2x,p^3
0.23833753212264439,9.94908324835354,0.15742776471377937,5.351704352088858,0.0,0.0,0.34956168604751087,0.0,0.0,0.0
