cte,x,a,b,x^2,ax,bx,a^2,ab,b^2,x^3,ax^2,bx^2,a^2x,abx,b^2x,a^3,a^2b,ab^2,b^3
0.0,0.012194782864603928,0.0,0.0,0.010212373194703382,0.039296604903666814,0.03221444334844176,0.010218368384779979,0.031330564125171996,0.0,-0.13556513561691247,-0.04645726053134014,0.15915442965660026,0.034490636057058065,0.25689641510245254,-0.17040730886491562,-0.033808958187469415,0.1380944791650815,0.020517747291575263,-0.08483571412419241
