cte,x,p,x^2,px,p^2,x^3,px^2,p^2x,p^3
0.9486793805967114,9.796807271065608,0.13722801860824047,5.147537978651638,0.0,0.0,0.2939608714401247,0.0,0.0,0.0
