cte,x,a,b,x^2,ax,bx,a^2,ab,b^2,x^3,ax^2,bx^2,a^2x,abx,b^2x,a^3,a^2b,ab^2,b^3
0.0,0.011022048048896978,0.0,0.0,0.0,0.03803456611521474,0.017932876507311506,0.0,0.03530651853077933,-0.01808330800277769,-0.09470464644186517,-0.03801129129667932,0.12484118610289248,0.10822842256438509,0.13084120723258755,-0.16610163621853766,-0.013019211546501257,0.16118168351867582,-0.05209743096771335,-0.060051411705442335
