cte,x,a,b,x^2,ax,bx,a^2,ab,b^2,x^3,ax^2,bx^2,a^2x,abx,b^2x,a^3,a^2b,ab^2,b^3
0.0,0.0187962925270294,0.0,0.0,0.041272804462183774,0.04984279299216955,0.06446201249877857,0.0,0.03188449997312903,0.0,-0.28340642215246803,0.0,0.273778121334988,-0.048798138332893405,0.39742072558428865,-0.06163105714826124,-0.030866970909209288,0.09992518100283389,0.09049098114857654,-0.0775999009817795
