cte,x,a,b,x^2,ax,bx,a^2,ab,b^2,x^3,ax^2,bx^2,a^2x,abx,b^2x,a^3,a^2b,ab^2,b^3
0.0,0.020594953808247534,0.0,0.0,0.059750562154687346,0.059496252131943414,0.06358567541950878,0.0,0.032170552551356195,0.0,-0.354977415552121,0.0,0.3189480829538259,-0.07649236916468541,0.39095754334633426,0.02381800455565555,-0.020460377410297177,0.05529669462516035,0.13090394441340877,-0.07216666328733538
