cte,x,a,b,x^2,ax,bx,a^2,ab,b^2,x^3,ax^2,bx^2,a^2x,abx,b^2x,a^3,a^2b,ab^2,b^3
0.0,0.01464406087976366,0.0,0.0,0.016280935757823346,0.03846867800140418,0.05750653166183791,0.0,-0.05699964966397556,0.0,-0.17837426046376387,0.0,0.20405731769690955,0.04292639646579375,0.2966071994439716,-0.1378835137217919,-0.03325720649789735,0.19141343998303142,0.0,-0.06583998975722714
