cte,x,p,x^2,px,p^2,x^3,px^2,p^2x,p^3
1.400000137526384,6.50000028466746,0.04004004000562757,0.0,-0.08758759128009992,0.0,-1.0000000384216277,0.0,0.0,0.0
