cte,x,p,x^2,px,p^2,x^3,px^2,p^2x,p^3
2.0007351547145245,9.526921826216828,0.10659160310542,4.931330860914723,0.0,0.0,0.2613992239060855,0.0,0.0,0.0
