cte,x,a,b,x^2,ax,bx,a^2,ab,b^2,x^3,ax^2,bx^2,a^2x,abx,b^2x,a^3,a^2b,ab^2,b^3
0.0,0.01270998176374553,0.0,0.0,0.04093345302014975,0.061059482815395964,0.02602414480953019,0.0,0.03780730175879785,0.0,-0.25961468692904016,-0.0986213807424789,0.24139976308044583,-0.07715898506441643,0.32264991383287983,-0.052972441417516516,-0.0238841783097007,0.02058266982736687,0.1631902314400718,-0.10235310508333045
