cte,x,p,x^2,px,p^2,x^3,px^2,p^2x,p^3
2.9227970428623253,8.848542675040981,0.0730580031230893,4.49846062403058,0.0,0.0,0.19713147345686968,0.0,0.0,0.0
