cte,x,a,b,x^2,ax,bx,a^2,ab,b^2,x^3,ax^2,bx^2,a^2x,abx,b^2x,a^3,a^2b,ab^2,b^3
0.0,0.022555499113665563,0.0,0.0,0.07344656363047086,0.05553509760226691,0.0800686464406078,-0.010519710925530201,0.027426201168932525,0.0,-0.40170066999131315,0.09489246916739516,0.35478205321922013,-0.03614396837647637,0.38382872881842145,0.0864363881206264,0.0,0.0740084090935408,0.09102842410403501,-0.04498095071972463
