cte,x,p,x^2,px,p^2,x^3,px^2,p^2x,p^3
1.399999789336427,7.500000131583356,0.04004004570556839,0.0,-0.11261261522095126,0.0,-1.0000000302484469,0.0,0.0,0.0
