cte,x,p,x^2,px,p^2,x^3,px^2,p^2x,p^3
1.600000679588796,7.000000459428922,0.035035024685765956,0.0,-0.10010010529911122,0.0,-1.000000029853165,0.0,0.0,0.0
