cte,x,p,x^2,px,p^2,x^3,px^2,p^2x,p^3
1.200000364480879,6.000000350058872,0.04504504072137395,0.0,-0.07507507904251218,0.0,-1.0000000353376375,0.0,0.0,0.0
