cte,x,p,x^2,px,p^2,x^3,px^2,p^2x,p^3
0.999998498386796,8.499997409333082,0.050050059921724475,0.0,-0.13763759914292453,0.0,-0.9999997468229703,0.0,0.0,0.0
