cte,x,a,b,x^2,ax,bx,a^2,ab,b^2,x^3,ax^2,bx^2,a^2x,abx,b^2x,a^3,a^2b,ab^2,b^3
0.0,0.0,0.0,0.0,0.02075966685171277,0.03183818669839066,0.02615119440026373,0.0,0.02874537788143306,0.0,-0.1616845228487272,-0.04983498010396316,0.17910700365022092,0.0,0.2916356950470591,-0.1435327104774098,-0.027127800638014378,0.0945884057863027,0.07757064459092942,-0.09674347379628608
