cte,x,p,x^2,px,p^2,x^3,px^2,p^2x,p^3
1.19999973963172,7.499999348228244,0.045045044594344094,0.0,-0.11261260322107143,0.0,-0.9999999215655558,0.0,0.0,0.0
