cte,x,a,b,x^2,ax,bx,a^2,ab,b^2,x^3,ax^2,bx^2,a^2x,abx,b^2x,a^3,a^2b,ab^2,b^3
0.0,0.02028995046147407,0.0,0.0,0.07218196513892491,0.07187284274703833,0.055977127993748516,0.0,0.05150723547195942,0.0,-0.3977612188729665,-0.027835434458974257,0.32762756661387193,-0.10195182814038468,0.3599622577482062,0.08059463557278028,-0.014180373418516825,0.0,0.17947197756092023,-0.07730303888390037
