cte,x,p,x^2,px,p^2,x^3,px^2,p^2x,p^3
2.000000325192364,8.000001020295668,0.025025026525679856,0.0,-0.12512514090547408,0.0,-1.0000001237742413,0.0,0.0,0.0
