cte,x,a,b,x^2,ax,bx,a^2,ab,b^2,x^3,ax^2,bx^2,a^2x,abx,b^2x,a^3,a^2b,ab^2,b^3
0.0,0.0,0.0,0.0,0.0,0.02442948306738949,0.0,0.03362215567963553,0.017450012875591656,-0.01490997168548538,-0.06626839098051487,-0.061480774907734695,0.118648696951575,0.08509639009916577,0.05221327340138622,-0.14121870164410197,0.0,0.10068080645784043,-0.03395241318924706,-0.06400745693431603
