cte,x,p,x^2,px,p^2,x^3,px^2,p^2x,p^3
1.0000001592640104,8.000001456430438,0.0500500593048339,0.0,-0.12512514801138602,0.0,-1.00000018295691,0.0,0.0,0.0
