cte,x,p,x^2,px,p^2,x^3,px^2,p^2x,p^3
1.9844142629794304,8.067314280369445,0.08768768589470856,3.8794989826965476,0.0,0.0,0.0,0.0,0.0,0.0
