cte,x,p,x^2,px,p^2,x^3,px^2,p^2x,p^3
-0.39274226593965766,9.78929353476707,0.17062296379360026,5.204921409204076,0.0,0.0,0.29266357946684707,0.0,0.0,0.0
