cte,x,p,x^2,px,p^2,x^3,px^2,p^2x,p^3
1.1999997126204687,4.499999620243235,0.04504504675999734,0.0,-0.037537533936240756,0.0,-0.999999939934952,0.0,0.0,0.0
