cte,x,a,b,x^2,ax,bx,a^2,ab,b^2,x^3,ax^2,bx^2,a^2x,abx,b^2x,a^3,a^2b,ab^2,b^3
0.0,0.010505942556051468,0.0,0.0,0.0,0.03903557702994284,0.0,0.013217226312274557,0.029165569126442,-0.026123866753124222,-0.0839263663735432,-0.03621808290484123,0.12869127398886504,0.14025742764973592,0.011008925885053525,-0.1113373582873673,0.020858579307794597,0.12579533795575892,-0.08798579777869658,-0.03460826040909104
