cte,x,p,x^2,px,p^2,x^3,px^2,p^2x,p^3
-1.644537198199026,9.680081229969874,0.1998820872208916,5.237368672763606,0.0,0.0,0.29852523953259796,0.0,0.0,0.0
