cte,x,a,b,x^2,ax,bx,a^2,ab,b^2,x^3,ax^2,bx^2,a^2x,abx,b^2x,a^3,a^2b,ab^2,b^3
0.0,0.01662477148391253,0.010599004999006826,0.0,0.0640942745783829,0.07223038091856232,0.04120195169066721,0.0,0.04586363691703132,0.0,-0.35563902259771885,-0.07356987771927326,0.2945195293152807,-0.10423420774793321,0.3401101034611962,0.04031677887397616,-0.01643678101121349,-0.01351056251595308,0.19565910288664076,-0.09151734203821041
