cte,x,p,x^2,px,p^2,x^3,px^2,p^2x,p^3
1.400000337558215,5.500000361073622,0.04004003648966302,0.0,-0.06256256652532381,0.0,-1.0000000427076015,0.0,0.0,0.0
