cte,x,p,x^2,px,p^2,x^3,px^2,p^2x,p^3
0.799999841823905,4.99999980536029,0.055055056226090776,0.0,-0.0500500480605309,0.0,-0.9999999738650891,0.0,0.0,0.0
