cte,x,p,x^2,px,p^2,x^3,px^2,p^2x,p^3
0.6000006212654624,8.000000326032563,0.060060050016358536,0.0,-0.12512512862934758,0.0,-1.000000013339216,0.0,0.0,0.0
