cte,x,p,x^2,px,p^2,x^3,px^2,p^2x,p^3
1.7999996774678295,7.99999945630303,0.03003003229594717,0.0,-0.12512511718892516,0.0,-0.999999942187203,0.0,0.0,0.0
