cte,x,p,x^2,px,p^2,x^3,px^2,p^2x,p^3
2.5927959084556225,8.652352010836129,0.07904912793831771,4.325765532940326,0.0,0.0,0.13800381049096347,0.0,0.0,0.0
