cte,x,a,b,x^2,ax,bx,a^2,ab,b^2,x^3,ax^2,bx^2,a^2x,abx,b^2x,a^3,a^2b,ab^2,b^3
0.0,0.0162044240935094,0.0,0.0,0.03177873892117577,0.036724996620714566,0.07374623186402474,0.0,0.037789286032761174,0.0,-0.23326768425554018,0.029245497171103876,0.233149970365845,0.0,0.38542101529932704,-0.12041522559311933,-0.03702769461989561,0.15336439000537289,0.029847270477170038,-0.07103410856312531
