cte,x,a,b,x^2,ax,bx,a^2,ab,b^2,x^3,ax^2,bx^2,a^2x,abx,b^2x,a^3,a^2b,ab^2,b^3
0.0,0.014345471683741394,0.0,0.0,0.043364470250406836,0.06191237755760533,0.0321682980722484,0.0,0.03715804849241946,0.0,-0.2750891856580866,-0.08431311787438962,0.25378812857031935,-0.07959329826993489,0.33881722298592903,-0.04326197986813762,-0.024623938979360636,0.02617860047459423,0.16072967019792428,-0.0987989932972998
