cte,x,a,b,x^2,ax,bx,a^2,ab,b^2,x^3,ax^2,bx^2,a^2x,abx,b^2x,a^3,a^2b,ab^2,b^3
0.0,0.0,0.0,0.0,0.010116236321156562,0.037931927642070006,0.014151046084250829,0.011199953390753489,0.025174009952306887,0.0,-0.12038803378348294,-0.07354880173878771,0.15021403993616028,0.02324805344974658,0.2182717439671692,-0.16040255932404635,-0.024478839148619088,0.1006147938640359,0.04657188295982022,-0.09306589966040929
