cte,x,p,x^2,px,p^2,x^3,px^2,p^2x,p^3
1.6760226610304632,9.373471259934256,0.11278421341166435,4.799369050929498,0.0,0.0,0.21680748237657385,0.0,0.0,0.0
