cte,x,p,x^2,px,p^2,x^3,px^2,p^2x,p^3
1.199999963154653,6.499999876911783,0.045045044534747385,0.0,-0.08758758595088208,0.0,-0.9999999820687341,0.0,0.0,0.0
