cte,x,p,x^2,px,p^2,x^3,px^2,p^2x,p^3
-1.3431685759230552,9.719801229072536,0.19316139643889627,5.283498887989086,0.0,0.0,0.31990342262036736,0.0,0.0,0.0
