cte,x,p,sin,x^2,px,xsin,p^2,psin,sin^2
0.0,0.001990898438350837,0.0,0.0,0.0,0.0,0.0,0.0,0.09984033327653313,0.0
