cte,x,p,sin,x^2,px,xsin,p^2,psin,sin^2
0.0,0.0019942083948067298,0.0,0.0,0.0,0.0,0.0,0.0,0.9971203354865367,0.0
