cte,x,p,sin,x^2,px,xsin,p^2,psin,sin^2,initial_theta,delta_theta
0.0,0.0,0.0,0.2829297481542802,0.0,0.0,0.0,0.0,0.019380952681264278,0.0,-15.0,0.05
