cte,x,p,sin,x^2,px,xsin,p^2,psin,sin^2
0.0,0.0019918246321884115,0.0,0.0,0.0,0.0,0.0,0.0,0.0999051109802246,0.0
