cte,x,p,sin,x^2,px,xsin,p^2,psin,sin^2
0.0,0.001994146143395421,-0.0013495363267732696,0.0,0.0,0.0,0.0,0.002499419337126194,0.9976831711749604,0.0
