cte,x,p,sin,x^2,px,xsin,p^2,psin,sin^2
0.0,0.0019819502473710183,0.0,0.0,0.0,0.0,0.0,0.0,0.09985577999230053,0.0
