cte,x,p,sin,x^2,px,xsin,p^2,psin,sin^2,initial_theta,delta_theta
0.0,0.0,0.0,0.19103989171332872,0.0,0.0,0.0,0.0,0.2063526285512136,0.0,-1.0,0.005
