cte,x,p,sin,x^2,px,xsin,p^2,psin,sin^2
0.0,0.0019839379048902936,0.0,0.0,0.0,0.0,0.0,0.0,0.09979852863434081,0.0
