cte,x,p,sin,x^2,px,xsin,p^2,psin,sin^2
0.0,0.001995304023541658,0.0,0.0,0.0,0.0,0.0,0.0,0.09988017150746206,0.0
