cte,x,p,sin,x^2,px,xsin,p^2,psin,sin^2
0.0,0.0019907815420610866,0.0,0.0,0.0,0.0,0.0,0.0,0.998011004781789,0.0
