cte,x,p,sin,x^2,px,xsin,p^2,psin,sin^2
0.0,0.001989065787020607,0.0,0.0,0.0,0.0,0.0,0.0,0.09987855567066246,0.0
