cte,x,p,sin,x^2,px,xsin,p^2,psin,sin^2,initial_theta,delta_theta
0.0,0.0,0.0,0.10883312970108604,0.0,0.0,0.0,0.0,0.09725293089912115,0.0,-1.0,0.01
