cte,x,p,sin,x^2,px,xsin,p^2,psin,sin^2
0.0,0.001991918722022125,0.0,0.0,0.0,0.0,0.0,0.0,0.09988494545111185,0.0
