cte,x,p,sin,x^2,px,xsin,p^2,psin,sin^2
0.0,0.0019899893450533892,0.0,0.0,0.0,0.0,0.0,-0.0012977501618165047,0.9977476130000434,0.0
