cte,x,p,sin,x^2,px,xsin,p^2,psin,sin^2,initial_theta,delta_theta
0.0,0.0,0.0,0.09078176825347456,0.0,0.0,0.0,0.0,0.02056553724232242,0.0,-5.0,0.05
