cte,x,p,sin,x^2,px,xsin,p^2,psin,sin^2,initial_theta,delta_theta
0.0,0.0,0.0,0.19279296191995424,0.0,0.0,0.0,0.0,0.19843323289638456,0.0,-1.0,0.005
