cte,x,p,sin,x^2,px,xsin,p^2,psin,sin^2
0.0,0.0019871293173247422,0.0,0.0,0.0,0.0,0.0,-0.001288066559115294,0.9967915353339176,0.0
