cte,x,p,sin,x^2,px,xsin,p^2,psin,sin^2
0.0,0.001994295066200238,0.0,0.0,0.0,0.0,0.0,0.0,0.09982552125285804,0.0
