cte,x,p,sin,x^2,px,xsin,p^2,psin,sin^2
0.0,0.001988411050214067,0.0,0.0,0.0,0.0,0.0,0.0,0.09977497297144584,0.0
