cte,x,p,sin,x^2,px,xsin,p^2,psin,sin^2
0.0,0.001986117692985593,0.0,0.0,0.0,0.0,0.0,0.0,0.09979588106429473,0.0
