cte,x,p,sin,x^2,px,xsin,p^2,psin,sin^2,initial_theta,delta_theta
0.0,0.0,0.0,0.20330996817493435,0.0,0.0,0.0,0.0,0.01923522987567148,0.0,-10.0,0.05
