cte,x,p,sin,x^2,px,xsin,p^2,psin,sin^2
0.0,0.0019921990645452212,0.0,0.0,0.0,0.0,0.0,0.0,0.09982745399776449,0.0
