cte,x,p,sin,x^2,px,xsin,p^2,psin,sin^2
0.0,0.0019827226888230794,0.0,0.0,0.0,0.0,0.0,0.0,0.09989441599741478,0.0
