cte,x,p,sin,x^2,px,xsin,p^2,psin,sin^2
0.0,0.001992023455344322,0.0,0.0,0.0,0.0,0.0,0.0,0.09981093538082585,0.0
