cte,x,p,sin,x^2,px,xsin,p^2,psin,sin^2,initial_theta,delta_theta
0.0,0.0,0.0,0.4078375641262017,0.0,0.0,0.0,0.0,0.019793956238046147,0.0,-20.0,0.05
