cte,x,p,sin,x^2,px,xsin,p^2,psin,sin^2
0.0,0.0019868526401726283,0.0,0.0,0.0,0.0,0.0,0.0,0.9973088423238012,0.0
