cte,x,p,sin,x^2,px,xsin,p^2,psin,sin^2
0.0,0.0019924570508454385,0.0,0.0,0.0,0.0,0.0,0.0,0.09991833669053826,0.0
