cte,x,p,sin,x^2,px,xsin,p^2,psin,sin^2,initial_theta,delta_theta
0.0,0.0,0.0,0.28152451837851045,0.0,0.0,0.0,0.0,0.019850366771352983,0.0,-15.0,0.05
