cte,x,p,sin,x^2,px,xsin,p^2,psin,sin^2,initial_theta,delta_theta
0.0,0.0,0.0,0.29746116710057113,0.0,0.0,0.0,0.0,0.019936434425371078,0.0,-15.0,0.05
