cte,x,p,sin,x^2,px,xsin,p^2,psin,sin^2
0.0,0.0019876965253133577,0.0,0.0,0.0,0.0,0.0,0.0,0.09974698901900018,0.0
