cte,x,p,sin,x^2,px,xsin,p^2,psin,sin^2
0.0,0.0019913085624322624,0.0,0.0,0.0,0.0,0.0,0.0,0.09985916098451139,0.0
