cte,x,p,sin,x^2,px,xsin,p^2,psin,sin^2
0.0,0.0019928765754814674,0.0,0.0,0.0,0.0,0.0,0.0,0.09990078787734578,0.0
