cte,x,p,sin,x^2,px,xsin,p^2,psin,sin^2
0.0,0.0019915201137034456,0.0,0.0,0.0,0.0,0.0,0.0,0.09983428265512005,0.0
