cte,x,p,sin,x^2,px,xsin,p^2,psin,sin^2
0.0,0.0019898270531093273,0.0,0.0,0.0,0.0,0.0,0.0,0.9973097104582749,0.0
