cte,x,p,sin,x^2,px,xsin,p^2,psin,sin^2
0.0,0.0019983737404029693,0.0,0.0,0.0,0.0,0.0,0.0,0.9978510352426198,0.0
