cte,x,p,sin,x^2,px,xsin,p^2,psin,sin^2,initial_theta,delta_theta
0.0,0.0,0.0,0.013277517397187312,0.0,0.0,0.0,0.0,0.02006222697464568,0.0,-1.0,0.05
