cte,x,p,sin,x^2,px,xsin,p^2,psin,sin^2,initial_theta,delta_theta
0.0,0.0,0.0,0.30384385776683426,0.0,0.0,0.0,0.0,0.018734941204480195,0.0,-15.0,0.05
