cte,x,p,sin,x^2,px,xsin,p^2,psin,sin^2
0.0,0.001992256419872327,0.0,0.0,0.0,0.0,0.0,-0.0015341849565001483,0.997100563473176,0.0
