cte,x,p,sin,x^2,px,xsin,p^2,psin,sin^2
0.0,0.0019903837182762172,0.0,0.0,0.0,0.0,0.0,0.0,0.0998234786908762,0.0
