cte,x,p,sin,x^2,px,xsin,p^2,psin,sin^2
0.0,0.0019876463229690504,0.0,0.0,0.0,0.0,0.0,0.0,0.9970930376593694,0.0
