cte,x,p,sin,x^2,px,xsin,p^2,psin,sin^2
0.0,0.001987508170935097,0.0,0.0,0.0,0.0,0.0,0.0,0.9976536962526882,0.0
