cte,x,p,sin,x^2,px,xsin,p^2,psin,sin^2
0.0,0.001991838573337639,0.0,0.0,0.0,0.0,0.0,-0.0013088734459832082,0.998052063964374,0.0
