cte,x,p,sin,x^2,px,xsin,p^2,psin,sin^2
0.0,0.0019913591686269334,0.0,0.0,0.0,0.0,0.0,0.0,0.0998105206585339,0.0
