cte,x,p,sin,x^2,px,xsin,p^2,psin,sin^2,initial_theta,delta_theta
0.0,0.0,0.0,0.08483195070683687,0.0,0.0,0.0,0.0,0.09938081640089783,0.0,-1.0,0.01
