cte,x,p,sin,x^2,px,xsin,p^2,psin,sin^2,initial_theta,delta_theta
0.0,-0.2532527720038508,0.0,1497.4225712478055,0.0,-0.017018040700272616,0.0,0.0,99.82815576166928,0.0,-15.0,1e-05
