cte,x,p,sin,x^2,px,xsin,p^2,psin,sin^2
0.0,0.0019966911492665406,0.0,0.0,0.0,0.0,0.0,0.0,0.09989298823939596,0.0
