cte,x,p,sin,x^2,px,xsin,p^2,psin,sin^2
0.0,0.0019862133837577497,0.0,0.0,0.0,0.0,0.0,0.0,0.099798984664348,0.0
