cte,x,p,sin,x^2,px,xsin,p^2,psin,sin^2
0.0,0.001988958626013117,0.0,0.0,0.0,0.0,0.0,0.0,0.09980145192108196,0.0
