cte,x,p,sin,x^2,px,xsin,p^2,psin,sin^2,initial_theta,delta_theta
0.0,0.0,0.0,0.38345273744623565,0.0,0.0,0.0,0.0,0.019614885454032907,0.0,-20.0,0.05
