cte,x,p,sin,x^2,px,xsin,p^2,psin,sin^2,initial_theta,delta_theta
0.0,0.0,0.0,0.31330378938403763,0.0,0.0,0.0,0.0,0.020234792635352498,0.0,-15.0,0.05
