cte,x,p,sin,x^2,px,xsin,p^2,psin,sin^2
0.0,0.001990709604159337,-0.0016072958066054405,0.0,0.0,0.0,0.0,0.002976804803109174,0.9973091382829092,0.0
