cte,x,p,sin,x^2,px,xsin,p^2,psin,sin^2
0.0,0.001988452551267136,0.0,0.0,0.0,0.0,0.0,0.0,0.09987831997423653,0.0
