cte,x,p,sin,x^2,px,xsin,p^2,psin,sin^2
0.0,0.0019861538235277994,-0.0016336805128635457,0.0,0.0,0.0,0.0,0.003025670805242111,0.9969595583641917,0.0
