cte,x,p,sin,x^2,px,xsin,p^2,psin,sin^2
0.0,0.0019951210948913165,0.0,0.0,0.0,0.0,0.0,-0.0013242663342790098,0.9970105180251526,0.0
