cte,x,p,sin,x^2,px,xsin,p^2,psin,sin^2,initial_theta,delta_theta
0.0,0.0,0.0,0.10434425290074602,0.0,0.0,0.0,0.0,0.09950059249123369,0.0,-1.0,0.01
