cte,x,p,sin,x^2,px,xsin,p^2,psin,sin^2
0.0,0.0019902917310665904,0.0,0.0,0.0,0.0,0.0,0.0,0.09978724435976638,0.0
