cte,x,p,sin,x^2,px,xsin,p^2,psin,sin^2,initial_theta,delta_theta
0.0,0.0,0.0,0.40268449354401675,0.0,0.0,0.0,0.0,0.020810470250307155,0.0,-20.0,0.05
