cte,x,p,sin,x^2,px,xsin,p^2,psin,sin^2
0.0,0.00199070432496737,0.0,0.0,0.0,0.0,0.0,0.0,0.9970721290760498,0.0
