cte,x,p,sin,x^2,px,xsin,p^2,psin,sin^2
0.0,0.0019885323427648984,0.0,0.0,0.0,0.0,0.0,-0.0013175819651699973,0.9974468279470776,0.0
