cte,x,p,sin,x^2,px,xsin,p^2,psin,sin^2
0.0,0.0019808596025685937,0.0,0.0,0.0,0.0,0.0,0.0,0.09986013574184979,0.0
