cte,x,p,sin,x^2,px,xsin,p^2,psin,sin^2
0.0,0.001990028184420009,0.0,0.0,0.0,0.0,0.0,0.0,0.9977026405165051,0.0
