cte,x,p,sin,x^2,px,xsin,p^2,psin,sin^2,initial_theta,delta_theta
0.0,0.0,0.0,0.18824432237169125,0.0,0.0,0.0,0.0,0.19457413438272425,0.0,-1.0,0.005
