cte,x,p,sin,x^2,px,xsin,p^2,psin,sin^2
0.0,0.0019923773241401757,0.0,0.0,0.0,0.0,0.0,0.0,0.9969308703531833,0.0
