cte,x,p,sin,x^2,px,xsin,p^2,psin,sin^2,initial_theta,delta_theta
0.0,0.0,0.0,0.18976912772987514,0.0,0.0,0.0,0.0,0.02064263622900271,0.0,-10.0,0.05
