cte,x,p,sin,x^2,px,xsin,p^2,psin,sin^2
0.0,0.0019914788192293025,0.0,0.0,0.0,0.0,0.0,-0.0012702484686267618,0.9972847173499724,0.0
