cte,x,p,sin,x^2,px,xsin,p^2,psin,sin^2
0.0,0.001991918722022124,0.0,0.0,0.0,0.0,0.0,0.0,0.997850605056605,0.0
