cte,x,p,sin,x^2,px,xsin,p^2,psin,sin^2
0.0,0.0019765352683604577,0.0,0.0,0.0,0.0,0.0,0.0,0.997819234312339,0.0
