cte,x,p,sin,x^2,px,xsin,p^2,psin,sin^2
0.0,0.001990008561135433,0.0,0.0,0.0,0.0,0.0,-0.0012167558345782153,0.9973272609000942,0.0
