cte,x,p,sin,x^2,px,xsin,p^2,psin,sin^2
0.0,0.0019903397140601437,0.0,0.0,0.0,0.0,0.0,0.0,0.9979623685023447,0.0
