cte,x,p,sin,x^2,px,xsin,p^2,psin,sin^2,initial_theta,delta_theta
0.0,0.0,0.0,0.30432157971342144,0.0,0.0,0.0,0.0,0.019733493882743373,0.0,-15.0,0.05
