cte,x,p,sin,x^2,px,xsin,p^2,psin,sin^2
0.0,0.001983937904890294,0.0,0.0,0.0,0.0,0.0,0.0,0.9969873010570638,0.0
