cte,x,p,sin,x^2,px,xsin,p^2,psin,sin^2
0.0,0.001992266721960167,0.0,0.0,0.0,0.0,0.0,0.0,0.9973371467446309,0.0
