cte,x,p,sin,x^2,px,xsin,p^2,psin,sin^2
0.0,0.0019933109252722025,0.0,0.0,0.0,0.0,0.0,0.0,0.09983206278464755,0.0
