cte,x,p,sin,x^2,px,xsin,p^2,psin,sin^2
0.0,0.0019871356927716856,0.0,0.0,0.0,0.0,0.0,-0.0009161512465595958,0.998007481893109,0.0
