cte,x,p,sin,x^2,px,xsin,p^2,psin,sin^2,initial_theta,delta_theta
0.0,0.0,0.0,0.3899492738560684,0.0,0.0,0.0,0.0,0.01925018390946158,0.0,-20.0,0.05
