cte,x,p,sin,x^2,px,xsin,p^2,psin,sin^2
0.0,0.001991919004624,0.0,0.0,0.0,0.0,0.0,0.0,0.09985058487820454,0.0
