cte,x,p,sin,x^2,px,xsin,p^2,psin,sin^2
0.0,0.0019908728699319215,-0.0013698142297926621,0.0,0.0,0.0,0.0,0.002536975186435102,0.9974663280008601,0.0
