cte,x,p,sin,x^2,px,xsin,p^2,psin,sin^2
0.0,0.001990671768917031,0.0,0.0,0.0,0.0,0.0,0.0,0.9977142959713019,0.0
