cte,x,p,sin,x^2,px,xsin,p^2,psin,sin^2
0.0,0.0019944601469661775,0.0,0.0,0.0,0.0,0.0,0.0,0.0998274925643601,0.0
