cte,x,p,sin,x^2,px,xsin,p^2,psin,sin^2
0.0,0.0019940114200270105,0.0,0.0,0.0,0.0,0.0,0.0,0.09979999634609396,0.0
