cte,x,p,sin,x^2,px,xsin,p^2,psin,sin^2
0.0,0.001987508170935097,0.0,0.0,0.0,0.0,0.0,0.0,0.09986523486012895,0.0
