cte,x,p,sin,x^2,px,xsin,p^2,psin,sin^2,initial_theta,delta_theta
0.0,0.0,0.0,0.29603806996823895,0.0,0.0,0.0,0.0,0.019753273546737615,0.0,-15.0,0.05
