cte,x,p,sin,x^2,px,xsin,p^2,psin,sin^2
0.0,0.0019903431015148207,0.0,0.0,0.0,0.0,0.0,0.0,0.9971907097200529,0.0
