cte,x,p,sin,x^2,px,xsin,p^2,psin,sin^2,initial_theta,delta_theta
0.0,0.0,0.0,0.09800106309183161,0.0,0.0,0.0,0.0,0.020132187645906602,0.0,-5.0,0.05
