cte,x,p,sin,x^2,px,xsin,p^2,psin,sin^2
0.0,0.001985312393974098,0.0,0.0,0.0,0.0,0.0,0.0,0.09985568025332733,0.0
