cte,x,p,sin,x^2,px,xsin,p^2,psin,sin^2
0.0,0.001993594978667939,0.0,0.0,0.0,0.0,0.0,0.0,0.9975092743849064,0.0
