cte,x,p,sin,x^2,px,xsin,p^2,psin,sin^2
0.0,0.0019884110502140675,0.0,0.0,0.0,0.0,0.0,0.0,0.9967519799847446,0.0
