cte,x,p,sin,x^2,px,xsin,p^2,psin,sin^2
0.0,0.001987224502337525,0.0,0.0,0.0,0.0,0.0,-0.0013374326784833144,0.9974932824726019,0.0
