cte,x,p,sin,x^2,px,xsin,p^2,psin,sin^2
0.0,0.001991263726196711,0.0,0.0,0.0,0.0,0.0,0.0,0.0997877153127804,0.0
