cte,x,p,sin,x^2,px,xsin,p^2,psin,sin^2
0.0,0.001987431772541329,0.0,0.0,0.0,0.0,0.0,0.0,0.09984591423166109,0.0
