cte,x,p,sin,x^2,px,xsin,p^2,psin,sin^2
0.0,0.001994996711570443,0.0,0.0,0.0,0.0,0.0,0.0,0.9973362519167003,0.0
