cte,x,p,sin,x^2,px,xsin,p^2,psin,sin^2
0.0,0.00199288836394596,0.0,0.0,0.0,0.0,0.0,-0.001296042505851926,0.9980088842640193,0.0
