cte,x,p,sin,x^2,px,xsin,p^2,psin,sin^2
0.0,0.0019827226888230833,0.0,0.0,0.0,0.0,0.0,0.0,0.9979452158141743,0.0
