cte,x,p,sin,x^2,px,xsin,p^2,psin,sin^2
0.0,0.0019913519422778627,-0.0012641958255338937,0.0,0.0,0.0,0.0,0.002341363792582157,0.9977812543985698,0.0
