cte,x,p,sin,x^2,px,xsin,p^2,psin,sin^2
0.0,0.0019953040235416567,0.0,0.0,0.0,0.0,0.0,0.0,0.9978029133595461,0.0
