cte,x,p,sin,x^2,px,xsin,p^2,psin,sin^2
0.0,0.0019923773241401765,0.0,0.0,0.0,0.0,0.0,0.0,0.09979287991523357,0.0
