cte,x,p,sin,x^2,px,xsin,p^2,psin,sin^2,initial_theta,delta_theta
0.0,0.0,0.0,0.10814109133701136,0.0,0.0,0.0,0.0,0.019031568076585386,0.0,-5.0,0.05
