cte,x,p,sin,x^2,px,xsin,p^2,psin,sin^2,initial_theta,delta_theta
0.0,0.0,0.0,0.0994787059139826,0.0,0.0,0.0,0.0,0.09985733800181004,0.0,-1.0,0.01
