cte,x,p,sin,x^2,px,xsin,p^2,psin,sin^2
0.0,0.001989617641029845,0.0,0.0,0.0,0.0,0.0,0.0,0.09985012283694962,0.0
