cte,x,p,sin,x^2,px,xsin,p^2,psin,sin^2
0.0,0.001991359168626935,0.0,0.0,0.0,0.0,0.0,0.0,0.9971071013787542,0.0
