cte,x,p,sin,x^2,px,xsin,p^2,psin,sin^2
0.0,0.0019902437842612536,0.0,0.0,0.0,0.0,0.0,-0.0014203545000461431,0.9978406527733896,0.0
