cte,x,p,sin,x^2,px,xsin,p^2,psin,sin^2
0.0,0.001991654149422637,-0.001371682935145524,0.0,0.0,0.0,0.0,0.002540436136820929,0.9977984411870355,0.0
