cte,x,p,sin,x^2,px,xsin,p^2,psin,sin^2,initial_theta,delta_theta
0.0,0.0,0.0,0.31622549906673614,0.0,0.0,0.0,0.0,0.01898040598766417,0.0,-15.0,0.05
