cte,x,p,sin,x^2,px,xsin,p^2,psin,sin^2
0.0,0.001994487403073349,0.0,0.0,0.0,0.0,0.0,-0.0015222527841218933,0.9972770370632422,0.0
