cte,x,p,sin,x^2,px,xsin,p^2,psin,sin^2,initial_theta,delta_theta
0.0,0.0,0.0,0.20285127187443897,0.0,0.0,0.0,0.0,0.019346309000437843,0.0,-10.0,0.05
