cte,x,p,sin,x^2,px,xsin,p^2,psin,sin^2
0.0,0.0019900407055196633,0.0,0.0,0.0,0.0,0.0,0.0,0.997935659572686,0.0
