cte,x,p,sin,x^2,px,xsin,p^2,psin,sin^2
0.0,0.0019872139961667167,0.0,0.0,0.0,0.0,0.0,0.0,0.09984918845687875,0.0
