cte,x,p,sin,x^2,px,xsin,p^2,psin,sin^2
0.0,0.0019951022459591423,0.0,0.0,0.0,0.0,0.0,0.0,0.09980078599748121,0.0
