cte,x,p,sin,x^2,px,xsin,p^2,psin,sin^2
0.0,0.0019913085624322616,0.0,0.0,0.0,0.0,0.0,0.0,0.9975930182352685,0.0
