cte,x,p,sin,x^2,px,xsin,p^2,psin,sin^2
0.0,0.001991636601637086,0.0,0.0,0.0,0.0,0.0,0.0,0.0998602122356648,0.0
