cte,x,p,sin,x^2,px,xsin,p^2,psin,sin^2
0.0,0.0019915944882977245,0.0,0.0,0.0,0.0,0.0,0.0,0.9967710901494861,0.0
