cte,x,p,sin,x^2,px,xsin,p^2,psin,sin^2
0.0,0.0019927283380903526,0.0,0.0,0.0,0.0,0.0,0.0,0.9972284066132527,0.0
