cte,x,p,sin,x^2,px,xsin,p^2,psin,sin^2
0.0,0.0019893220471000244,0.0,0.0,0.0,0.0,0.0,-0.0011574384724577528,0.9974593727472215,0.0
