cte,x,p,sin,x^2,px,xsin,p^2,psin,sin^2
0.0,0.0019890657870206057,0.0,0.0,0.0,0.0,0.0,0.0,0.9977867711499185,0.0
