cte,x,p,sin,x^2,px,xsin,p^2,psin,sin^2
0.0,0.0019892517490519455,0.0,0.0,0.0,0.0,0.0,0.0,0.9979477178533106,0.0
