cte,x,p,sin,x^2,px,xsin,p^2,psin,sin^2,initial_theta,delta_theta
0.0,0.0,0.0,0.20796172405681387,0.0,0.0,0.0,0.0,0.20399436787687192,0.0,-1.0,0.005
