cte,x,p,sin,x^2,px,xsin,p^2,psin,sin^2,initial_theta,delta_theta
0.0,0.0,0.0,0.37835211797479523,0.0,0.0,0.0,0.0,0.01832223447024927,0.0,-20.0,0.05
