cte,x,p,sin,x^2,px,xsin,p^2,psin,sin^2,initial_theta,delta_theta
0.0,0.0,0.0,0.30075269094482654,0.0,0.0,0.0,0.0,0.0191780844962255,0.0,-15.0,0.05
