cte,x,p,sin,x^2,px,xsin,p^2,psin,sin^2
0.0,0.0019870670332513742,0.0,0.0,0.0,0.0,0.0,0.0,0.9968869127367522,0.0
