cte,x,p,sin,x^2,px,xsin,p^2,psin,sin^2
0.0,0.00199030516734429,0.0,0.0,0.0,0.0,0.0,-0.0010205995995934704,0.9968747230917432,0.0
