cte,x,p,sin,x^2,px,xsin,p^2,psin,sin^2
0.0,0.001991567590394936,0.0,0.0,0.0,0.0,0.0,0.0,0.9973941900687251,0.0
