cte,x,p,sin,x^2,px,xsin,p^2,psin,sin^2,initial_theta,delta_theta
0.0,0.0,0.0,0.09600008342291623,0.0,0.0,0.0,0.0,0.019257984199514664,0.0,-5.0,0.05
