cte,x,p,sin,x^2,px,xsin,p^2,psin,sin^2
0.0,0.0019949967115704403,0.0,0.0,0.0,0.0,0.0,0.0,0.09983345865032024,0.0
