cte,x,p,sin,x^2,px,xsin,p^2,psin,sin^2
0.0,0.0019906717689170284,0.0,0.0,0.0,0.0,0.0,0.0,0.09987130089802823,0.0
