cte,x,p,sin,x^2,px,xsin,p^2,psin,sin^2
0.0,0.0019894452143742153,0.0,0.0,0.0,0.0,0.0,0.0,0.09978864869235202,0.0
