cte,x,p,sin,x^2,px,xsin,p^2,psin,sin^2,initial_theta,delta_theta
0.0,0.0,0.0,0.29212902111384204,0.0,0.0,0.0,0.0,0.019827670056001927,0.0,-15.0,0.05
