cte,x,p,sin,x^2,px,xsin,p^2,psin,sin^2,initial_theta,delta_theta
0.0,0.22262018776286233,0.0,-1996.840712468077,0.0,-0.011030311816866452,0.0,0.0,99.84204507475357,0.0,20.0,1e-05
