cte,x,p,sin,x^2,px,xsin,p^2,psin,sin^2
0.0,0.00198710421491912,0.0,0.0,0.0,0.0,0.0,0.0,0.09989224641038637,0.0
