cte,x,p,sin,x^2,px,xsin,p^2,psin,sin^2
0.0,0.001988531695664922,-0.0016015861977319251,0.0,0.0,0.0,0.0,0.0029662302771785547,0.9974249859742529,0.0
