cte,x,p,sin,x^2,px,xsin,p^2,psin,sin^2
0.0,0.0019894287106968383,0.0,0.0,0.0,0.0,0.0,0.0,0.9974179959441577,0.0
