cte,x,p,sin,x^2,px,xsin,p^2,psin,sin^2
0.0,0.0019916365754022555,0.0,0.0,0.0,0.0,0.0,0.0,0.09987972384695619,0.0
