cte,x,p,sin,x^2,px,xsin,p^2,psin,sin^2,initial_theta,delta_theta
0.0,0.0,0.0,0.11004970795118955,0.0,0.0,0.0,0.0,0.020649689094243258,0.0,-5.0,0.05
