cte,x,p,sin,x^2,px,xsin,p^2,psin,sin^2
0.0,0.0019885216252556004,0.0,0.0,0.0,0.0,0.0,0.0,0.0998445266070233,0.0
