cte,x,p,sin,x^2,px,xsin,p^2,psin,sin^2,initial_theta,delta_theta
0.0,0.0,0.0,0.19825922572604454,0.0,0.0,0.0,0.0,0.01990166443428493,0.0,-10.0,0.05
