cte,x,p,sin,x^2,px,xsin,p^2,psin,sin^2
0.0,0.0019880799541368978,0.0,0.0,0.0,0.0,0.0,0.0,0.09985028155526948,0.0
