cte,x,p,sin,x^2,px,xsin,p^2,psin,sin^2
0.0,0.0019967097153623654,0.0,0.0,0.0,0.0,0.0,-0.0013290672645318166,0.9979310096501587,0.0
