cte,x,p,sin,x^2,px,xsin,p^2,psin,sin^2
0.0,0.001985376531879204,0.0,0.0,0.0,0.0,0.0,0.0,0.09988260035981798,0.0
