cte,x,p,sin,x^2,px,xsin,p^2,psin,sin^2
0.0,0.0019902277634080983,0.0,0.0,0.0,0.0,0.0,0.0,0.09988396091964488,0.0
