cte,x,p,sin,x^2,px,xsin,p^2,psin,sin^2
0.0,0.0019825001915688154,0.0,0.0,0.0,0.0,0.0,0.0,0.09986365034886915,0.0
