cte,x,p,sin,x^2,px,xsin,p^2,psin,sin^2
0.0,0.0019912716527270362,0.0,0.0,0.0,0.0,0.0,-0.0007795920157149907,0.9968792931217303,0.0
