cte,x,p,sin,x^2,px,xsin,p^2,psin,sin^2,initial_theta,delta_theta
0.0,0.0,0.0,0.30806739834371977,0.0,0.0,0.0,0.0,0.02008180363042652,0.0,-15.0,0.05
