cte,x,p,sin,x^2,px,xsin,p^2,psin,sin^2
0.0,0.0019875172301485455,0.0,0.0,0.0,0.0,0.0,0.0,0.09986376193017743,0.0
