cte,x,p,sin,x^2,px,xsin,p^2,psin,sin^2,initial_theta,delta_theta
0.0,0.0,0.0,0.19834149077581642,0.0,0.0,0.0,0.0,0.019293592146866642,0.0,-10.0,0.05
