cte,x,p,sin,x^2,px,xsin,p^2,psin,sin^2
0.0,0.001994295066200234,0.0,0.0,0.0,0.0,0.0,0.0,0.9972569573160533,0.0
