cte,x,p,sin,x^2,px,xsin,p^2,psin,sin^2
0.0,0.001988958626013118,0.0,0.0,0.0,0.0,0.0,0.0,0.9970165046916096,0.0
