cte,x,p,sin,x^2,px,xsin,p^2,psin,sin^2
0.0,0.0019877234030742687,0.0,0.0,0.0,0.0,0.0,0.0,0.09981575155031207,0.0
