cte,x,p,sin,x^2,px,xsin,p^2,psin,sin^2
0.0,0.0019874533593677284,0.0,0.0,0.0,0.0,0.0,0.0,0.09977232898133784,0.0
