cte,x,p,sin,x^2,px,xsin,p^2,psin,sin^2
0.0,0.0019923299783188037,0.0,0.0,0.0,0.0,0.0,0.0,0.09989676495836519,0.0
