cte,x,p,sin,x^2,px,xsin,p^2,psin,sin^2,initial_theta,delta_theta
0.0,0.0,0.0,0.03105978548929481,0.0,0.0,0.0,0.0,0.02002681458300082,0.0,-1.0,0.05
