cte,x,p,sin,x^2,px,xsin,p^2,psin,sin^2
0.0,0.001990720374822368,0.0,0.0,0.0,0.0,0.0,0.0,0.09977829315276239,0.0
