cte,x,p,sin,x^2,px,xsin,p^2,psin,sin^2
0.0,0.001991919004624001,0.0,0.0,0.0,0.0,0.0,0.0,0.9975073429332637,0.0
