cte,x,p,sin,x^2,px,xsin,p^2,psin,sin^2
0.0,0.001986852640172629,0.0,0.0,0.0,0.0,0.0,0.0,0.09983071494732737,0.0
