cte,x,p,sin,x^2,px,xsin,p^2,psin,sin^2
0.0,0.00199194728865509,0.0,0.0,0.0,0.0,0.0,-0.0013518536900170364,0.9971861555672468,0.0
