cte,x,p,sin,x^2,px,xsin,p^2,psin,sin^2
0.0,0.0019911065593793214,-0.0013482350872198116,0.0,0.0,0.0,0.0,0.0024970093661573875,0.996848549250541,0.0
