cte,x,p,sin,x^2,px,xsin,p^2,psin,sin^2
0.0,0.0019922476228772137,0.0,0.0,0.0,0.0,0.0,0.0,0.09984831158559802,0.0
