cte,x,p,sin,x^2,px,xsin,p^2,psin,sin^2
0.0,0.0019921990645452204,0.0,0.0,0.0,0.0,0.0,0.0,0.9972762654376678,0.0
