cte,x,p,sin,x^2,px,xsin,p^2,psin,sin^2
0.0,0.0019871173486546035,0.0,0.0,0.0,0.0,0.0,0.0,0.09977894694500358,0.0
