cte,x,p,sin,x^2,px,xsin,p^2,psin,sin^2
0.0,0.0019923559319294662,-0.0013953754359530821,0.0,0.0,0.0,0.0,0.0025843160187754215,0.9979686988699039,0.0
