cte,x,p,sin,x^2,px,xsin,p^2,psin,sin^2
0.0,0.001990343101514822,0.0,0.0,0.0,0.0,0.0,0.0,0.09981888986186724,0.0
