cte,x,p,sin,x^2,px,xsin,p^2,psin,sin^2
0.0,0.001991646527150668,0.0,0.0,0.0,0.0,0.0,-0.0012411358345695044,0.997603550276144,0.0
