cte,x,p,sin,x^2,px,xsin,p^2,psin,sin^2
0.0,0.0019903397140601463,0.0,0.0,0.0,0.0,0.0,0.0,0.09989613298321778,0.0
