cte,x,p,sin,x^2,px,xsin,p^2,psin,sin^2,initial_theta,delta_theta
0.0,0.0,0.0,0.19130114866847733,0.0,0.0,0.0,0.0,0.019042794875591913,0.0,-10.0,0.05
