cte,x,p,sin,x^2,px,xsin,p^2,psin,sin^2
0.0,0.00199159448829772,0.0,0.0,0.0,0.0,0.0,0.0,0.09977688590084938,0.0
