cte,x,p,sin,x^2,px,xsin,p^2,psin,sin^2
0.0,0.0019903837182762185,0.0,0.0,0.0,0.0,0.0,0.0,0.9972365521218536,0.0
