cte,x,p,x^2,px,p^2,x^3,px^2,p^2x,p^3,x^4,px^3,p^2x^2,p^3x,p^4
1.0000000084095748,4.5000000049514615,0.2002001995868462,0.0,-0.15015015037378443,0.0,-1.0000000001741285,0.0,0.0,0.0,0.0,0.0,0.0,0.0,0.0
