cte,x,p,x^2,px,p^2,x^3,px^2,p^2x,p^3,x^4,px^3,p^2x^2,p^3x,p^4
0.8000000085130778,4.500000005589058,0.22022021964234986,0.0,-0.15015015039073654,0.0,-1.0000000003298561,0.0,0.0,0.0,0.0,0.0,0.0,0.0,0.0
