cte,x,a,b,x^2,ax,bx,a^2,ab,b^2,x^3,ax^2,bx^2,a^2x,abx,b^2x,a^3,a^2b,ab^2,b^3,x^4,ax^3,bx^3,a^2x^2,abx^2,b^2x^2,a^3x,a^2bx,ab^2x,b^3x,a^4,a^3b,a^2b^2,ab^3,b^4
0.0,0.0,0.0,0.0,0.0,0.0,0.0,0.0,0.0,0.0,0.0,0.0,0.0,0.0,0.0,0.0,0.0,0.0,0.0,0.0,0.57631599516186,0.21188417343186738,0.0607528064034627,0.0,0.034619344816161766,-0.07113249558733778,0.0,-0.03911855814372175,0.0,0.0,0.0,0.0,0.0,0.0,0.0
