cte,x,p,x^2,px,p^2,x^3,px^2,p^2x,p^3,x^4,px^3,p^2x^2,p^3x,p^4,x^5,px^4,p^2x^3,p^3x^2,p^4x,p^5,x^6,px^5,p^2x^4,p^3x^3,p^4x^2,p^5x,p^6
0.0,0.0,0.0,-1.0668921377866,0.0,0.0,-2.572558878066688,0.0,0.0,0.0,-2.010098837651396,0.0,0.0,0.0,0.0,-0.6551286065834947,0.0,0.0,0.0,0.0,0.0,-0.07726363766714657,0.0,0.0,0.0,0.0,0.0,0.0
