cte,x,p,x^2,px,p^2,x^3,px^2,p^2x,p^3,x^4,px^3,p^2x^2,p^3x,p^4,x^5,px^4,p^2x^3,p^3x^2,p^4x,p^5,x^6,px^5,p^2x^4,p^3x^3,p^4x^2,p^5x,p^6
0.0,0.0,0.0,-1.265605398999802,0.0,0.0,-3.040338852266679,0.0,0.0,0.0,-2.4108092317001772,0.0,0.0,0.0,0.0,-0.8020656244048011,0.0,0.0,0.0,0.0,0.0,-0.09681310458717923,0.0,0.0,0.0,0.0,0.0,0.0
