cte,x,p,x^2,px,p^2,x^3,px^2,p^2x,p^3,x^4,px^3,p^2x^2,p^3x,p^4,x^5,px^4,p^2x^3,p^3x^2,p^4x,p^5,x^6,px^5,p^2x^4,p^3x^3,p^4x^2,p^5x,p^6
0.0,0.0,0.0,-0.8832677675433827,0.0,0.0,-2.130128420721795,0.0,0.0,0.0,-1.6283423521153042,0.0,0.0,0.0,0.0,-0.515782635895363,0.0,0.0,0.0,0.0,0.0,-0.05895102753955894,0.0,0.0,0.0,0.0,0.0,0.0
