cte,x,p,sin,x^2,px,xsin,p^2,psin,sin^2,x^3,px^2,x^2sin,p^2x,pxsin,xsin^2,p^3,p^2sin,psin^2,sin^3,x^4,px^3,x^3sin,p^2x^2,px^2sin,x^2sin^2,p^3x,p^2xsin,pxsin^2,xsin^3,p^4,p^3sin,p^2sin^2,psin^3,sin^4
0.0,0.0,0.0,0.0,0.0,0.02990271218094552,0.0,-0.013320105136709112,0.9955500559968619,0.0,0.0,0.0,0.0,-0.11961977497636023,0.0,0.0,0.059314177381070525,0.024847088696685192,0.0,0.0,0.0,0.0,0.0,0.0,0.0,0.0,0.139259232737025,0.0,0.0,0.0,-0.06885842745497583,-0.07365213632892727,0.0,0.0,0.0
