cte,x,p,sin,x^2,px,xsin,p^2,psin,sin^2,x^3,px^2,x^2sin,p^2x,pxsin,xsin^2,p^3,p^2sin,psin^2,sin^3,x^4,px^3,x^3sin,p^2x^2,px^2sin,x^2sin^2,p^3x,p^2xsin,pxsin^2,xsin^3,p^4,p^3sin,p^2sin^2,psin^3,sin^4
0.0,0.0,-0.11034739858103425,0.0,0.0,0.0,0.0,0.8231686652612088,1.0304519091286772,0.0,0.0,0.0,0.0,0.0,0.0,0.0,-1.4702267087545826,-0.1655161066942637,0.021429884923900338,0.0,0.0,0.0,0.0,0.0,0.0,0.0,0.0,0.0,0.0,0.0,0.4755573564283877,0.4331473274931288,-0.08892582475366148,0.0,0.0
