cte,x,p,sin,x^2,px,xsin,p^2,psin,sin^2,x^3,px^2,x^2sin,p^2x,pxsin,xsin^2,p^3,p^2sin,psin^2,sin^3,x^4,px^3,x^3sin,p^2x^2,px^2sin,x^2sin^2,p^3x,p^2xsin,pxsin^2,xsin^3,p^4,p^3sin,p^2sin^2,psin^3,sin^4
0.0,0.0019870835621700936,-0.003690961036459179,0.0,0.0,0.0,0.0,0.025836485632369708,0.995840303121065,0.0,0.0,0.0,0.0,0.0,0.0,0.0,-0.06889708791399994,0.032169320542158916,0.0,0.0,0.0,0.0,0.0,0.0,0.0,0.0,0.0,0.0,0.0,0.0,0.062007379122122085,-0.08659855838031781,0.0,0.0,0.0
