cte,x,p,sin,x^2,px,xsin,p^2,psin,sin^2,x^3,px^2,x^2sin,p^2x,pxsin,xsin^2,p^3,p^2sin,psin^2,sin^3,x^4,px^3,x^3sin,p^2x^2,px^2sin,x^2sin^2,p^3x,p^2xsin,pxsin^2,xsin^3,p^4,p^3sin,p^2sin^2,psin^3,sin^4
0.0,0.0019908745744281415,-0.003745883796901428,0.0,0.0,0.0,0.0,0.026220941359030123,1.0012911476642647,0.0,0.0,0.0,0.0,0.0,0.0,0.0,-0.06992230010187803,-0.02407197468646536,0.0,0.0,0.0,0.0,0.0,0.0,0.0,0.0,0.0,0.0,0.0,0.0,0.06293007009048585,0.033832589715103764,0.0,0.0,0.0
