cte,x,p,sin,x^2,px,xsin,p^2,psin,sin^2,x^3,px^2,x^2sin,p^2x,pxsin,xsin^2,p^3,p^2sin,psin^2,sin^3,x^4,px^3,x^3sin,p^2x^2,px^2sin,x^2sin^2,p^3x,p^2xsin,pxsin^2,xsin^3,p^4,p^3sin,p^2sin^2,psin^3,sin^4
0.0,0.0,0.0,-0.01218675826504559,0.0,0.0,0.0,0.0,1.0002026431934228,-0.017744375791622597,0.0,0.0,0.0,0.05887683163107238,0.0,0.0,0.0,0.30233070092720604,0.08915387826207308,0.0,0.0,0.0,0.0,0.0,0.0,0.0,-0.10919480289351842,0.0,0.0,0.0,0.0,-0.5580095479917453,-0.11347720844173335,0.0,0.0
