cte,x,p,sin,x^2,px,xsin,p^2,psin,sin^2,x^3,px^2,x^2sin,p^2x,pxsin,xsin^2,p^3,p^2sin,psin^2,sin^3,x^4,px^3,x^3sin,p^2x^2,px^2sin,x^2sin^2,p^3x,p^2xsin,pxsin^2,xsin^3,p^4,p^3sin,p^2sin^2,psin^3,sin^4
-0.010549405695940999,0.0,0.08609842459688613,0.036060856549928355,0.0,0.027567762703519173,0.0,-0.3708178471329935,0.6076141572196155,0.01119736384227735,0.0,0.0,0.0,-0.10635113808462233,0.0,0.0,1.0832937726389655,1.2963404212260468,-0.06652458485301586,0.0,0.0,0.0,0.0,0.0,0.0,0.0,0.12107471451970052,0.0,0.0,0.0,-1.2405565266847476,-1.35457943775416,0.09204121159540919,0.0,0.0
