cte,x,p,sin,x^2,px,xsin,p^2,psin,sin^2,x^3,px^2,x^2sin,p^2x,pxsin,xsin^2,p^3,p^2sin,psin^2,sin^3,x^4,px^3,x^3sin,p^2x^2,px^2sin,x^2sin^2,p^3x,p^2xsin,pxsin^2,xsin^3,p^4,p^3sin,p^2sin^2,psin^3,sin^4
0.0,0.0,0.0,0.0,0.0,0.0,0.0,0.36880156012606136,0.9844900756140317,0.0,0.0,0.0,0.0,0.0,0.0,0.0,-1.7745521029476987,0.04864711533835697,-0.01524334693229885,0.0,0.0,0.0,0.0,0.0,0.0,0.0,0.027620800655492307,0.0,0.0,0.0,2.0851210920659264,-0.04902265831167092,0.04424725045354623,0.0,0.0
