cte,x,p,sin,x^2,px,xsin,p^2,psin,sin^2,x^3,px^2,x^2sin,p^2x,pxsin,xsin^2,p^3,p^2sin,psin^2,sin^3,x^4,px^3,x^3sin,p^2x^2,px^2sin,x^2sin^2,p^3x,p^2xsin,pxsin^2,xsin^3,p^4,p^3sin,p^2sin^2,psin^3,sin^4
0.0,0.0,0.0,0.0,0.0,0.02985145971858711,0.0,0.0,1.0001385123532716,0.0,0.0,0.0,0.0,-0.11891930736684975,0.0,0.0,0.0,-0.020461745551032626,0.0,0.0,0.0,0.0,0.0,0.0,0.0,0.0,0.13788154769560185,0.0,0.0,0.0,0.0,0.03482665351034215,0.0,0.0,0.0
