cte,x,p,sin,x^2,px,xsin,p^2,psin,sin^2,x^3,px^2,x^2sin,p^2x,pxsin,xsin^2,p^3,p^2sin,psin^2,sin^3,x^4,px^3,x^3sin,p^2x^2,px^2sin,x^2sin^2,p^3x,p^2xsin,pxsin^2,xsin^3,p^4,p^3sin,p^2sin^2,psin^3,sin^4
0.0,0.0,0.0,-0.010152431677795084,0.0,0.029227543843996118,0.0,0.0,1.1378087474641447,0.0,0.0,0.0,0.0,-0.1151045930785724,0.0,0.0,0.0,-0.5297085072671306,0.0,0.0,0.0,0.0,0.0,0.0,0.0,0.0,0.13295451785261658,0.0,0.0,0.0,0.0,0.592231881321423,0.0,0.0,0.0
