cte,x,p,sin,x^2,px,xsin,p^2,psin,sin^2,x^3,px^2,x^2sin,p^2x,pxsin,xsin^2,p^3,p^2sin,psin^2,sin^3,x^4,px^3,x^3sin,p^2x^2,px^2sin,x^2sin^2,p^3x,p^2xsin,pxsin^2,xsin^3,p^4,p^3sin,p^2sin^2,psin^3,sin^4
0.0,0.0,0.38169170246419126,0.0,0.0,0.0,0.0,-2.56622729334252,0.9160925125486564,0.0,0.0,0.0,0.0,0.055577162539303095,0.0,0.0,5.223435887195628,0.5625869836328973,-0.05909444854376738,0.0,0.0,0.0,0.0,0.0,0.0,0.0,-0.10196649085480407,0.0,0.0,0.0,-3.1970998377481292,-0.8929100292879629,0.22932417295038585,0.0,0.0
