cte,x,p,sin,x^2,px,xsin,p^2,psin,sin^2,x^3,px^2,x^2sin,p^2x,pxsin,xsin^2,p^3,p^2sin,psin^2,sin^3,x^4,px^3,x^3sin,p^2x^2,px^2sin,x^2sin^2,p^3x,p^2xsin,pxsin^2,xsin^3,p^4,p^3sin,p^2sin^2,psin^3,sin^4
0.0,0.0,0.0,0.0,0.0,0.03016950620799675,0.0,-0.015539496295441636,0.9719495038555176,0.0,0.0,0.0,0.0,-0.120896809608716,0.0,0.0,0.06932705729587173,0.31338660084807884,0.0,0.0,0.0,0.0,0.0,0.0,0.0,0.0,0.13979746472403462,0.0,0.0,0.0,-0.08041762340056481,-0.7987760849967666,0.0,0.0,0.0
