cte,x,p,sin,x^2,px,xsin,p^2,psin,sin^2,x^3,px^2,x^2sin,p^2x,pxsin,xsin^2,p^3,p^2sin,psin^2,sin^3,x^4,px^3,x^3sin,p^2x^2,px^2sin,x^2sin^2,p^3x,p^2xsin,pxsin^2,xsin^3,p^4,p^3sin,p^2sin^2,psin^3,sin^4
0.0,0.0,0.0,0.015163201733678086,0.0,0.0,0.0,0.0,0.8424895398356231,0.0,0.0,0.0,0.0,0.05868338713524876,0.0,0.0,0.0,0.5736699358277704,-0.013337659071503357,0.0,0.0,0.0,0.0,0.0,0.0,0.0,-0.10976570958659015,0.0,0.0,0.0,0.0,-0.7619384474073421,0.05388266827721715,0.0,0.0
