cte,x,p,sin,x^2,px,xsin,p^2,psin,sin^2,x^3,px^2,x^2sin,p^2x,pxsin,xsin^2,p^3,p^2sin,psin^2,sin^3,x^4,px^3,x^3sin,p^2x^2,px^2sin,x^2sin^2,p^3x,p^2xsin,pxsin^2,xsin^3,p^4,p^3sin,p^2sin^2,psin^3,sin^4
0.0,0.0,0.0,0.011117761113322385,0.0,0.03053533732080482,0.0,0.0,0.8408380172273798,0.0,0.0,0.0,0.0,-0.12300689677174413,0.0,0.0,0.0,0.5715012394060603,0.0,0.0,0.0,0.0,0.0,0.0,0.0,0.0,0.14273737908611886,0.0,0.0,0.0,0.0,-0.552322354231055,0.0,0.0,0.0
