cte,x,p,sin,x^2,px,xsin,p^2,psin,sin^2,x^3,px^2,x^2sin,p^2x,pxsin,xsin^2,p^3,p^2sin,psin^2,sin^3,x^4,px^3,x^3sin,p^2x^2,px^2sin,x^2sin^2,p^3x,p^2xsin,pxsin^2,xsin^3,p^4,p^3sin,p^2sin^2,psin^3,sin^4
0.0,0.0,-0.08961359326644225,0.0,0.0,0.0,0.0,-0.7281672570302494,0.9555740698483017,0.0,0.0,0.0,0.0,0.0,0.0,0.0,4.4477718326572795,0.728696216179485,0.0,0.0,0.0,0.0,0.0,0.0,0.0,0.0,0.0,-0.011955443728015389,0.0,0.0,-5.476001394205805,-2.1525030966178638,0.12681950788157612,0.0,0.0
