cte,x,p,sin,x^2,px,xsin,p^2,psin,sin^2,x^3,px^2,x^2sin,p^2x,pxsin,xsin^2,p^3,p^2sin,psin^2,sin^3,x^4,px^3,x^3sin,p^2x^2,px^2sin,x^2sin^2,p^3x,p^2xsin,pxsin^2,xsin^3,p^4,p^3sin,p^2sin^2,psin^3,sin^4
0.0,0.0,0.0,0.0,0.0,0.0,0.0,-0.3280190864933184,0.8606949141497934,0.0,0.0,0.0,0.0,0.0568583605595861,0.0,0.0,1.389419281069694,0.8019526000251056,0.013348843721059024,0.0,0.0,0.0,0.0,0.0,0.0,0.0,-0.1045953094429699,0.0,0.0,0.0,-1.4472680568368987,-1.0970244754846914,-0.031657767084963595,0.0,0.0
