cte,x,p,sin,x^2,px,xsin,p^2,psin,sin^2,x^3,px^2,x^2sin,p^2x,pxsin,xsin^2,p^3,p^2sin,psin^2,sin^3,x^4,px^3,x^3sin,p^2x^2,px^2sin,x^2sin^2,p^3x,p^2xsin,pxsin^2,xsin^3,p^4,p^3sin,p^2sin^2,psin^3,sin^4
0.0,0.0,0.0,0.0,0.0,0.0,0.0,0.0,0.9586537605386327,0.0,0.0,0.0,0.0,0.06007559950767649,0.0,0.0,0.0,0.27802024518312324,0.0,0.0,0.0,0.0,0.0,0.0,0.0,0.0,-0.11236892980209043,0.0,0.0,0.0,0.0,-0.4600131921670093,0.0,0.0,0.0
