cte,x,p,sin,x^2,px,xsin,p^2,psin,sin^2,x^3,px^2,x^2sin,p^2x,pxsin,xsin^2,p^3,p^2sin,psin^2,sin^3,x^4,px^3,x^3sin,p^2x^2,px^2sin,x^2sin^2,p^3x,p^2xsin,pxsin^2,xsin^3,p^4,p^3sin,p^2sin^2,psin^3,sin^4
0.0,0.0,0.0,0.0,0.0,0.0,0.0,0.0,0.7736279884291596,0.0,0.0,0.0,0.0,0.059612799137554996,0.0,0.0,-0.018805583718893012,1.5758614389511885,0.0,0.0,0.0,0.0,0.0,0.0,0.0,0.0,-0.11196262847422293,0.0,0.0,0.0,0.037321712179087745,-2.6334598360706014,0.0,0.0,0.0
