cte,x,p,sin,x^2,px,xsin,p^2,psin,sin^2,x^3,px^2,x^2sin,p^2x,pxsin,xsin^2,p^3,p^2sin,psin^2,sin^3,x^4,px^3,x^3sin,p^2x^2,px^2sin,x^2sin^2,p^3x,p^2xsin,pxsin^2,xsin^3,p^4,p^3sin,p^2sin^2,psin^3,sin^4
0.0,0.0,0.0,0.0,0.0,0.029714128714960823,0.0,-0.01478702607022042,1.0309906094804029,0.0,0.0,0.0,0.0,-0.11694189791285702,0.0,0.0,0.06556347344548807,-0.3065460882430617,0.0,0.0,0.0,0.0,0.0,0.0,0.0,0.0,0.133547196264855,0.0,0.0,0.0,-0.07568789380963128,0.591670406574404,0.0,0.0,0.0
