cte,x,p,sin,x^2,px,xsin,p^2,psin,sin^2,x^3,px^2,x^2sin,p^2x,pxsin,xsin^2,p^3,p^2sin,psin^2,sin^3,x^4,px^3,x^3sin,p^2x^2,px^2sin,x^2sin^2,p^3x,p^2xsin,pxsin^2,xsin^3,p^4,p^3sin,p^2sin^2,psin^3,sin^4
0.0,0.0,0.0,0.0,0.0,0.029863299929453108,0.0,-0.014802738745822192,1.004708011044948,0.0,0.0,0.0,0.0,-0.11881960293280133,0.0,0.0,0.06581024936807897,-0.06442176306691084,0.0,0.0,0.0,0.0,0.0,0.0,0.0,0.0,0.13761003763143428,0.0,0.0,0.0,-0.07627045292142633,0.11178408358672899,0.0,0.0,0.0
