cte,x,p,sin,x^2,px,xsin,p^2,psin,sin^2,x^3,px^2,x^2sin,p^2x,pxsin,xsin^2,p^3,p^2sin,psin^2,sin^3,x^4,px^3,x^3sin,p^2x^2,px^2sin,x^2sin^2,p^3x,p^2xsin,pxsin^2,xsin^3,p^4,p^3sin,p^2sin^2,psin^3,sin^4
0.011054171045168535,0.0,-0.06118435259704925,0.0,0.0,0.0,0.0,0.16981832820004716,0.882492224947302,-0.019595853746234345,0.0,0.0,0.0,0.060259566999750276,0.0,0.0,-0.2083246946443769,0.6910440743501907,0.05864767770750963,0.0,0.0,0.0,0.0,0.0,0.0,0.0,-0.11334288363816737,0.0,0.0,0.0,0.0,-0.9742732491320556,-0.029206609248483208,0.0,0.0
