cte,x,p,sin,x^2,px,xsin,p^2,psin,sin^2,x^3,px^2,x^2sin,p^2x,pxsin,xsin^2,p^3,p^2sin,psin^2,sin^3,x^4,px^3,x^3sin,p^2x^2,px^2sin,x^2sin^2,p^3x,p^2xsin,pxsin^2,xsin^3,p^4,p^3sin,p^2sin^2,psin^3,sin^4
0.0,0.0,0.0,0.0,0.0,0.0,0.0,0.0,1.0196840831463714,0.0,0.0,0.0,0.0,0.05769034357547546,0.0,0.0,0.0,-0.12208182414679696,-0.016233236348809087,0.0,0.0,0.0,0.0,0.0,0.0,0.0,-0.10730829074798069,0.0,0.0,0.0,0.0,0.1214232418909686,0.05416543208568013,0.0,0.0
