cte,x,p,sin,x^2,px,xsin,p^2,psin,sin^2,x^3,px^2,x^2sin,p^2x,pxsin,xsin^2,p^3,p^2sin,psin^2,sin^3,x^4,px^3,x^3sin,p^2x^2,px^2sin,x^2sin^2,p^3x,p^2xsin,pxsin^2,xsin^3,p^4,p^3sin,p^2sin^2,psin^3,sin^4,initial_theta,delta_theta
0.0,0.0,0.0,-16.892155764693932,0.0,-0.017499728842824955,0.0,0.0,8.824828923441162,0.0,0.0,0.0,0.0,0.040800176432473065,0.0,0.0,0.0,13.038879702583927,0.0,0.0,0.0,0.0,0.0,0.0,0.0,0.0,-0.02130359056278126,0.0,0.0,0.0,0.0,-4.971469859561517,0.0,0.0,0.0,1.0,5e-05
