cte,x,p,sin,x^2,px,xsin,p^2,psin,sin^2,x^3,px^2,x^2sin,p^2x,pxsin,xsin^2,p^3,p^2sin,psin^2,sin^3,x^4,px^3,x^3sin,p^2x^2,px^2sin,x^2sin^2,p^3x,p^2xsin,pxsin^2,xsin^3,p^4,p^3sin,p^2sin^2,psin^3,sin^4
0.0,0.0,0.1215378852215317,0.0,0.0,0.0,0.0,-0.3795271252465674,1.2359830621636656,0.0,0.0,0.0,0.0,0.0,0.0,0.0,-0.38122501840058,-0.8620407748687714,-0.012841630707147554,0.0,0.0,0.0,0.0,0.0,0.0,0.0,0.0,0.0,0.0,0.0,1.3611451388127644,0.6399559475781789,0.0,-0.01161684324458792,0.0
