cte,x,p,sin,x^2,px,xsin,p^2,psin,sin^2,x^3,px^2,x^2sin,p^2x,pxsin,xsin^2,p^3,p^2sin,psin^2,sin^3,x^4,px^3,x^3sin,p^2x^2,px^2sin,x^2sin^2,p^3x,p^2xsin,pxsin^2,xsin^3,p^4,p^3sin,p^2sin^2,psin^3,sin^4
0.0,0.0,0.015406525584755096,0.0,0.0,0.0,0.0,0.0,1.0150669492801734,0.0,0.0,0.0,0.0,0.06004572165075007,0.0,0.0,-0.07334004886889865,-0.09411031081857463,-0.013575011025570127,0.0,0.0,0.0,0.0,0.0,0.0,0.0,-0.11213786164805388,0.0,0.0,0.0,0.0,0.11033019104391419,0.031006902529901414,0.0,0.0
