cte,x,p,sin,x^2,px,xsin,p^2,psin,sin^2,x^3,px^2,x^2sin,p^2x,pxsin,xsin^2,p^3,p^2sin,psin^2,sin^3,x^4,px^3,x^3sin,p^2x^2,px^2sin,x^2sin^2,p^3x,p^2xsin,pxsin^2,xsin^3,p^4,p^3sin,p^2sin^2,psin^3,sin^4
0.0,0.0,0.0,0.0,0.0,0.0,0.0,0.0,0.709569977095679,0.0,0.0,0.0,0.0,0.061268979045221945,0.0,0.0,0.0,1.8912659413276773,0.012297972740972605,0.0,0.0,0.0,0.0,0.0,0.0,0.0,-0.11498356585551012,0.0,0.0,0.0,0.0,-2.923882866755095,-0.04336576210440374,0.0,0.0
