cte,x,p,sin,x^2,px,xsin,p^2,psin,sin^2,x^3,px^2,x^2sin,p^2x,pxsin,xsin^2,p^3,p^2sin,psin^2,sin^3,x^4,px^3,x^3sin,p^2x^2,px^2sin,x^2sin^2,p^3x,p^2xsin,pxsin^2,xsin^3,p^4,p^3sin,p^2sin^2,psin^3,sin^4
-0.015447847634071263,0.0,0.04752434161593673,0.0,0.0,0.0,0.0,0.0,1.0627470030821646,0.0,0.0,0.0,0.0,0.0,0.0,0.0,0.0,-0.13389406140254398,0.08656870616397173,0.0,0.0,0.0,0.0,0.0,0.0,0.0,0.0,0.0,0.0,0.0,0.0,0.05598735059219559,-0.22508188015327546,0.0,0.0
