cte,x,p,sin,x^2,px,xsin,p^2,psin,sin^2,x^3,px^2,x^2sin,p^2x,pxsin,xsin^2,p^3,p^2sin,psin^2,sin^3,x^4,px^3,x^3sin,p^2x^2,px^2sin,x^2sin^2,p^3x,p^2xsin,pxsin^2,xsin^3,p^4,p^3sin,p^2sin^2,psin^3,sin^4
0.0,0.0,0.0,0.0,0.0,0.030440575134072827,0.0,-0.018281088278653972,1.0133032192234999,0.0,0.0,0.0,0.0,-0.12250912083063707,0.0,0.0,0.0816284578951055,-0.18784927164586693,0.0,0.0,0.0,0.0,0.0,0.0,0.0,0.0,0.14264342775708572,0.0,0.0,0.0,-0.09485797309109831,0.44895876119980005,0.0,0.0,0.0
