cte,x,p,sin,x^2,px,xsin,p^2,psin,sin^2,x^3,px^2,x^2sin,p^2x,pxsin,xsin^2,p^3,p^2sin,psin^2,sin^3,x^4,px^3,x^3sin,p^2x^2,px^2sin,x^2sin^2,p^3x,p^2xsin,pxsin^2,xsin^3,p^4,p^3sin,p^2sin^2,psin^3,sin^4
0.0,0.0,0.0,-0.017412143329196383,0.0,0.029167756585835078,0.0,-0.016532307103769746,1.2527271422251829,0.0,0.0,0.0,0.0,-0.11320461127419432,0.0,0.0,0.072844999533622,-0.9853042221652087,0.0,0.0,0.0,0.0,0.0,0.0,0.0,0.0,0.12938929251603734,0.0,0.0,0.0,-0.08392556182104957,1.1199534005005551,0.0,0.0,0.0
