cte,x,p,sin,x^2,px,xsin,p^2,psin,sin^2,x^3,px^2,x^2sin,p^2x,pxsin,xsin^2,p^3,p^2sin,psin^2,sin^3,x^4,px^3,x^3sin,p^2x^2,px^2sin,x^2sin^2,p^3x,p^2xsin,pxsin^2,xsin^3,p^4,p^3sin,p^2sin^2,psin^3,sin^4
0.0,0.0,0.14236771725143677,0.0,0.0,0.0,0.0,-0.8551820844373986,1.0736982558386543,0.0,0.0,0.0,0.0,0.05726666936108975,0.0,0.0,1.357415274180323,-0.4384658353540633,-0.021940921240213632,0.0,0.0,0.0,0.0,0.0,0.0,0.0,-0.10609804298465135,0.0,0.0,0.0,-0.4123643288544206,0.5479318685664063,0.08184785510124618,0.0,0.0
