cte,x,p,sin,x^2,px,xsin,p^2,psin,sin^2,x^3,px^2,x^2sin,p^2x,pxsin,xsin^2,p^3,p^2sin,psin^2,sin^3,x^4,px^3,x^3sin,p^2x^2,px^2sin,x^2sin^2,p^3x,p^2xsin,pxsin^2,xsin^3,p^4,p^3sin,p^2sin^2,psin^3,sin^4,initial_theta,delta_theta
0.0,-5.896768798379498,0.0,-18.572914897119006,0.0,17.55544672763136,0.0,0.0,10.39027523211466,0.0,0.0,0.0,0.0,-17.414827460116253,0.0,0.0,0.0,14.840672279792562,0.0,0.0,0.0,0.0,0.0,0.0,0.0,0.0,5.758157894065934,0.0,0.0,0.0,0.0,-6.658414192657889,0.0,0.0,0.0,1.0,5e-05
