cte,x,p,sin,x^2,px,xsin,p^2,psin,sin^2,x^3,px^2,x^2sin,p^2x,pxsin,xsin^2,p^3,p^2sin,psin^2,sin^3,x^4,px^3,x^3sin,p^2x^2,px^2sin,x^2sin^2,p^3x,p^2xsin,pxsin^2,xsin^3,p^4,p^3sin,p^2sin^2,psin^3,sin^4
0.0,0.0,0.041960750999570445,0.017803682080042474,0.0,0.02896205419857238,0.0,-0.17107154860562138,0.7975656351102948,0.0,0.0,0.0,0.0,-0.1104445369020157,0.0,0.0,0.1703638643533215,0.4286172511559644,0.0,0.0,0.0,0.0,0.0,0.0,0.0,0.0,0.12313243113618728,0.0,0.0,0.0,0.0,0.0,-0.022311484236970252,0.0,0.0
