cte,x,p,sin,x^2,px,xsin,p^2,psin,sin^2,x^3,px^2,x^2sin,p^2x,pxsin,xsin^2,p^3,p^2sin,psin^2,sin^3,x^4,px^3,x^3sin,p^2x^2,px^2sin,x^2sin^2,p^3x,p^2xsin,pxsin^2,xsin^3,p^4,p^3sin,p^2sin^2,psin^3,sin^4
0.0,0.0,0.0,-0.010312444207483638,0.0,0.0,0.0,0.0,1.0477163234487736,0.0,0.0,0.0,0.0,0.0591770447738749,0.0,0.0,0.0,0.01975516847978551,0.0,0.0,0.0,0.0,0.0,0.0,0.0,0.0,-0.11038887505853925,0.0,0.0,0.0,0.0,-0.2143871743069222,0.0,0.0,0.0
