cte,x,p,x^2,px,p^2,x^3,px^2,p^2x,p^3,x^4,px^3,p^2x^2,p^3x,p^4,x^5,px^4,p^2x^3,p^3x^2,p^4x,p^5,x^6,px^5,p^2x^4,p^3x^3,p^4x^2,p^5x,p^6
0.0,0.0,0.0,-3.7319253081888784,0.0,0.0,-7.6604715274157495,0.0,0.0,0.0,-5.661274268017498,0.0,0.0,0.0,0.0,-1.8178333880477986,0.0,0.0,0.0,0.0,0.0,-0.21563751424699382,0.0,0.0,0.0,0.0,0.0,0.0
