cte,x,p,x^2,px,p^2,x^3,px^2,p^2x,p^3,x^4,px^3,p^2x^2,p^3x,p^4,x^5,px^4,p^2x^3,p^3x^2,p^4x,p^5,x^6,px^5,p^2x^4,p^3x^3,p^4x^2,p^5x,p^6
0.0,0.0,0.0,-3.093954975232662,0.0,0.0,-5.8888581863970755,0.0,0.0,0.0,-4.025145907607126,0.0,0.0,0.0,0.0,-1.1942573256117075,0.0,0.0,0.0,0.0,0.0,-0.1308504337803278,0.0,0.0,0.0,0.0,0.0,0.0
