cte,x,a,b,x^2,ax,bx,a^2,ab,b^2,x^3,ax^2,bx^2,a^2x,abx,b^2x,a^3,a^2b,ab^2,b^3
0.0,0.013487105988271762,0.0,0.0,0.02853756760218892,0.05195326407739897,0.030797995156886887,0.0,0.03146198260273869,0.0,-0.21678132383753548,-0.07658390151247768,0.2207903714552896,-0.04738583813362073,0.32522842022361126,-0.10163212145904614,-0.029953092888602748,0.06692890617451526,0.11726419163379272,-0.09866329839017972
