cte,x,a,b,x^2,ax,bx,a^2,ab,b^2,x^3,ax^2,bx^2,a^2x,abx,b^2x,a^3,a^2b,ab^2,b^3
0.0,0.0,0.0,0.0,0.0,0.025426983616058087,0.0,0.03418400033508376,0.018451656705423154,-0.015595118311383865,-0.06665751717975597,-0.06070992154298328,0.11913510492397983,0.0898100941549421,0.05034404167613309,-0.14043244606895608,0.0,0.1044098203217333,-0.038976178598464445,-0.061799035561477485
