cte,x,p,x^2,px,p^2,x^3,px^2,p^2x,p^3
1.999999979172681,5.499999742574075,0.020020017653724173,0.0,-0.05005004766032999,0.0,-0.9999999458543414,0.0,0.0,0.0
