cte,x,p,x^2,px,p^2,x^3,px^2,p^2x,p^3
1.5999985326309474,6.499998267223542,0.028028039698596817,0.0,-0.07007005300351,0.0,-0.9999998075132809,0.0,0.0,0.0
