cte,x,a,b,x^2,ax,bx,a^2,ab,b^2,x^3,ax^2,bx^2,a^2x,abx,b^2x,a^3,a^2b,ab^2,b^3
0.0,0.022490895953285028,0.0,0.0,0.07447186851977461,0.055415877840813976,0.07999327170427721,0.0,0.026720552884620122,0.0,-0.40567690966821235,0.10043549926340216,0.355185464447761,-0.030961584756509977,0.3775645781388491,0.09247203518103958,0.0,0.07272146332651346,0.08808022383770876,-0.04290044648186148
