cte,x,p,x^2,px,p^2,x^3,px^2,p^2x,p^3
2.540159576450877,8.4026299185511,0.0,-0.9051090617471307,-0.12953939821227778,0.0,-1.204575343967072,0.0,0.0,0.0
