cte,x,p,x^2,px,p^2,x^3,px^2,p^2x,p^3
-4.831843206112985,9.224068002240413,0.21670570995548674,5.150069114947759,0.0,0.0,0.26705900750228323,0.0,0.0,0.0
