cte,x,a,b,x^2,ax,bx,a^2,ab,b^2,x^3,ax^2,bx^2,a^2x,abx,b^2x,a^3,a^2b,ab^2,b^3
0.0,0.01121058185204962,0.0,0.0,0.0,0.03988776289521512,0.010212718830132724,0.0,0.03604100228943473,-0.02331417115040824,-0.08964124161871972,-0.03700618212453353,0.1240527718546308,0.1308308589980597,0.0778184834711042,-0.14638617764029443,0.0,0.15722071915226649,-0.07598599545731041,-0.04741182270680391
