cte,x,p,x^2,px,p^2,x^3,px^2,p^2x,p^3
-3.288957689934077,9.491398039863727,0.19000694482789898,5.1970323407847125,0.0,0.0,0.27797897309147535,0.0,0.0,0.0
