cte,x,p,x^2,px,p^2,x^3,px^2,p^2x,p^3
1.551999487476793,2.997166835824403,0.0,-2.147122277448855,-0.05725138906042373,0.0,-1.5302693449747398,0.0,0.0,0.0
