cte,x,p,x^2,px,p^2,x^3,px^2,p^2x,p^3
0.9999999068588148,8.000001300008641,0.04004005060722649,0.0,-0.10010011696333569,0.0,-1.000000174426008,0.0,0.0,0.0
