cte,x,a,b,x^2,ax,bx,a^2,ab,b^2,x^3,ax^2,bx^2,a^2x,abx,b^2x,a^3,a^2b,ab^2,b^3
0.0,0.0,0.0,0.0,0.0,0.03276783559056359,0.0,0.012160573416788948,0.02210631664567043,0.0,-0.09571149625006595,-0.07040447343108334,0.1323989380151301,0.04605847626436368,0.1634590462990721,-0.16233362281759442,-0.01645083525414021,0.1026494220138848,0.020923780321034716,-0.08755666030098115
