cte,x,a,b,x^2,ax,bx,a^2,ab,b^2,x^3,ax^2,bx^2,a^2x,abx,b^2x,a^3,a^2b,ab^2,b^3
0.0,0.0,0.0,0.0,0.010338897019164019,0.03710729399528871,0.010509149749129722,0.011118117284597427,0.02418537210646459,0.0,-0.11748641940022668,-0.07897493240969701,0.14881674067007727,0.020929135755462954,0.20818214433949025,-0.15775299695148856,-0.02254239153526379,0.09324603319118864,0.05039746391302474,-0.09440572333622982
