cte,x,p,x^2,px,p^2,x^3,px^2,p^2x,p^3
0.9999995281998885,7.500000221829157,0.04004004971053535,0.0,-0.09009009379947652,0.0,-1.000000055997478,0.0,0.0,0.0
