cte,x,p,x^2,px,p^2,x^3,px^2,p^2x,p^3
1.9999994213820635,7.999999567648888,0.02002002688858593,0.0,-0.10010009580412912,0.0,-0.999999970077459,0.0,0.0,0.0
