cte,x,p,x^2,px,p^2,x^3,px^2,p^2x,p^3
2.0109904928320073,8.385801290360922,0.07267991532749452,4.065769376458804,0.0,0.0,0.044438053582572676,0.0,0.0,0.0
