cte,x,a,b,x^2,ax,bx,a^2,ab,b^2,x^3,ax^2,bx^2,a^2x,abx,b^2x,a^3,a^2b,ab^2,b^3
0.0,0.0,0.0,0.0,0.0,0.025244896993480027,0.0,0.013837735745228289,0.017475815933763912,-0.017263758808830708,-0.06784125852847965,-0.04562831722555391,0.11711693160737256,0.09888633641966584,0.02671576396843251,-0.12950243910158693,0.013446213989979873,0.1008846859346813,-0.050078065710638,-0.055420579869323874
