cte,x,p,x^2,px,p^2,x^3,px^2,p^2x,p^3
-1.5882875147621367,9.723133641715986,0.15955241175754076,5.2526922240030025,0.0,0.0,0.3017043917211728,0.0,0.0,0.0
