cte,x,a,b,x^2,ax,bx,a^2,ab,b^2,x^3,ax^2,bx^2,a^2x,abx,b^2x,a^3,a^2b,ab^2,b^3
0.0,0.0,0.0,0.0,0.0,0.027374829527419733,0.0,0.0,0.020674755180406727,-0.013707664862517708,-0.07161212436243947,-0.06307535237499588,0.11906737727724252,0.08194664002034499,0.08240499481113059,-0.15202821952231466,0.0,0.11231403503195803,-0.025017509292500784,-0.06903301390424738
