cte,x,a,b,x^2,ax,bx,a^2,ab,b^2,x^3,ax^2,bx^2,a^2x,abx,b^2x,a^3,a^2b,ab^2,b^3
0.0,0.0,0.0,0.0,0.0,0.03748166386508518,0.013594554265583553,0.01114965777023305,0.02502749909555669,0.0,-0.12005884246492278,-0.07420658374508089,0.15083712518562065,0.022936069656320713,0.21577133342283009,-0.16109401902693757,-0.024536783222898925,0.100352509769372,0.045929022041010306,-0.09320470528579716
