cte,x,p,x^2,px,p^2,x^3,px^2,p^2x,p^3
-1.2843550631864236,9.76362797045716,0.1541333622973996,5.299024800402187,0.0,0.0,0.3232833945423799,0.0,0.0,0.0
