cte,x,a,b,x^2,ax,bx,a^2,ab,b^2,x^3,ax^2,bx^2,a^2x,abx,b^2x,a^3,a^2b,ab^2,b^3
0.0,0.0,0.0,0.0,0.0,0.03143559635578985,0.0,0.03689483469455583,0.024687544799640176,-0.019745925198018682,-0.0714839115605963,-0.05680919765049165,0.12304561987605005,0.11287088520528085,0.04309924685099266,-0.1351929449119528,0.0,0.12310692283479575,-0.06217502182891918,-0.05115909957295035
