cte,x,p,x^2,px,p^2,x^3,px^2,p^2x,p^3
-7.003341989034552,-17.00710204360555,0.0,-15.213068874078537,0.0,0.0,-4.278557959594591,0.02236940925864252,0.0,0.0
