cte,x,p,x^2,px,p^2,x^3,px^2,p^2x,p^3
-0.34335424987690777,9.835523536735941,0.13626885607505612,5.223628241544655,0.0,0.0,0.2962786787135643,0.0,0.0,0.0
