cte,x,p,x^2,px,p^2,x^3,px^2,p^2x,p^3
2.000000857313764,8.500003636254169,0.020020028032724093,0.0,-0.11011015728871452,0.0,-1.0000004273285423,0.0,0.0,0.0
