cte,x,p,x^2,px,p^2,x^3,px^2,p^2x,p^3
-0.0331063097294621,9.9079478463533,0.1309852749146825,5.292799771664614,0.0,0.0,0.3236890989792051,0.0,0.0,0.0
