cte,x,a,b,x^2,ax,bx,a^2,ab,b^2,x^3,ax^2,bx^2,a^2x,abx,b^2x,a^3,a^2b,ab^2,b^3
0.0,0.017409679348571776,0.0,0.0,0.048935784811560225,0.06179706207422277,0.045869342751829446,0.0,0.03519094519835263,0.0,-0.30887576459634886,-0.05137244582583026,0.2819125184106485,-0.08176018244591418,0.36755116314675645,-0.019197035676794937,-0.024941088211760085,0.039713291136641536,0.1504861204993112,-0.08926559088974348
