cte,x,a,b,x^2,ax,bx,a^2,ab,b^2,x^3,ax^2,bx^2,a^2x,abx,b^2x,a^3,a^2b,ab^2,b^3
0.0,0.01891695992912974,0.0,0.0,0.07064270274293252,0.07200538303299853,0.05036497111417898,0.0,0.02706814075513829,0.0,-0.3819468434398664,-0.03422032076335787,0.3144998927972682,-0.09415715211680202,0.34524188607052475,0.0702548074577254,-0.013809783696367836,0.0,0.18709952710560324,-0.08118362908416744
