cte,x,a,b,x^2,ax,bx,a^2,ab,b^2,x^3,ax^2,bx^2,a^2x,abx,b^2x,a^3,a^2b,ab^2,b^3
0.0,0.0,0.0,0.0,0.0,0.035462504763023824,0.0,0.0,0.02985128843111876,-0.019270406220123985,-0.0807615251144141,-0.047284009477549696,0.12037316847267183,0.11526396115592309,0.08062192373321926,-0.14994333164908666,0.0,0.14225278858594997,-0.05860876693471849,-0.05529228682760429
