cte,x,p,x^2,px,p^2,x^3,px^2,p^2x,p^3
1.7999991669886,7.999994638298371,0.024024002495219157,0.0,-0.10010003202237333,0.0,-0.9999993117954478,0.0,0.0,0.0
