cte,x,a,b,x^2,ax,bx,a^2,ab,b^2,x^3,ax^2,bx^2,a^2x,abx,b^2x,a^3,a^2b,ab^2,b^3
0.0,0.021640931226267632,0.0,0.0,0.0638219220991574,0.057593858261147296,0.07188694211942613,0.0,0.030202762297393253,0.0,-0.3748859481053676,0.036802259444443215,0.3364301806190915,-0.06479699288576654,0.3955465235518275,0.04700050022145058,-0.014877919694154989,0.06417933964907589,0.11537951374540259,-0.06171699429263124
