cte,x,p,x^2,px,p^2,x^3,px^2,p^2x,p^3
-1.8804644474462768,9.693821811367156,0.16491768198074142,5.211888344614168,0.0,0.0,0.28169107343009897,0.0,0.0,0.0
