cte,x,a,b,x^2,ax,bx,a^2,ab,b^2,x^3,ax^2,bx^2,a^2x,abx,b^2x,a^3,a^2b,ab^2,b^3
0.0,0.0121800546328698,0.0,0.0,0.027229873726487733,0.05155302814082766,0.024892378966344858,0.0,0.03139293921469679,0.0,-0.20594815834431773,-0.08757689882326943,0.21188269496233425,-0.04562580743015942,0.30871232073371463,-0.10538582167198345,-0.0283078488837608,0.05992587384428894,0.12053460632452222,-0.10125634710667421
