cte,x,a,b,x^2,ax,bx,a^2,ab,b^2,x^3,ax^2,bx^2,a^2x,abx,b^2x,a^3,a^2b,ab^2,b^3
0.0,0.014372420800517873,0.0,0.0,0.01389303019343769,0.03886850512855865,0.0538422411050929,0.0,0.041140722578735356,0.0,-0.15946845557950362,-0.010925021461342159,0.1731878185804596,0.045242647879275774,0.29483065748882736,-0.17138767907922683,-0.04034718428804804,0.17753867023680772,-0.011920670808006593,-0.07278712667010287
