cte,x,p,x^2,px,p^2,x^3,px^2,p^2x,p^3
1.400001640120409,8.500004564557601,0.032032033956238,0.0,-0.11011016719970003,0.0,-1.0000004974677612,0.0,0.0,0.0
