cte,x,p,x^2,px,p^2,x^3,px^2,p^2x,p^3
1.3999996743479408,7.999997723042838,0.03203202204411959,0.0,-0.10010007136829391,0.0,-0.999999711969037,0.0,0.0,0.0
