cte,x,a,b,x^2,ax,bx,a^2,ab,b^2,x^3,ax^2,bx^2,a^2x,abx,b^2x,a^3,a^2b,ab^2,b^3
0.0,0.0,0.0,0.0,0.0,0.0350816693859022,0.0,0.010710957957090822,0.08841183118762892,0.0,-0.09604484715210183,-0.056745832195719215,0.11572338663898502,0.05956756393411174,0.1725989951977694,-0.18005809209747214,-0.018466205558895513,0.10590302351563223,0.0,-0.08679564859205073
