cte,x,p,x^2,px,p^2,x^3,px^2,p^2x,p^3
2.6360933884847544,8.722729703313975,0.06321341595091062,4.36567580095117,0.0,0.0,0.14590292659679766,0.0,0.0,0.0
