cte,x,a,b,x^2,ax,bx,a^2,ab,b^2,x^3,ax^2,bx^2,a^2x,abx,b^2x,a^3,a^2b,ab^2,b^3
0.0,0.02406605345435116,0.0,0.0,0.08761039341708314,0.06381330395283585,0.07742135987252928,0.0,0.03054203156964551,0.0,-0.451632529350608,0.07867092992061508,0.377919971144417,-0.05479338583438402,0.3453255367333625,0.16160096342251004,0.0,0.037186772590548596,0.12564393644407887,-0.042410349236467776
