cte,x,a,b,x^2,ax,bx,a^2,ab,b^2,x^3,ax^2,bx^2,a^2x,abx,b^2x,a^3,a^2b,ab^2,b^3
0.0,0.010204206087035272,0.0,0.0,0.0,0.0375197242102634,0.0,0.0,0.032716064738169126,-0.021143839281037278,-0.08447673263859114,-0.042646654834729354,0.12156308297835666,0.12272931849787767,0.07984994092162358,-0.1484207911874878,0.0,0.14954141538054613,-0.06707429707046636,-0.05159919043418905
