cte,x,a,b,x^2,ax,bx,a^2,ab,b^2,x^3,ax^2,bx^2,a^2x,abx,b^2x,a^3,a^2b,ab^2,b^3
0.0,0.014319444660234711,0.011075944535290724,0.0,0.059249015936685905,0.07064341494347014,0.033021911486481086,0.0,0.04735167689656441,0.0,-0.33184956527426857,-0.10034874069987264,0.27709035776211344,-0.10378002207909252,0.32468623025799387,0.01847708017588272,-0.017086231996225457,-0.019604226074746503,0.19979551415036717,-0.09842661532999164
