cte,x,a,b,x^2,ax,bx,a^2,ab,b^2,x^3,ax^2,bx^2,a^2x,abx,b^2x,a^3,a^2b,ab^2,b^3
0.0,0.010960867373000954,0.0,0.0,0.02626209717313772,0.05092361881277743,0.019725143782500187,0.0,0.03135109107301115,0.0,-0.19654185799662718,-0.09668328132188833,0.20411205152364914,-0.043789287092207155,0.2931665869290447,-0.10796725523811601,-0.026605217546530675,0.05362734529995328,0.12291559632697603,-0.1032722148626889
