cte,x,p,x^2,px,p^2,x^3,px^2,p^2x,p^3
0.20000001801067344,7.50000259985642,0.05605607593817349,0.0,-0.09009012149647748,0.0,-1.000000348967298,0.0,0.0,0.0
