cte,x,p,sum_cos(xj-xi),x^2,px,xsum_cos(xj-xi),p^2,psum_cos(xj-xi),sum_cos^2(xj-xi)
0.0,0.0,0.04292606062067756,-0.032059211152221795,0.0,0.0,0.0,-0.04016075099962238,0.0351339948577775,0.0
