cte,x,p,sum_cos(xj-xi),x^2,px,xsum_cos(xj-xi),p^2,psum_cos(xj-xi),sum_cos^2(xj-xi)
-0.022525290658790022,0.0,0.8487361654352463,0.0,0.0,0.056956298784041,0.0,-5.172748002517066,0.19456753349064915,0.0
