cte,x,p,sum_cos(xj-xi),x^2,px,xsum_cos(xj-xi),p^2,psum_cos(xj-xi),sum_cos^2(xj-xi)
0.03130551474501801,0.0,-0.32805754221140565,0.02073980042152667,0.0,-0.02076596543926639,0.0,1.5077670180994065,0.0,-0.012025086761305424
