cte,x,p,sum_cos(xj-xi),x^2,px,xsum_cos(xj-xi),p^2,psum_cos(xj-xi),sum_cos^2(xj-xi),initial_theta,delta_theta
0.03408503058738285,0.0,0.0,0.06868425851458348,0.0,0.0,0.0,0.0,0.010182718108525725,-0.040859875994874166,-10.0,0.05
