cte,x,p,sum_cos(xj-xi),x^2,px,xsum_cos(xj-xi),p^2,psum_cos(xj-xi),sum_cos^2(xj-xi)
0.057649397813238835,0.0,0.013222431242492063,0.0,0.0,0.0,0.0,-0.04382801227364854,0.0609857882952217,-0.022750220196306185
