cte,x,p,sum_cos(xj-xi),x^2,px,xsum_cos(xj-xi),p^2,psum_cos(xj-xi),sum_cos^2(xj-xi)
0.0,0.0,0.0,0.054184761294642725,0.0,0.0,0.0,0.0,0.015545773193260476,-0.030441404931513934
