cte,x,p,sum_cos(xj-xi),x^2,px,xsum_cos(xj-xi),p^2,psum_cos(xj-xi),sum_cos^2(xj-xi)
-0.02887158797284309,0.0,0.10442823034792136,0.0,0.0,0.0,0.0,-0.0662745631718772,0.049433898434859055,0.0
