cte,x,p,sum_cos(xj-xi),x^2,px,xsum_cos(xj-xi),p^2,psum_cos(xj-xi),sum_cos^2(xj-xi)
-0.09721397726078335,0.0,0.18650238896104107,0.0,0.0,-0.03722561373505962,0.0,0.0,-0.4175804839073803,0.026094996626276512
