cte,x,p,sum_cos(xj-xi),x^2,px,xsum_cos(xj-xi),p^2,psum_cos(xj-xi),sum_cos^2(xj-xi)
-0.020231497265729585,0.0,-0.5804600399997446,0.04483304703739244,0.0,0.0,0.0,2.591166634780816,-0.5311603380787225,0.024049697400968854
