cte,x,p,sum_cos(xj-xi),x^2,px,xsum_cos(xj-xi),p^2,psum_cos(xj-xi),sum_cos^2(xj-xi)
-0.1286940443690584,0.0,0.04745255086094834,0.0,0.0,0.0,0.0,0.0,-0.05774423241193974,0.03072188715381678
