cte,x,p,sum_cos(xj-xi),x^2,px,xsum_cos(xj-xi),p^2,psum_cos(xj-xi),sum_cos^2(xj-xi)
0.0,0.0,-3.211879288075263,0.03258210442578694,0.0,0.0,0.0,28.936614371562023,-1.5898050999381736,0.02832520636400486
