cte,x,p,sum_cos(xj-xi),x^2,px,xsum_cos(xj-xi),p^2,psum_cos(xj-xi),sum_cos^2(xj-xi)
0.0,0.0,-0.029061018945178745,0.11294231890995057,0.0,0.0,0.0,0.0,-0.03272799726522712,0.03633785003678006
