cte,x,p,sum_cos(xj-xi),x^2,px,xsum_cos(xj-xi),p^2,psum_cos(xj-xi),sum_cos^2(xj-xi)
0.0,0.0,-0.10031959848336691,-0.02819517610451684,0.0,0.0,0.0,0.05123746100974577,-0.030486500047085162,0.016992594716367347
