cte,x,p,sum_cos(xj-xi),x^2,px,xsum_cos(xj-xi),p^2,psum_cos(xj-xi),sum_cos^2(xj-xi)
0.0,0.0,-0.1631523327114036,0.012566251501838762,0.0,0.0,0.0,1.2186609872770764,-0.2589179864155138,0.0
