cte,x,p,sum_sin(xj-xi),x^2,px,xsum_sin(xj-xi),p^2,psum_sin(xj-xi),sum_sin^2(xj-xi)
0.0,0.0019692928087616693,0.0,0.0,0.0,0.0,0.0,-0.0027122273859280155,0.9940885178454082,0.0
