cte,x,p,sum_sin(xj-xi),x^2,px,xsum_sin(xj-xi),p^2,psum_sin(xj-xi),sum_sin^2(xj-xi)
0.0,0.0019628687285484212,-0.0022073697846377786,0.0,0.0,0.0,0.0,0.006135677281180749,0.995183754156068,0.0
