cte,x,p,sum_sin(xj-xi),x^2,px,xsum_sin(xj-xi),p^2,psum_sin(xj-xi),sum_sin^2(xj-xi),initial_theta,delta_theta
0.0,-0.7024547642404616,0.0,1984.8090609451278,0.0,-0.035223524758263125,0.0,0.0,99.24043873334254,0.0,-20.0,1e-05
