cte,x,p,sum_sin(xj-xi),x^2,px,xsum_sin(xj-xi),p^2,psum_sin(xj-xi),sum_sin^2(xj-xi),initial_theta,delta_theta
0.0,0.23987174215662949,0.0,-992.0014818905792,0.0,-0.023786680034077336,0.0,0.0,99.20016950666148,0.0,10.0,1e-05
