cte,x,p,sum_sin(xj-xi),x^2,px,xsum_sin(xj-xi),p^2,psum_sin(xj-xi),sum_sin^2(xj-xi),initial_theta,delta_theta
0.0,0.35733408181686266,0.0,-1978.9439603320172,0.0,-0.017766845797092597,0.0,0.0,98.94722266060927,0.0,20.0,1e-05
