cte,x,p,sum_sin(xj-xi),x^2,px,xsum_sin(xj-xi),p^2,psum_sin(xj-xi),sum_sin^2(xj-xi)
0.0,0.0019754309628014005,0.0,0.0,0.0,0.0,0.0,-0.002923968462994071,0.995114660117502,0.0
