cte,x,p,sum_sin(xj-xi),x^2,px,xsum_sin(xj-xi),p^2,psum_sin(xj-xi),sum_sin^2(xj-xi),initial_theta,delta_theta
0.0,0.3988199603854769,0.0,-1987.300225093891,0.0,-0.019841137961215016,0.0,0.0,99.36502308362716,0.0,20.0,1e-05
