cte,x,p,sum_sin(xj-xi),x^2,px,xsum_sin(xj-xi),p^2,psum_sin(xj-xi),sum_sin^2(xj-xi)
0.0,0.0019723988443553107,0.0,0.0,0.0,0.0,0.0,-0.0035021043187550643,0.9914776927751976,0.0
