cte,x,p,sum_sin(xj-xi),x^2,px,xsum_sin(xj-xi),p^2,psum_sin(xj-xi),sum_sin^2(xj-xi),initial_theta,delta_theta
0.0,0.3051377076815376,0.0,-1486.5026083238404,0.0,-0.020209190172767587,0.0,0.0,99.10019773617663,0.0,15.0,1e-05
