cte,x,p,x^2,px,p^2,initial_theta,delta_theta
10.849166516317018,8.120626596992023,10.775552474658767,3.96058277198282,0.015103918174909746,-0.11154056975586603,-1.0,0.0005
