cte,x,p,x^2,px,p^2
1.243485587476815,8.859828894838001,0.47199698921257194,4.168235206107683,0.0,0.0
