cte,x,p,x^2,px,p^2
-11.957875719093865,6.120674122475967,1.5143392093924974,3.8835325782700267,0.0,0.0
