cte,x,p,x^2,px,p^2
-14.168668815591047,5.87574522498244,1.7004032910358546,3.8993203060159853,0.0,0.0
