cte,x,p,x^2,px,p^2
-12.699457133054494,4.795320187085683,1.4877376403457025,3.529696853616088,0.0,0.0
