cte,x,p,x^2,px,p^2
-15.524139761348517,5.000305040511081,1.7604875814804628,3.7064620051896195,0.0,0.0
