cte,x,p,x^2,px,p^2
1.3892945553620548,8.458142042352184,0.4289709467421515,4.027905705316966,0.0,0.0
