cte,x,p,x^2,px,p^2
0.331467009809584,7.316377777410424,0.4584998317188012,3.6753933226277278,0.0,0.0
