cte,x,p,x^2,px,p^2
-16.44009139793899,5.653016793831438,1.8937742641122348,3.9209758437020645,0.0,0.0
