cte,x,p,x^2,px,p^2
-1.8468170204931555,7.615165760993356,0.6832341534515999,3.8945756630363517,0.0,0.0
