cte,x,p,x^2,px,p^2,initial_theta,delta_theta
5.7178257716236525,8.551888106998128,5.16662383709759,4.20696764778882,-0.9945918076676726,0.23707294618502206,-1.0,0.001
