cte,x,p,x^2,px,p^2,initial_theta,delta_theta
-2.2067340988380124,10.849056604095068,1.8777227543257013,4.692708996466092,-0.4399162657310364,0.0355035273139032,-1.0,0.005
