cte,x,p,x^2,px,p^2
-16.263358012266952,5.522013674045495,1.8673396915234861,3.8790115780556205,0.0,0.0
