cte,x,p,x^2,px,p^2
-13.998036548743038,5.739442567431137,1.6742493565739267,3.8550219699568102,0.0,0.0
