cte,x,p,x^2,px,p^2
-13.6466182941403,5.467385492329856,1.6215865614530047,3.7647971115724546,0.0,0.0
