cte,x,p,x^2,px,p^2,initial_theta,delta_theta
5.807854241430496,9.111868360122896,13.067948080117386,4.762763551917203,-2.2007261997433694,0.9395644810555668,-1.0,0.001
