cte,x,p,x^2,px,p^2
1.470708918671796,8.256568719388914,0.40719518819743566,3.954445631696493,0.0,0.0
