cte,x,p,x^2,px,p^2,initial_theta,delta_theta
5.8438402148909345,9.216068024122132,14.981322416582513,4.800370642916427,-1.8413766172108694,0.7718228545659062,-1.0,0.001
