cte,x,p,x^2,px,p^2
-1.458138606768313,7.0959753174198905,0.6121659555548493,3.7005024856944484,0.0,0.0
