cte,x,p,x^2,px,p^2,initial_theta,delta_theta
14.007054755106909,7.927518041350319,16.82937124166474,4.37506663224838,-1.7823779265411048,0.9497295747151755,-1.0,0.0005
