cte,x,p,x^2,px,p^2
-10.725946257138919,5.134931487282676,1.3307370988514182,3.5425159769341197,0.0,0.0
