cte,x,p,x^2,px,p^2,initial_theta,delta_theta
20.05982464888023,7.538386701633248,29.633428426305006,4.737004712631982,-3.3265805306959653,2.608079319257481,-1.0,0.0005
