cte,x,p,x^2,px,p^2
-2.7549544581732404,6.243247600972147,0.678579605259121,3.4801943697047144,0.0,0.0
