cte,x,p,x^2,px,p^2,initial_theta,delta_theta
5.914097176477753,9.047218585460993,9.745915169915627,4.56480787766312,-1.4714960036093816,0.498140570959783,-1.0,0.001
