cte,x,p,x^2,px,p^2,initial_theta,delta_theta
14.36026421450263,8.018639643617062,17.48093971013164,4.384157256648799,-1.6353007139517208,0.8603742371706133,-1.0,0.0005
