cte,x,p,x^2,px,p^2,initial_theta,delta_theta
16.467495715180963,7.146355029486087,22.558347665421685,4.629177947274607,-3.8613525639578516,2.8874443867936432,-1.0,0.0005
