cte,x,p,x^2,px,p^2,initial_theta,delta_theta
10.076343098004916,7.601748405724506,9.296800521422233,4.04186857212504,-1.320655042026081,0.4904203229259476,-1.0,0.0005
