cte,x,p,x^2,px,p^2,initial_theta,delta_theta
16.11316686326816,7.053313466608115,21.912346784835794,4.6256382353999514,-4.034029923294726,3.030329598220214,-1.0,0.0005
