cte,x,p,x^2,px,p^2,initial_theta,delta_theta
8.199338177514194,7.494773028471404,6.197762335007759,3.5756411877442176,0.2156684266567725,-0.25444392774338104,-1.0,0.0005
