cte,x,p,x^2,px,p^2,initial_theta,delta_theta
11.544826163383405,7.2849136449886664,12.227902460254445,4.336736543765662,-2.9616744167908164,1.673193729861036,-1.0,0.0005
