cte,x,p,x^2,px,p^2,initial_theta,delta_theta
14.035210508828571,7.02357555261014,17.573151340855336,4.544624461322366,-3.9874176369020753,2.786475684027411,-1.0,0.0005
