cte,x,p,x^2,px,p^2,initial_theta,delta_theta
5.2896443296778255,7.891554505740027,5.448197016167267,3.8418494927699456,0.4345059774378495,-0.09564774651307244,-1.0,0.001
