cte,x,p,x^2,px,p^2
-7.108895153973052,6.075579302322153,1.0643478168500078,3.6607796436198377,0.0,0.0
