cte,x,p,x^2,px,p^2,initial_theta,delta_theta
5.876010276292534,9.14367602347136,12.367323762933406,4.714725995496824,-1.8806365387801316,0.7466283452103807,-1.0,0.001
