cte,x,p,x^2,px,p^2,initial_theta,delta_theta
13.654067167715892,7.836216906388692,16.17624887214198,4.36674012615805,-1.9342907914681375,1.0423145352337255,-1.0,0.0005
