cte,x,p,x^2,px,p^2,initial_theta,delta_theta
5.723059752677378,8.594462766819756,6.276416192057751,4.233665275835338,-0.7555634402544081,0.17365032945532755,-1.0,0.001
