cte,x,p,x^2,px,p^2
-5.722950163109795,7.021473484872041,1.0033983495746324,3.8876961666930363,0.0,0.0
