cte,x,p,x^2,px,p^2,initial_theta,delta_theta
17.214500367337813,6.795470118715355,24.529094529971324,4.68897813089307,-4.570971729161779,3.703893477700905,-1.0,0.0005
