cte,x,p,x^2,px,p^2,initial_theta,delta_theta
12.524360719072325,7.9321893577810725,13.899852248015804,4.243993011399288,-1.361195126833965,0.614719684935807,-1.0,0.0005
