cte,x,p,x^2,px,p^2,initial_theta,delta_theta
5.803084873181861,9.079681271499767,12.288743116506097,4.750821688974923,-2.3574346876481065,1.0137297189825805,-1.0,0.001
