cte,x,p,x^2,px,p^2
-8.42947154106361,5.222860728588053,1.128133548806906,3.4583352489307657,0.0,0.0
