cte,x,p,x^2,px,p^2
-3.920467377323483,7.555823719315319,0.8740933572316063,3.9713377840392274,0.0,0.0
