cte,x,p,x^2,px,p^2
-5.28977309279116,6.540532125689147,0.9292232033792728,3.7181399515988414,0.0,0.0
