cte,x,p,x^2,px,p^2,initial_theta,delta_theta
20.52700028333284,7.098085390345176,31.156304234594018,4.776678564248425,-4.103902386118043,3.4789502168592525,-1.0,0.0005
