cte,x,p,x^2,px,p^2
-0.8012315868642632,6.460748342381286,0.514705089497908,3.4304882082062913,0.0,0.0
