cte,x,p,x^2,px,p^2
-4.627419571582433,5.915264304276003,0.8279943350618171,3.4789050996694892,0.0,0.0
