cte,x,p,x^2,px,p^2,initial_theta,delta_theta
18.24560154165756,7.606359923292438,25.779905849702317,4.658377720217006,-3.0742765432657437,2.2447166034664323,-1.0,0.0005
