cte,x,p,x^2,px,p^2
0.4789621513567285,7.149326281454724,0.4349990815648007,3.6040615818628425,0.0,0.0
