cte,x,p,x^2,px,p^2
-4.804100718796789,6.06841897180109,0.8535676881551756,3.5399891082514596,0.0,0.0
