cte,x,p,x^2,px,p^2
-1.963326149825763,7.790437583009481,0.706573225810754,3.956727567005323,0.0,0.0
