cte,x,p,x^2,px,p^2,initial_theta,delta_theta
5.590565132811395,8.369949492179359,5.823682702455741,4.102162443917515,-0.3745634895910341,0.05992518868416914,-1.0,0.001
