cte,x,p,x^2,px,p^2,initial_theta,delta_theta
15.759434856856759,6.959949025823106,21.265888082942663,4.623036514026436,-4.212546880708222,3.178691967806337,-1.0,0.0005
