cte,x,p,x^2,px,p^2,initial_theta,delta_theta
14.71362249135402,8.109488679807809,18.131099567426173,4.393849699347433,-1.4924162444013902,0.7737015234162462,-1.0,0.0005
