cte,x,p,x^2,px,p^2
0.0,2.4566877074914366,0.19371723265527072,1.1612747867591289,0.0,0.0
