cte,x,p,x^2,px,p^2
-3.3925308506839786,6.88697286199039,0.7777389018863503,3.734048718576287,0.0,0.0
