cte,x,p,x^2,px,p^2,initial_theta,delta_theta
19.70294878625276,7.447088902632588,28.996225913017554,4.729185320465302,-3.4680820201668228,2.7308461950216785,-1.0,0.0005
