cte,x,p,x^2,px,p^2,initial_theta,delta_theta
10.295083607678981,8.215417628307893,9.897337465666164,3.8125122854643556,0.764637766389312,-0.3508988280088229,-1.0,0.0005
