cte,x,p,x^2,px,p^2
-13.46546612288963,5.33181521090479,1.5950728564684418,3.718866036628727,0.0,0.0
