cte,x,p,x^2,px,p^2
-15.900512678275344,5.2605496459414605,1.8141406360575134,3.793679450824812,0.0,0.0
