cte,x,p,x^2,px,p^2,initial_theta,delta_theta
17.533327072467785,7.423491007317295,24.492983026789155,4.644745479543291,-3.3754226435854306,2.4890374945820573,-1.0,0.0005
