cte,x,p,x^2,px,p^2
1.657837212765726,7.858300944416736,0.3630663676021237,3.801660973049744,0.0,0.0
