cte,x,p,x^2,px,p^2,initial_theta,delta_theta
17.1776786538021,7.331579213735175,23.848448998573648,4.638985669562738,-3.5332097995726017,2.6180882623845148,-1.0,0.0005
