cte,x,p,x^2,px,p^2,initial_theta,delta_theta
5.5592636982323835,8.288057393841353,4.759259549944637,4.056897579688771,-0.5867935358897968,0.1068420890985692,-1.0,0.001
