cte,x,p,x^2,px,p^2
-16.083546365029097,5.39116829206659,1.840795791474041,3.836580260080201,0.0,0.0
