cte,x,p,x^2,px,p^2,initial_theta,delta_theta
18.75150462878542,6.62714307936432,28.001649041419164,4.7458278599700074,-4.87872219609877,4.211172122259336,-1.0,0.0005
