cte,x,p,x^2,px,p^2
-3.667211179784318,7.220490442947086,0.8262433920808775,3.854978327952115,0.0,0.0
