cte,x,p,x^2,px,p^2
-1.1552755130664847,6.764721601008052,0.5638436748012421,3.566060315306119,0.0,0.0
