cte,x,p,x^2,px,p^2,initial_theta,delta_theta
0.5450672128264243,8.829205429010527,4.932648390719678,4.07190952365861,-0.5145969136925403,0.091096767791669,0.0,0.001
