cte,x,p,x^2,px,p^2,initial_theta,delta_theta
21.240022615803614,7.28293781022272,32.41883958143698,4.792052929626308,-3.819568214682886,3.213884846123723,-1.0,0.0005
