cte,x,p,x^2,px,p^2,initial_theta,delta_theta
17.889301894818484,7.515033987944439,25.136916817042625,4.651157784774901,-3.222205251799706,2.364274928270344,-1.0,0.0005
