cte,x,p,x^2,px,p^2
-3.0910038186242663,6.55917416561198,0.7285346829966982,3.608858219317927,0.0,0.0
