cte,x,p,x^2,px,p^2
-9.8105286350238,6.390952698778466,1.3358990107844277,3.8750541296598797,0.0,0.0
