cte,x,p,x^2,px,p^2,initial_theta,delta_theta
9.4539254317658,7.697353996594888,8.238013302746227,3.8653947228339334,-0.47150727912453905,0.05514249090108712,-1.0,0.0005
