cte,x,p,x^2,px,p^2,initial_theta,delta_theta
8.407259568536102,7.35835702623198,6.336255095927255,3.768176960402638,-0.7968211653316044,0.126144224348051,-1.0,0.0005
