cte,x,p,x^2,px,p^2,initial_theta,delta_theta
9.72774893988485,7.501084586236432,8.647532796395462,4.026206758043057,-1.468384289839085,0.5516867735622761,-1.0,0.0005
