cte,x,p,x^2,px,p^2
0.0,8.186071930334343,0.5499471467164678,3.99104033127067,0.0,0.0
