cte,x,p,x^2,px,p^2,initial_theta,delta_theta
10.151783040094694,7.912131335527924,9.507818889895347,3.9153198567020886,-0.22843853353832191,-0.024099692047490268,-1.0,0.0005
