cte,x,p,x^2,px,p^2
-11.626346142282975,5.836964673019036,1.462542631492501,3.7892567972809705,0.0,0.0
