cte,x,p,x^2,px,p^2,initial_theta,delta_theta
9.59924575566253,7.987546488593799,8.66336245827462,3.748598979325682,0.5585843855073058,-0.2942748773088826,-1.0,0.0005
