cte,x,p,x^2,px,p^2,initial_theta,delta_theta
5.122385072177186,7.5654211792455115,3.84216036053276,3.6733348217763533,0.18308912390436935,-0.06367684416353239,-1.0,0.001
