cte,x,p,x^2,px,p^2
-7.874925452616062,6.844223563843928,1.190356879276071,3.9272909507982288,0.0,0.0
