cte,x,p,x^2,px,p^2,initial_theta,delta_theta
18.27834828487348,7.077246410062172,26.444995613354592,4.702391948288506,-4.070782777552769,3.2587766886343807,-1.0,0.0005
