cte,x,p,x^2,px,p^2
0.6432006642481434,6.9934862909072075,0.41128883626079016,3.5333358235471164,0.0,0.0
