cte,x,p,x^2,px,p^2
-1.3120357319829268,6.9280016455467495,0.5881038366529928,3.633643634623705,0.0,0.0
