cte,x,p,x^2,px,p^2
-8.805696917724793,5.509547655688012,1.1809701197938498,3.5668096847607837,0.0,0.0
