cte,x,p,x^2,px,p^2
2.2129836599909467,7.172638702598774,0.27213850651097105,3.493060282901755,0.0,0.0
