cte,x,p,x^2,px,p^2,initial_theta,delta_theta
15.803123448550654,7.484287542739878,20.834790269217393,4.5590227940881265,-3.1024909954674227,2.1123731243045327,-1.0,0.0005
