cte,x,p,x^2,px,p^2,initial_theta,delta_theta
19.460211463153442,6.816954475651422,29.263170504350455,4.756553858018459,-4.556215995687356,3.9044904698629104,-1.0,0.0005
