cte,x,p,x^2,px,p^2
-11.27948669305214,5.554341911302443,1.4102296748381344,3.6924511617172144,0.0,0.0
