cte,x,p,x^2,px,p^2,initial_theta,delta_theta
8.756008575060527,7.474067951401925,6.969146541221222,3.805507656891516,-0.6993798519983924,0.1136416431170154,-1.0,0.0005
