cte,x,p,x^2,px,p^2
0.0,2.013427174801064,0.1639145735455954,0.9156222995622091,0.0,0.0
