cte,x,p,x^2,px,p^2,initial_theta,delta_theta
11.82403964948643,8.09204872885741,12.531727155209873,4.117433045815566,-0.6134215530712225,0.17819649793524414,-1.0,0.0005
