cte,x,p,x^2,px,p^2,initial_theta,delta_theta
13.579126884002982,8.210275699929102,15.847802311172627,4.278488956963731,-0.9367422872534886,0.38812532000526034,-1.0,0.0005
