cte,x,p,x^2,px,p^2
-9.493326096595817,6.095353429048757,1.2848213127597878,3.7752372868892645,0.0,0.0
