cte,x,p,x^2,px,p^2,initial_theta,delta_theta
5.907947777968932,9.086273348224951,10.22691479399619,4.633618303314933,-1.8471828807194317,0.687486874954412,-1.0,0.001
