cte,x,p,x^2,px,p^2
-11.454948825643784,5.695455647792423,1.4364521555265861,3.7411708885108244,0.0,0.0
