cte,x,p,x^2,px,p^2
-0.24644157052470284,8.222179343307438,0.5730684024456708,4.018944976917546,0.0,0.0
