cte,x,p,x^2,px,p^2
-15.132828107179938,4.741997290017686,1.7063616025555963,3.617355177957456,0.0,0.0
