cte,x,p,x^2,px,p^2
-6.766608169589701,5.77299702110074,1.0128696028864634,3.548295051687533,0.0,0.0
