cte,x,p,x^2,px,p^2,initial_theta,delta_theta
10.772052044819398,7.462824054390193,10.623797575701333,4.199629927486761,-2.1583948221142952,1.0374895751819355,-1.0,0.0005
