cte,x,p,x^2,px,p^2
-11.099697474197905,5.413768627717967,1.3838719916440387,3.6430988543809226,0.0,0.0
