cte,x,p,x^2,px,p^2,initial_theta,delta_theta
11.545927636470454,8.324406402922952,12.03934605546835,4.003591951454517,0.25303671426885516,-0.20152158166250894,-1.0,0.0005
