cte,x,p,x^2,px,p^2
1.8936229874831274,7.483181213026293,0.31808372342029145,3.6442848034446307,0.0,0.0
