cte,x,p,x^2,px,p^2
-2.927893727119732,6.399217192989307,0.7036543483740728,3.544882515358608,0.0,0.0
