cte,x,p,x^2,px,p^2,initial_theta,delta_theta
15.21938090715671,7.806033408198749,19.360170881556673,4.479861004970934,-2.3077121972819725,1.400977209972713,-1.0,0.0005
