cte,x,p,x^2,px,p^2,initial_theta,delta_theta
14.740579455318356,7.208429454895396,18.880476315489336,4.5470033778099825,-3.614001760575883,2.5000567360099395,-1.0,0.0005
