cte,x,p,x^2,px,p^2
-8.620653191745394,5.365448892677285,1.1546314402340747,3.5129119060385126,0.0,0.0
