cte,x,p,x^2,px,p^2,initial_theta,delta_theta
18.39822013567963,6.5319749504750275,2.7370274644679076,4.742249227670336,-0.5051155825684842,0.04377513725534379,-10.0,0.005
