cte,x,p,x^2,px,p^2,initial_theta,delta_theta
15.406378414180278,6.866236399902776,20.61911488482476,4.621388954134801,-4.396947685161515,3.3324896869690774,-1.0,0.0005
