cte,x,p,x^2,px,p^2
-0.9858622914912204,6.608085467498698,0.5393790098515664,3.498144098042976,0.0,0.0
