cte,x,p,x^2,px,p^2,initial_theta,delta_theta
9.250403056970082,7.8696233586743265,8.046335098613246,3.7128411027815247,0.45958185118651823,-0.27149765958022215,-1.0,0.0005
