cte,x,p,x^2,px,p^2
-3.5328463111801574,7.053300582794379,0.8020756300168198,3.7950732866517822,0.0,0.0
