cte,x,p,x^2,px,p^2,initial_theta,delta_theta
18.63397479148608,7.170411020704499,27.08309237837258,4.708348475737682,-3.9142526032005094,3.1209221403723126,-1.0,0.0005
