cte,x,p,x^2,px,p^2,initial_theta,delta_theta
5.825921039140987,9.171042930042969,2.8442342944798455,4.784257522620369,-0.396046573611531,0.03345114465651977,-5.0,0.005
