cte,x,p,x^2,px,p^2,initial_theta,delta_theta
14.511052999745429,7.624100578973469,18.054650542739857,4.46675082614519,-2.6225003708524537,1.6157648870108419,-1.0,0.0005
