cte,x,p,x^2,px,p^2,initial_theta,delta_theta
11.894783860180409,7.3769891875053615,12.889331713493734,4.338696098340619,-2.774249330610146,1.5573751847025918,-1.0,0.0005
