cte,x,p,x^2,px,p^2
0.0,4.533819151254578,0.28955630904786994,2.331050632595912,0.0,0.0
