cte,x,p,x^2,px,p^2,initial_theta,delta_theta
5.533233038620016,8.207259512956274,3.6939625370040474,4.009666101289936,-0.8080046342302191,0.15260503370858236,-1.0,0.001
