cte,x,p,x^2,px,p^2,initial_theta,delta_theta
5.722844136105069,8.534110600145876,4.4183736952500094,4.193019554947753,-1.1661418774556302,0.2821338985737562,-1.0,0.001
