cte,x,p,x^2,px,p^2,initial_theta,delta_theta
4.984921596929611,7.27320878025112,2.9336181416337515,3.510724650805608,0.08867554837773862,-0.07155519406356421,-1.0,0.001
