cte,x,p,x^2,px,p^2,initial_theta,delta_theta
15.928671814849432,7.9869917937233135,20.660705601043055,4.4959019842826375,-2.0119230346168764,1.2006181860281429,-1.0,0.0005
