cte,x,p,x^2,px,p^2
-1.7243791068106156,7.440530960808321,0.6597242098028124,3.8311051683613675,0.0,0.0
