cte,x,p,x^2,px,p^2
-4.972851721729893,6.224087673345652,0.8789596249406422,3.600269463068015,0.0,0.0
