cte,x,p,x^2,px,p^2
-4.441822934541001,5.7654143415267,0.8022332567610632,3.417126590297769,0.0,0.0
