cte,x,p,sin,x^2,px,xsin,p^2,psin,sin^2,x^3,px^2,x^2sin,p^2x,pxsin,xsin^2,p^3,p^2sin,psin^2,sin^3,x^4,px^3,x^3sin,p^2x^2,px^2sin,x^2sin^2,p^3x,p^2xsin,pxsin^2,xsin^3,p^4,p^3sin,p^2sin^2,psin^3,sin^4,x^5,px^4,x^4sin,p^2x^3,px^3sin,x^3sin^2,p^3x^2,p^2x^2sin,px^2sin^2,x^2sin^3,p^4x,p^3xsin,p^2xsin^2,pxsin^3,xsin^4,p^5,p^4sin,p^3sin^2,p^2sin^3,psin^4,sin^5
0.0,0.002374508816592936,0.0,0.0,0.0,-0.0010537429641214186,0.0,0.0,0.0,0.0,0.0,0.0,0.0,-0.028927840230678546,-0.028252741773178554,0.0,0.0,0.0,0.0,0.0,0.0,0.0,0.0,0.0,0.0013231268312131192,0.0,0.04672240381710757,0.037867663702704626,-0.002758412895779351,0.0,0.0,0.0,0.0,0.0,0.007087801231568444,0.0,0.0,0.0,0.0,0.0,0.0,0.0,0.0,0.0,0.0,0.0,0.0,0.03436163757853618,0.0065296118899900845,0.0,0.0,0.0,0.0,0.0,0.0,0.0033131407814740196
