cte,x,p,sin,x^2,px,xsin,p^2,psin,sin^2,x^3,px^2,x^2sin,p^2x,pxsin,xsin^2,p^3,p^2sin,psin^2,sin^3,x^4,px^3,x^3sin,p^2x^2,px^2sin,x^2sin^2,p^3x,p^2xsin,pxsin^2,xsin^3,p^4,p^3sin,p^2sin^2,psin^3,sin^4,x^5,px^4,x^4sin,p^2x^3,px^3sin,x^3sin^2,p^3x^2,p^2x^2sin,px^2sin^2,x^2sin^3,p^4x,p^3xsin,p^2xsin^2,pxsin^3,xsin^4,p^5,p^4sin,p^3sin^2,p^2sin^3,psin^4,sin^5
0.0,0.001997529324566152,-0.0026673343277330602,0.0,0.0,0.0,0.0,0.015330617977028442,1.0035879393389429,0.0,0.0,0.0,0.0,0.0,0.0,0.0,-0.023847241019941113,-0.060064572705325316,0.0,0.0,0.0,0.0,0.0,0.0,0.0,0.0,-0.0017825190044773681,0.0,0.0,0.0,0.007777092504057305,0.20506809827490471,-0.0005657880366491418,0.0,0.0,0.0,0.0,0.0,0.0,0.0,0.0,0.0,0.0,0.0,0.0,0.0037370385451855424,0.0,0.0,0.0,0.0,0.0,-0.23349812034349843,0.0,0.0,0.0,0.0
