cte,x,p,sin,x^2,px,xsin,p^2,psin,sin^2,x^3,px^2,x^2sin,p^2x,pxsin,xsin^2,p^3,p^2sin,psin^2,sin^3,x^4,px^3,x^3sin,p^2x^2,px^2sin,x^2sin^2,p^3x,p^2xsin,pxsin^2,xsin^3,p^4,p^3sin,p^2sin^2,psin^3,sin^4,x^5,px^4,x^4sin,p^2x^3,px^3sin,x^3sin^2,p^3x^2,p^2x^2sin,px^2sin^2,x^2sin^3,p^4x,p^3xsin,p^2xsin^2,pxsin^3,xsin^4,p^5,p^4sin,p^3sin^2,p^2sin^3,psin^4,sin^5
0.0,0.0,0.0,0.0,0.0,0.04801040025953111,0.0,0.0,0.9967550434673994,0.0,0.0,0.0,0.0,-0.33655283450931106,0.0,0.0,0.0,0.013049381997336443,0.0,0.0,0.0,0.0,0.0,0.0,0.0,0.0,0.898274072987238,0.0,0.0,0.0,0.0,-0.026150941401120394,0.0011280550053561602,0.0,0.0,0.0,0.0,0.0,0.0,0.0,0.0,0.0,0.0,0.0,0.0,-0.8097508777020438,0.0,0.0,0.0,0.0,0.0,0.0,-0.002188565817883917,0.0,0.0,0.0
