cte,x,p,sum_sin(xj-xi),x^2,px,xsum_sin(xj-xi),p^2,psum_sin(xj-xi),sum_sin^2(xj-xi),initial_theta,delta_theta
0.0,0.16562268544202938,0.0,-1493.527329037691,0.0,-0.010908162676068367,0.0,0.0,99.56850534671877,0.0,15.0,1e-05
