cte,x,p,sum_sin(xj-xi),x^2,px,xsum_sin(xj-xi),p^2,psum_sin(xj-xi),sum_sin^2(xj-xi)
0.0,0.0019819049229486702,0.0,0.0,0.0,0.0,0.0,-0.003017606203402158,0.9950649759141542,0.0
