cte,x,p,sum_sin(xj-xi),x^2,px,xsum_sin(xj-xi),p^2,psum_sin(xj-xi),sum_sin^2(xj-xi)
0.0,0.0019819704396193687,0.0,0.0,0.0,0.0,0.0,-0.0024199142610915616,0.9947328662801279,0.0
