cte,x,p,sum_sin(xj-xi),x^2,px,xsum_sin(xj-xi),p^2,psum_sin(xj-xi),sum_sin^2(xj-xi)
0.0,0.001979271844464001,-0.0020014717444983114,0.0,0.0,0.0,0.0,0.005563356351584804,0.9951546354594056,0.0
