cte,x,p,sum_sin(xj-xi),x^2,px,xsum_sin(xj-xi),p^2,psum_sin(xj-xi),sum_sin^2(xj-xi),initial_theta,delta_theta
0.0,0.22240478150041715,0.0,-1989.2794617631534,0.0,-0.011020282050909248,0.0,0.0,99.46398482887902,0.0,20.0,1e-05
