cte,x,p,sin,x^2,px,xsin,p^2,psin,sin^2,x^3,px^2,x^2sin,p^2x,pxsin,xsin^2,p^3,p^2sin,psin^2,sin^3
0.0,0.0,0.0,0.0,0.0,0.0,0.0,0.0,1.0547629880457026,0.0,0.0,0.0,0.0,0.0,0.0,0.0,0.0,-0.03696877755168769,0.0,0.0
