cte,x,p,x^2,px,p^2,x^3,px^2,p^2x,p^3
0.8000003689205859,8.000000180556713,0.22022019586853928,0.0,-0.500500507982265,0.0,-1.0000000061875527,0.0,0.0,0.0
