cte,x,a,b,x^2,ax,bx,a^2,ab,b^2,x^3,ax^2,bx^2,a^2x,abx,b^2x,a^3,a^2b,ab^2,b^3
0.0,0.0,0.0,0.0,0.10774040179167343,0.056772364661516105,0.07270074328623576,0.0,0.0,0.0,-0.5541414374128305,0.31763404540815043,0.3287852978544794,0.1240027625233231,0.21992488998340667,0.2163046832136353,0.06493250774288324,0.0846421801993133,0.0,0.0
