cte,x,a,b,x^2,ax,bx,a^2,ab,b^2,x^3,ax^2,bx^2,a^2x,abx,b^2x,a^3,a^2b,ab^2,b^3
0.0,0.0,0.0,0.0,0.10822989573840491,0.060897763859869586,0.08058295005015714,0.0,0.0,0.0,-0.5073838326649831,0.3513639826157825,0.2576593246964894,0.1401967812367907,0.28903655199702805,0.12325908036409053,0.09208741940216768,0.05943659293757285,0.0,0.0
