cte,x,a,b,x^2,ax,bx,a^2,ab,b^2,x^3,ax^2,bx^2,a^2x,abx,b^2x,a^3,a^2b,ab^2,b^3
0.0,0.0,0.0,0.0,0.04289249680367196,-0.059819228559866634,0.11651055324208091,0.0,0.0,0.0,-1.0331513046833514,-0.5038902538980965,0.4675375196242002,-0.10739988333540762,-0.21806011024732996,0.6535997929771084,0.0,0.0,0.0,0.10830214893321546
