cte,x,a,b,x^2,ax,bx,a^2,ab,b^2,x^3,ax^2,bx^2,a^2x,abx,b^2x,a^3,a^2b,ab^2,b^3
0.0,0.0,0.0,0.0,0.11085695167360815,0.060513569501400404,0.08659025844862675,0.027833386470440803,0.0,0.0,-0.5179152756590496,0.3617984443851005,0.23572244268460862,0.14372745274294726,0.30728552659277636,0.10087976574735369,0.09412657810510018,0.048785806893345045,0.0,0.0
