cte,x,a,b,x^2,ax,bx,a^2,ab,b^2,x^3,ax^2,bx^2,a^2x,abx,b^2x,a^3,a^2b,ab^2,b^3
0.0,0.0,0.0,0.0,0.10205969635541073,0.056356926290141836,0.06780533243331817,0.0,0.0,0.0,-0.4762801750018222,0.2802630568522176,0.3348674799769519,0.13844188089455284,0.20305362305913058,0.20376882562395185,0.05779985689653849,0.09195828072516628,0.0,0.0
