cte,x,p,x^2,px,p^2,x^3,px^2,p^2x,p^3
0.3999997438061759,7.499999875785982,0.26026027717513334,0.0,-0.4504504454372575,0.0,-0.999999995973567,0.0,0.0,0.0
