cte,x,a,b,x^2,ax,bx,a^2,ab,b^2,x^3,ax^2,bx^2,a^2x,abx,b^2x,a^3,a^2b,ab^2,b^3
0.0,0.0,0.0,0.0,0.11119912184905806,0.06159653131640751,0.08379583655583087,0.027197687268650756,0.0,0.0,-0.5340643371197045,0.37077050825727165,0.23789895541762118,0.14301242426565097,0.3018517069491751,0.11255376036638377,0.09272638377968562,0.05071411587643877,0.0,0.0
