cte,x,p,x^2,px,p^2,x^3,px^2,p^2x,p^3
1.399999512565988,7.499999743286639,0.16016019213799593,0.0,-0.4504504396790687,0.0,-0.9999999896888327,0.0,0.0,0.0
