cte,x,a,b,x^2,ax,bx,a^2,ab,b^2,x^3,ax^2,bx^2,a^2x,abx,b^2x,a^3,a^2b,ab^2,b^3
0.0,0.0,0.0,0.0,0.1074789913325376,0.06106979150950493,0.07672864600491144,0.0,0.0,0.0,-0.5178150231143352,0.348840241599188,0.27238874498588755,0.13676749099671281,0.2734737323809592,0.1456183123040164,0.08543580478074798,0.06585058338717395,0.0,0.0
