cte,x,a,b,x^2,ax,bx,a^2,ab,b^2,x^3,ax^2,bx^2,a^2x,abx,b^2x,a^3,a^2b,ab^2,b^3
0.0,0.0,0.0,0.0,0.0,-0.059489290680966485,0.11106069312684977,0.0,0.0,0.0,-1.03713059396299,-0.5197999040647278,0.4862981588141363,-0.11522778194125907,-0.21496715191601776,0.6494193146308945,0.0,0.0,0.0,0.10576799246829227
