cte,x,p,x^2,px,p^2,x^3,px^2,p^2x,p^3
1.200000034833305,4.000000025170345,0.18018017775136033,0.0,-0.10010010124962469,0.0,-1.0000000018366766,0.0,0.0,0.0
