cte,x,p,x^2,px,p^2,x^3,px^2,p^2x,p^3
1.4000000434202724,5.000000027833561,0.160160157268646,0.0,-0.2002002013777717,0.0,-1.000000001591708,0.0,0.0,0.0
