cte,x,a,b,x^2,ax,bx,a^2,ab,b^2,x^3,ax^2,bx^2,a^2x,abx,b^2x,a^3,a^2b,ab^2,b^3
0.0,0.0,0.0,0.0,0.10148654917737124,0.054443965584115225,0.0663583131871171,0.0,0.0,0.0,-0.4570404111728513,0.25938705097000053,0.34675131203068293,0.146605540199575,0.17903519046367086,0.2178179422443391,0.04668835145641898,0.10369720537612058,0.0,0.0
