cte,x,a,b,x^2,ax,bx,a^2,ab,b^2,x^3,ax^2,bx^2,a^2x,abx,b^2x,a^3,a^2b,ab^2,b^3
0.0,0.0,0.0,0.0,0.11507069076545047,0.061796763309788866,0.08901046626707067,0.028970997787628894,0.0,0.0,-0.545234949277773,0.3817050012568055,0.22205881448178652,0.1479410421091087,0.3149197563533484,0.09748647426276279,0.0990467302705049,0.045047732358932356,0.0,0.0
