cte,x,a,b,x^2,ax,bx,a^2,ab,b^2,x^3,ax^2,bx^2,a^2x,abx,b^2x,a^3,a^2b,ab^2,b^3
0.0,0.0,0.0,0.0,0.07014905311231895,0.04576594884826622,0.05854672430445776,0.0,0.0,0.0,-0.59735530167879,0.18623895814987224,0.22937821563871716,0.12786844540677042,0.1451403308743382,0.19938818769344593,0.029453766546127753,0.10996122164381382,0.0,0.0
