cte,x,a,b,x^2,ax,bx,a^2,ab,b^2,x^3,ax^2,bx^2,a^2x,abx,b^2x,a^3,a^2b,ab^2,b^3
0.0,0.0,0.0,0.0,0.10851815394603506,0.060584559041835094,0.08347787537415285,0.026734096162629402,0.0,0.0,-0.5049100517196364,0.353857959826428,0.24946945178036772,0.1417540628493692,0.29822642725080745,0.1112550835674149,0.08944650709864492,0.05335143296332189,0.0,0.0
