cte,x,a,b,x^2,ax,bx,a^2,ab,b^2,x^3,ax^2,bx^2,a^2x,abx,b^2x,a^3,a^2b,ab^2,b^3
0.0,0.0,0.0,0.0,0.11042086150259281,0.06097813273604596,0.08358369756134569,0.026963132990483026,0.0,0.0,-0.5192665202796259,0.3612258201485101,0.2437695063659516,0.14217925472070994,0.29951534729921436,0.11206549091626072,0.09098872969856621,0.052040566673535474,0.0,0.0
