cte,x,a,b,x^2,ax,bx,a^2,ab,b^2,x^3,ax^2,bx^2,a^2x,abx,b^2x,a^3,a^2b,ab^2,b^3
0.0,0.0,0.0,0.0,0.11442512149341703,0.06320172246350705,0.08264524806801701,0.026554936728273398,0.0,0.0,-0.5705526251106615,0.3898336290972747,0.23784249543070524,0.14155607073536486,0.2987878319335776,0.12930222065495472,0.0911575525283493,0.05375790100171815,0.0,0.0
