cte,x,p,x^2,px,p^2,x^3,px^2,p^2x,p^3
-1.78879403056606,9.033751459694148,0.7622494704224881,4.790948946591115,0.0,0.0,0.18644811408051942,0.0,0.0,0.0
