cte,x,a,b,x^2,ax,bx,a^2,ab,b^2,x^3,ax^2,bx^2,a^2x,abx,b^2x,a^3,a^2b,ab^2,b^3
0.0,0.0,0.0,0.0,0.10806135967552048,0.06104546493173421,0.07829077381900844,0.0,0.0,0.0,-0.5115275969927685,0.3496204612660282,0.2653977675355035,0.1385121722186194,0.28081074704261655,0.13471185518783454,0.08855824035640503,0.06281391776725023,0.0,0.0
