cte,x,a,b,x^2,ax,bx,a^2,ab,b^2,x^3,ax^2,bx^2,a^2x,abx,b^2x,a^3,a^2b,ab^2,b^3
0.0,0.0,0.0,0.0,0.1114943036466621,0.061934408943301884,0.07688749128302529,0.0,0.0,0.0,-0.5868245397983288,0.3718770880648931,0.28094071224169254,0.1297499736437205,0.2659052807101848,0.17973357156700553,0.08024037387237525,0.07269432334783704,0.0,0.0
