cte,x,a,b,x^2,ax,bx,a^2,ab,b^2,x^3,ax^2,bx^2,a^2x,abx,b^2x,a^3,a^2b,ab^2,b^3
0.0,0.0,0.0,0.0,0.10570596792872522,0.060565490859776264,0.07504074342369067,0.0,0.0,0.0,-0.49744071053588323,0.334151615755198,0.2834140689737181,0.13716973286574896,0.2653221018510098,0.1495406580255391,0.08132964016464844,0.06955684692572998,0.0,0.0
