cte,x,a,b,x^2,ax,bx,a^2,ab,b^2,x^3,ax^2,bx^2,a^2x,abx,b^2x,a^3,a^2b,ab^2,b^3
0.0,0.0,0.0,0.0,0.11264943576209013,0.06290426843272741,0.07934919040726214,0.0,0.0,0.0,-0.5731069674562502,0.3828756576696598,0.25444199272277185,0.13678614707212897,0.2862331153287976,0.14831416219908047,0.09031533929615138,0.0630262275114289,0.0,0.0
