cte,x,a,b,x^2,ax,bx,a^2,ab,b^2,x^3,ax^2,bx^2,a^2x,abx,b^2x,a^3,a^2b,ab^2,b^3
0.0,0.0,0.0,0.0,0.0998908444740894,0.06802990086636264,0.07196818479649429,0.0,0.0,0.0,-0.487355161811673,0.3000187050110403,0.29874572720234427,0.08548666584983353,0.28887080909722523,0.1638584144472954,0.031134696668397258,0.09047132509167581,0.05318861102796074,-0.02522420529616529
