cte,x,a,b,x^2,ax,bx,a^2,ab,b^2,x^3,ax^2,bx^2,a^2x,abx,b^2x,a^3,a^2b,ab^2,b^3
0.0,0.0,0.0,0.0,0.10973921755632372,0.059843710946075344,0.07470478584928406,0.0,0.0,0.0,-0.5704819551146332,0.34812813022406813,0.30368275125982663,0.12645543345278434,0.24586497141430727,0.19658135192059567,0.0730934390628694,0.07829677582687967,0.0,0.0
