cte,x,p,x^2,px,p^2,x^3,px^2,p^2x,p^3
0.40000018586166564,8.00000007953955,0.26026024764821865,0.0,-0.5005005035729848,0.0,-1.000000001693465,0.0,0.0,0.0
