cte,x,p,x^2,px,p^2,x^3,px^2,p^2x,p^3
0.20000016044990834,7.500000068377426,0.28028026931958683,0.0,-0.45045045300713377,0.0,-1.00000000122425,0.0,0.0,0.0
