cte,x,a,b,x^2,ax,bx,a^2,ab,b^2,x^3,ax^2,bx^2,a^2x,abx,b^2x,a^3,a^2b,ab^2,b^3
0.0,0.0,0.0,0.0,0.11182249807371956,0.06196201375472924,0.0823422894112627,0.026586142472656206,0.0,0.0,-0.5408457801355288,0.3729899006059777,0.2428561365736299,0.1414741188302725,0.2967957587587274,0.12187098638016476,0.09053266862017052,0.05314212364145049,0.0,0.0
