cte,x,p,x^2,px,p^2,x^3,px^2,p^2x,p^3
2.000000198384459,7.500000097940816,0.1001000866844871,0.0,-0.4504504544292328,0.0,-1.0000000032041017,0.0,0.0,0.0
