cte,x,a,b,x^2,ax,bx,a^2,ab,b^2,x^3,ax^2,bx^2,a^2x,abx,b^2x,a^3,a^2b,ab^2,b^3
0.0,0.0,0.0,0.0,0.10961711746565468,0.061382055263957506,0.08143856240918963,0.026226145906112084,0.0,0.0,-0.5241333709891971,0.3619519276026202,0.25002642969442546,0.14068598950666553,0.2926441481881267,0.12249409218578794,0.08831105704502187,0.054895131122341824,0.0,0.0
