cte,x,p,x^2,px,p^2,x^3,px^2,p^2x,p^3
1.0000000073889745,6.000000001833427,0.20020019960207058,0.0,-0.3003003003422406,0.0,-0.999999999744679,0.0,0.0,0.0
