cte,x,p,x^2,px,p^2,x^3,px^2,p^2x,p^3
-2.0395680161238294,9.02897593727738,0.7874565048524224,4.758248389691609,0.0,0.0,0.16852921328674153,0.0,0.0,0.0
