cte,x,p,x^2,px,p^2,x^3,px^2,p^2x,p^3
1.600000069672264,7.500000023627561,0.14014013509647383,0.0,-0.450450451161902,0.0,-0.999999999533481,0.0,0.0,0.0
