cte,x,a,b,x^2,ax,bx,a^2,ab,b^2,x^3,ax^2,bx^2,a^2x,abx,b^2x,a^3,a^2b,ab^2,b^3
0.0,0.0,0.0,0.0,0.11582381858358583,0.06415401983738277,0.08381142629691077,0.027047105018413703,0.0,0.0,-0.5917360693889606,0.4029051669541823,0.22911323690638222,0.14327325814089029,0.30484399881923935,0.12806488288237056,0.09355738212330564,0.05235340736605563,0.0,0.0
