cte,x,a,b,x^2,ax,bx,a^2,ab,b^2,x^3,ax^2,bx^2,a^2x,abx,b^2x,a^3,a^2b,ab^2,b^3
0.0,0.0,0.0,0.0,0.10807052025623444,0.06052410275773242,0.07453035733591512,0.0,0.0,0.0,-0.5458150670999751,0.3480505075053897,0.29153013510736275,0.13079428262499745,0.2555531792622012,0.17661972803350107,0.07751872196079625,0.07373980640158287,0.0,0.0
