cte,x,p,x^2,px,p^2,x^3,px^2,p^2x,p^3
2.374354717302424,6.529609994088575,0.0,-1.2240636773659521,-0.500057918060546,0.0,-1.2888936742923622,0.0,0.0,0.0
