cte,x,p,x^2,px,p^2,x^3,px^2,p^2x,p^3
1.600000239550869,8.000000139969202,0.1401401248000079,0.0,-0.5005005067976239,0.0,-1.0000000069880826,0.0,0.0,0.0
