cte,x,a,b,x^2,ax,bx,a^2,ab,b^2,x^3,ax^2,bx^2,a^2x,abx,b^2x,a^3,a^2b,ab^2,b^3
0.0,0.0,0.0,0.0,0.11512972925170512,0.06403259479211323,0.0813232287827984,0.02590496064551106,0.0,0.0,-0.5974247384213669,0.3986873190480184,0.2431805543476235,0.1385168579043704,0.29484132260493495,0.14539531540736397,0.08792806885153939,0.058119680185601964,0.0,0.0
