cte,x,a,b,x^2,ax,bx,a^2,ab,b^2,x^3,ax^2,bx^2,a^2x,abx,b^2x,a^3,a^2b,ab^2,b^3
0.0,0.0,0.0,0.0,0.10097427983996372,0.05661128259836158,0.06652893600862544,0.0,0.0,0.0,-0.447012521004577,0.2681440157429933,0.34009719227800395,0.14554810668242565,0.19586198306711294,0.20351465092568496,0.050060841879897885,0.10049790160731613,0.0,0.0
