cte,x,p,x^2,px,p^2,x^3,px^2,p^2x,p^3
-1.2085805085921446,8.831426751992376,0.6997384253414991,4.482831590519586,0.0,0.0,0.09496013667760425,0.0,0.0,0.0
