cte,x,p,x^2,px,p^2,x^3,px^2,p^2x,p^3
-2.2854858804209917,9.02792190662468,0.8125229055189225,4.727885207238686,0.0,0.0,0.1515562609783105,0.0,0.0,0.0
