cte,x,a,b,x^2,ax,bx,a^2,ab,b^2,x^3,ax^2,bx^2,a^2x,abx,b^2x,a^3,a^2b,ab^2,b^3
0.0,0.0,0.0,0.0,0.11499511540586346,0.061206940088631596,0.09095540525750358,0.029648536937436416,0.0,0.0,-0.5412434470132387,0.37749418597694767,0.21735092913896614,0.14914078114609408,0.3196212902441882,0.08899478462343804,0.10069048758696247,0.04335766186066547,0.0,0.0
