cte,x,p,x^2,px,p^2,x^3,px^2,p^2x,p^3
-0.9625577031989768,8.85034543264349,0.6753597672302467,4.525447927742497,0.0,0.0,0.11487773714217506,0.0,0.0,0.0
