cte,x,a,b,x^2,ax,bx,a^2,ab,b^2,x^3,ax^2,bx^2,a^2x,abx,b^2x,a^3,a^2b,ab^2,b^3
0.0,0.0,0.0,0.0,0.10379949536943496,0.0602518967592714,0.07333631073465607,0.0,0.0,0.0,-0.47670686461732725,0.31987517112866454,0.29548135081786375,0.13830763668161053,0.2566911834239907,0.15455467674857704,0.07632905527074654,0.07440401319129679,0.0,0.0
