cte,x,p,x^2,px,p^2,x^3,px^2,p^2x,p^3
-2.8207408733300543,8.987312788412414,0.8564577476813663,4.913236114482445,0.0,0.0,0.22475291536910302,0.0,0.0,0.0
