cte,x,p,x^2,px,p^2,x^3,px^2,p^2x,p^3
1991.1693072956425,3085.451148787843,0.0,1592.8824051070558,0.0,0.0,273.97575011164224,0.0,0.0,0.0
