cte,x,p,x^2,px,p^2,x^3,px^2,p^2x,p^3
2657.0517331810265,4143.74116747802,0.0,2153.253327498899,0.0,0.0,372.8316864449389,0.0,0.0,0.0
