cte,x,p,x^2,px,p^2,x^3,px^2,p^2x,p^3
-1451.6429241236935,-2267.565737589468,0.0,-1180.646422902203,0.0,0.0,-204.8990251351794,0.0,0.0,0.0
