cte,x,p,x^2,px,p^2,x^3,px^2,p^2x,p^3
975.2666811037915,1492.0609136760836,0.0,760.2044367890059,0.0,0.0,128.99628269741257,0.0,0.0,0.0
