cte,x,p,x^2,px,p^2,x^3,px^2,p^2x,p^3
2392.055625277128,3720.244236174634,0.0,1927.7940168538596,0.0,0.0,332.8475401866084,0.0,0.0,0.0
