cte,x,p,x^2,px,p^2,x^3,px^2,p^2x,p^3
1529.960990084345,2359.656687627355,0.0,1212.3208587074928,0.0,0.0,207.49104606447028,0.0,0.0,0.0
