cte,x,p,x^2,px,p^2,x^3,px^2,p^2x,p^3
1588.2736116013143,2511.9698374100403,0.0,1323.7543909711133,0.0,0.0,232.43936627693236,0.0,0.0,0.0
