cte,x,p,x^2,px,p^2,x^3,px^2,p^2x,p^3
-1797.2058924991481,-2827.5078033442824,0.0,-1482.736480015851,0.0,0.0,-259.1662480248481,0.0,0.0,0.0
