cte,x,p,x^2,px,p^2,x^3,px^2,p^2x,p^3
2724.5639412780674,4252.974583459254,0.0,2212.098381183805,0.0,0.0,383.3865698287613,0.0,0.0,0.0
