cte,x,p,x^2,px,p^2,x^3,px^2,p^2x,p^3
2811.0521310008544,4400.667750267835,0.0,2295.6126194792123,0.0,0.0,399.0369384626402,0.0,0.0,0.0
