cte,x,p,x^2,px,p^2,x^3,px^2,p^2x,p^3
1182.7627628704786,1877.7676378809497,0.0,993.2177117479645,0.0,0.0,175.03037572175612,0.0,0.0,0.0
