cte,x,p,x^2,px,p^2,x^3,px^2,p^2x,p^3
-2051.408975175714,-3222.1287151462066,0.0,-1686.8996407181617,0.0,0.0,-294.36857869640454,0.0,0.0,0.0
