cte,x,p,x^2,px,p^2,x^3,px^2,p^2x,p^3
921.1861485235471,1407.814295214973,0.0,716.4823370764957,0.0,0.0,121.43714684629569,0.0,0.0,0.0
