cte,x,p,x^2,px,p^2,x^3,px^2,p^2x,p^3
2777.5328038525927,4339.737769716323,0.0,2259.3791811831197,0.0,0.0,391.95908002101123,0.0,0.0,0.0
