cte,x,p,x^2,px,p^2,x^3,px^2,p^2x,p^3
1294.9002656443392,1991.2731082702308,0.0,1019.966994164008,0.0,0.0,174.02753632348416,0.0,0.0,0.0
