cte,x,p,x^2,px,p^2,x^3,px^2,p^2x,p^3
-1881.1341549950653,-2948.3241195889204,0.0,-1540.241313903578,0.0,0.0,-268.20108101395965,0.0,0.0,0.0
