cte,x,a,b,x^2,ax,bx,a^2,ab,b^2,x^3,ax^2,bx^2,a^2x,abx,b^2x,a^3,a^2b,ab^2,b^3
0.0,0.0,1.000000000167777,0.0,0.0,0.0,1.0000000002079807,0.0,0.0,0.0,-1.0000000002163183,0.0,0.0,0.0,0.0,0.0,0.0,0.0,0.0,0.0
