cte,x,p,x^2,px,p^2,x^3,px^2,p^2x,p^3
2192.2144349787277,3403.226989746625,0.0,1760.2385058930538,0.0,0.0,303.3419185939934,0.0,0.0,0.0
