cte,x,p,x^2,px,p^2,x^3,px^2,p^2x,p^3
1032.4952754793037,1581.2837746038476,0.0,806.5473662925729,0.0,0.0,137.01530398000375,0.0,0.0,0.0
