cte,x,p,x^2,px,p^2,x^3,px^2,p^2x,p^3
194.30203085627207,326.9687982546314,0.0,182.37360818008815,0.0,0.0,33.74194218541235,0.0,0.0,0.0
