cte,x,p,x^2,px,p^2,x^3,px^2,p^2x,p^3
1224.1824140093804,1880.6425793852502,0.0,962.304919109793,0.0,0.0,164.0145550285395,0.0,0.0,0.0
