cte,x,p,x^2,px,p^2,x^3,px^2,p^2x,p^3
1797.4587101785582,2780.11402622694,0.0,1432.520130551635,0.0,0.0,245.91415072362395,0.0,0.0,0.0
