cte,x,p,x^2,px,p^2,x^3,px^2,p^2x,p^3
1615.6130285186441,2494.1430724663633,0.0,1282.677890819861,0.0,0.0,219.75457561585063,0.0,0.0,0.0
