cte,x,p,x^2,px,p^2,x^3,px^2,p^2x,p^3
1893.4034030264968,2931.2426055748074,0.0,1511.8376039271368,0.0,0.0,259.78422901740333,0.0,0.0,0.0
