cte,x,p,x^2,px,p^2,x^3,px^2,p^2x,p^3
-928.3661607103031,-1440.9151108909316,0.0,-745.4260615148752,0.0,0.0,-128.53400259088514,0.0,0.0,0.0
