cte,x,p,x^2,px,p^2,x^3,px^2,p^2x,p^3
1934.0910116546725,3051.513687475465,0.0,1604.268390987527,0.0,0.0,281.0388828051033,0.0,0.0,0.0
