cte,x,p,x^2,px,p^2,x^3,px^2,p^2x,p^3
712.3130981820817,1140.4123112391005,0.0,608.0754504907748,0.0,0.0,107.98824962933121,0.0,0.0,0.0
