cte,x,a,b,x^2,ax,bx,a^2,ab,b^2,x^3,ax^2,bx^2,a^2x,abx,b^2x,a^3,a^2b,ab^2,b^3
0.0,0.0,0.0,0.0,0.08172952869879124,0.056588452426977055,0.06657894793150163,0.0,0.0,0.0,-0.6337376866344341,0.3012860130944559,0.18721753389915463,0.12694395955076082,0.23736675560728124,0.14497248096447954,0.07437793454561506,0.07153515794263653,0.0,0.0
