cte,x,p,x^2,px,p^2,x^3,px^2,p^2x,p^3
1.599999972618487,8.499999992066542,0.1401401422024124,0.0,-0.5505505503122381,0.0,-1.0000000002147276,0.0,0.0,0.0
