cte,x,p,x^2,px,p^2,x^3,px^2,p^2x,p^3
-4.272962482137598,9.128535674771296,1.0063260862491332,5.053424605606768,0.0,0.0,0.23906702880359643,0.0,0.0,0.0
