cte,x,a,b,x^2,ax,bx,a^2,ab,b^2,x^3,ax^2,bx^2,a^2x,abx,b^2x,a^3,a^2b,ab^2,b^3
0.0,0.0,0.0,0.0,0.0969061095105851,0.07022901600999518,0.06897238943580285,0.0,0.0,0.0,-0.5026651520527146,0.34483846490322545,0.23999295364589765,0.10783550057093783,0.30268428610177406,0.1186676767334539,0.04179655202793019,0.09512315395582985,0.038489116637119576,-0.027518231064080176
