cte,x,a,b,x^2,ax,bx,a^2,ab,b^2,x^3,ax^2,bx^2,a^2x,abx,b^2x,a^3,a^2b,ab^2,b^3
0.0,0.0,0.0,0.0,0.1251635541097746,0.0682391012379313,0.08354859621280242,0.0,0.0,0.0,-0.49400210466202354,0.42253622818037795,0.2708564136706541,0.1603635975764722,0.3032547561329241,0.13369815911241018,0.09812381136443829,0.06162280972142899,0.0,0.0
