cte,x,p,x^2,px,p^2,x^3,px^2,p^2x,p^3
1.2000000084505744,7.000000009949116,0.18018017978740186,0.0,-0.4004004009262245,0.0,-1.000000001010539,0.0,0.0,0.0
