cte,x,p,x^2,px,p^2,x^3,px^2,p^2x,p^3
1.400000002186347,8.500000032077104,0.16016016088926954,0.0,-0.5505505526842903,0.0,-1.0000000038926935,0.0,0.0,0.0
