cte,x,a,b,x^2,ax,bx,a^2,ab,b^2,x^3,ax^2,bx^2,a^2x,abx,b^2x,a^3,a^2b,ab^2,b^3
0.0,0.0,0.0,0.0,-0.02856513511130049,-0.11564920879350775,0.10058356453651174,0.0,0.0,0.0,-1.5459348869818952,-0.6554189537883973,0.0,-0.07780601209000258,-0.45245899937855205,0.5931200353849635,0.0,0.0,-0.05969921101691789,0.12192713665100578
