cte,x,a,b,x^2,ax,bx,a^2,ab,b^2,x^3,ax^2,bx^2,a^2x,abx,b^2x,a^3,a^2b,ab^2,b^3
0.0,0.0,0.0,0.0,0.1322886108834363,0.07150298627723672,0.08809714553762492,0.0,0.0,0.0,-0.571259554399446,0.46693097543864226,0.23661732206737401,0.16694938041004054,0.32348978274701184,0.1284741539655071,0.10761334349787965,0.056525193029725695,0.0,0.0
