cte,x,a,b,x^2,ax,bx,a^2,ab,b^2,x^3,ax^2,bx^2,a^2x,abx,b^2x,a^3,a^2b,ab^2,b^3
0.0,0.0,0.0,0.0,0.13082526898968375,0.07727092025032616,0.08374683497515893,0.0,0.0,0.0,-0.6414562342409895,0.5146452861621602,0.2397963615038686,0.1721896903681588,0.30633964128271063,0.1823632225379484,0.09006017238996428,0.0847004006455379,0.0,0.0
