cte,x,a,b,x^2,ax,bx,a^2,ab,b^2,x^3,ax^2,bx^2,a^2x,abx,b^2x,a^3,a^2b,ab^2,b^3
0.0,0.0,0.0,0.0,0.13107150135844048,0.06995493019312612,0.0883107317970982,0.0,0.0,0.0,-0.541084957770368,0.4520562841368526,0.24565516014672464,0.16508991804465947,0.3218061807756538,0.12276981257168267,0.10747931173132853,0.054565812671166454,0.0,0.0
