cte,x,p,x^2,px,p^2,x^3,px^2,p^2x,p^3
-4.540073080350578,9.13334204190697,1.0329803424976796,5.031924986156457,0.0,0.0,0.22480034467353507,0.0,0.0,0.0
