cte,x,a,b,x^2,ax,bx,a^2,ab,b^2,x^3,ax^2,bx^2,a^2x,abx,b^2x,a^3,a^2b,ab^2,b^3
0.0,0.0,0.0,0.0,0.04688866311884983,0.0,1.050875720930378,0.0,0.0,0.0,-0.7802382209148832,0.17033750958858462,0.0912188773398326,0.09566072087355526,0.0,0.0,0.06271907647304358,0.06678787173236043,0.0,0.0
