cte,x,a,b,x^2,ax,bx,a^2,ab,b^2,x^3,ax^2,bx^2,a^2x,abx,b^2x,a^3,a^2b,ab^2,b^3
0.0,0.0,0.0,0.0,0.061116123242732155,0.04006587465192014,0.076506403148175,0.025661898154135054,0.0,0.0,-0.7743940023193282,0.19596806137899078,0.09544261568364557,0.08017418340740405,0.2694306866983164,0.0753477768271313,0.08656571154327757,0.03586550603106185,0.0,0.0
