cte,x,p,x^2,px,p^2,x^3,px^2,p^2x,p^3
0.7999999983741333,4.000000001315178,0.22022022050304507,0.0,-0.10010010011033624,0.0,-1.000000000599911,0.0,0.0,0.0
