cte,x,p,x^2,px,p^2,x^3,px^2,p^2x,p^3
-1.5424039469657749,8.694189409661188,0.7252581456728547,4.380421843681016,0.0,0.0,0.06432977044129283,0.0,0.0,0.0
