cte,x,p,x^2,px,p^2,x^3,px^2,p^2x,p^3
-5.766772926584155,8.98017065504249,1.140419239357721,5.074365320770336,0.0,0.0,0.2414456430485898,0.0,0.0,0.0
