cte,x,p,x^2,px,p^2,x^3,px^2,p^2x,p^3
1.400000039876018,8.000000031157871,0.16016015772882514,0.0,-0.5005005021228884,0.0,-1.0000000022011215,0.0,0.0,0.0
