cte,x,a,b,x^2,ax,bx,a^2,ab,b^2,x^3,ax^2,bx^2,a^2x,abx,b^2x,a^3,a^2b,ab^2,b^3
0.0,0.0,0.0,0.0,0.1331037095677993,0.07610644397893701,0.08612680319262236,0.0,0.0,0.0,-0.6413755301293873,0.5067250805227611,0.22649836788737154,0.17077614608770678,0.32078518820149965,0.15805265074447272,0.10043030430675394,0.07114340668644821,0.0,0.0
