cte,x,a,b,x^2,ax,bx,a^2,ab,b^2,x^3,ax^2,bx^2,a^2x,abx,b^2x,a^3,a^2b,ab^2,b^3
0.0,0.0,0.0,0.0,0.1303836852645643,0.07377203940919183,0.08354433509026502,0.0,0.0,0.0,-0.5808805163690393,0.47957893121673884,0.24385958373724728,0.16897245686680706,0.3085598082057351,0.15411718121099052,0.09742431989180912,0.07029975955962238,0.0,0.0
