cte,x,p,x^2,px,p^2,x^3,px^2,p^2x,p^3
-3.4510522037989215,9.167773726817979,0.9320144481535722,4.918441154035649,0.0,0.0,0.19199019152579822,0.0,0.0,0.0
