cte,x,a,b,x^2,ax,bx,a^2,ab,b^2,x^3,ax^2,bx^2,a^2x,abx,b^2x,a^3,a^2b,ab^2,b^3
0.0,0.0,0.0,0.0,0.09744881289597543,0.07136262922699436,0.06694746523454057,0.0,0.0,0.0,-0.5172163475733771,0.37063596843391544,0.1918075080843163,0.12332484433390538,0.3079628296761661,0.08984899151967968,0.049538031098925135,0.0957403347497726,0.029221431388286746,-0.027308128464548345
