cte,x,a,b,x^2,ax,bx,a^2,ab,b^2,x^3,ax^2,bx^2,a^2x,abx,b^2x,a^3,a^2b,ab^2,b^3
0.0,0.0,0.0,0.0,0.0,0.4152950732584636,0.035250521577177535,0.0,0.0,0.0,-1.0045280363216083,0.13083211194162309,-0.08767509969889463,0.0,0.10236703289302276,0.10910116791959729,0.0508431270830336,0.06799882389981998,0.0,0.0
