cte,x,a,b,x^2,ax,bx,a^2,ab,b^2,x^3,ax^2,bx^2,a^2x,abx,b^2x,a^3,a^2b,ab^2,b^3
0.0,0.0,0.0,0.0,0.1301998976481603,0.07156331749350214,0.08510516335900473,0.0,0.0,0.0,-0.5506796057588197,0.46071822957777037,0.24720997199060554,0.16666691423682986,0.3129099816962134,0.13743369098802743,0.10222764182438045,0.06188384716379474,0.0,0.0
