cte,x,p,x^2,px,p^2,x^3,px^2,p^2x,p^3
2.70794676546128,7.343298396846956,0.0,-0.606204632501397,-0.5043801506818147,0.0,-1.146937860771487,0.0,0.0,0.0
