cte,x,a,b,x^2,ax,bx,a^2,ab,b^2,x^3,ax^2,bx^2,a^2x,abx,b^2x,a^3,a^2b,ab^2,b^3
0.0,0.0,0.0,0.0,0.13298322551133465,0.07382522049891327,0.08688746603144404,0.0,0.0,0.0,-0.6065394332006119,0.4867146379496459,0.23015117930244117,0.16904481168216146,0.3222932834295396,0.14208492777317533,0.10466581989362447,0.06296133279130976,0.0,0.0
