cte,x,a,b,x^2,ax,bx,a^2,ab,b^2,x^3,ax^2,bx^2,a^2x,abx,b^2x,a^3,a^2b,ab^2,b^3
0.0,0.0,0.0,0.0,0.1307865580079103,0.07081213868110714,0.08680323296992902,0.0,0.0,0.0,-0.5469527983619175,0.4570812374479991,0.24563975067232577,0.1660044513776339,0.31796662973433604,0.12949306673678548,0.10530753743422484,0.05777927635285745,0.0,0.0
