cte,x,a,b,x^2,ax,bx,a^2,ab,b^2,x^3,ax^2,bx^2,a^2x,abx,b^2x,a^3,a^2b,ab^2,b^3
0.0,0.0,0.0,0.0,0.10321547987514744,0.059275477350211304,0.0799285917337324,0.0,0.0,0.0,-0.5871330190088202,0.3440992741409224,0.20787387238033384,0.1342079408610248,0.28589684141333116,0.11544459357753874,0.09489726627742358,0.05450720950500643,0.0,0.0
