cte,x,p,x^2,px,p^2,x^3,px^2,p^2x,p^3,initial_theta,delta_theta
1.5603603602824918,6.199199205754339,0.36036036102641394,0.0,-0.800800801705712,0.0,-1.0000000011783736,0.0,0.0,0.0,-1.0,0.005
