cte,x,p,x^2,px,p^2,x^3,px^2,p^2x,p^3
-2.9215879313497592,9.183970403544937,0.8799996198827724,4.980251135608135,0.0,0.0,0.22513968086390207,0.0,0.0,0.0
