cte,x,a,b,x^2,ax,bx,a^2,ab,b^2,x^3,ax^2,bx^2,a^2x,abx,b^2x,a^3,a^2b,ab^2,b^3
0.0,0.0,0.0,0.0,0.13238299911703122,0.074664990560591,0.0855591091215941,0.0,0.0,0.0,-0.6102755909248906,0.4921584700574984,0.2326361433167048,0.16982034169701526,0.31775831919582104,0.15095541842122132,0.10117233462842563,0.06786904670914184,0.0,0.0
