cte,x,p,x^2,px,p^2,x^3,px^2,p^2x,p^3
-2.2683892505276426,9.050792079992787,0.8123946084861872,4.738879393972436,0.0,0.0,0.15341946071744952,0.0,0.0,0.0
