cte,x,a,b,x^2,ax,bx,a^2,ab,b^2,x^3,ax^2,bx^2,a^2x,abx,b^2x,a^3,a^2b,ab^2,b^3
0.0,0.0,0.0,0.0,-0.06984990537933385,-0.05805045583703665,0.06397014837494722,0.0,0.0,0.0,-1.4428336735291376,-0.5081478806999465,-0.03626636693284978,-0.11551767485763074,-0.20804527660419556,0.4227328837250354,0.0,0.0,0.0,0.07112404960256995
