cte,x,a,b,x^2,ax,bx,a^2,ab,b^2,x^3,ax^2,bx^2,a^2x,abx,b^2x,a^3,a^2b,ab^2,b^3
0.0,0.0,0.0,0.0,0.12997125915687638,0.07568751780014303,0.08265058243742034,0.0,0.0,0.0,-0.6088106347345033,0.49727192629752526,0.24550833290122873,0.17086753204813915,0.30271733171640547,0.17422482068159156,0.09091813195987693,0.08081545087206024,0.0,0.0
