cte,x,p,x^2,px,p^2,x^3,px^2,p^2x,p^3
-2.5244190054926436,9.03455702355448,0.8375323227180704,4.701552476080838,0.0,0.0,0.13566551177369288,0.0,0.0,0.0
