cte,x,a,b,x^2,ax,bx,a^2,ab,b^2,x^3,ax^2,bx^2,a^2x,abx,b^2x,a^3,a^2b,ab^2,b^3
0.0,0.0,0.0,0.0,0.12910690111984244,0.07212601507752986,0.08322519982826969,0.0,0.0,0.0,-0.5515038321758012,0.4622600742819309,0.2511550993128809,0.167027514625786,0.30610210295645873,0.14698277509792157,0.09803527270837996,0.06702989193493931,0.0,0.0
