cte,x,p,x^2,px,p^2,x^3,px^2,p^2x,p^3
0.599999998182779,6.499999994001386,0.24024024016422138,0.0,-0.35035035002646603,0.0,-0.9999999991569802,0.0,0.0,0.0
