cte,x,p,x^2,px,p^2,x^3,px^2,p^2x,p^3
0.19999999792927306,6.000000004438981,0.2802802806683433,0.0,-0.300300300538964,0.0,-1.0000000008915526,0.0,0.0,0.0
