cte,x,a,b,x^2,ax,bx,a^2,ab,b^2,x^3,ax^2,bx^2,a^2x,abx,b^2x,a^3,a^2b,ab^2,b^3
0.0,0.0,0.0,0.0,0.12698548250245342,0.07384052836737434,0.07996756363976232,0.0,0.0,0.0,-0.5708316416593086,0.4748382925872616,0.2635826729483374,0.16937147193056704,0.28671087094558007,0.18136406464901242,0.08448757889884338,0.08517054253698209,0.0,0.0
