cte,x,p,x^2,px,p^2,x^3,px^2,p^2x,p^3
-3.188929088060739,9.173838811021866,0.9060818445988312,4.94818006766967,0.0,0.0,0.20813535378406445,0.0,0.0,0.0
