cte,x,a,b,x^2,ax,bx,a^2,ab,b^2,x^3,ax^2,bx^2,a^2x,abx,b^2x,a^3,a^2b,ab^2,b^3
0.0,0.0,0.0,0.0,0.098750510993913,0.06137858929864806,0.07010241765791404,0.0,0.0,0.0,-0.5973909504201926,0.3462787747879615,0.2168064049143956,0.14099805114907782,0.243885887625174,0.15958106838349356,0.07474203898912937,0.07762277107296751,0.0,0.0
