cte,x,p,x^2,px,p^2,x^3,px^2,p^2x,p^3
2.00000001336585,5.500000013836812,0.1001000993911023,0.0,-0.2502502509134729,0.0,-1.0000000016480428,0.0,0.0,0.0
