cte,x,p,x^2,px,p^2,x^3,px^2,p^2x,p^3,initial_theta,delta_theta
3.0022022011045464,2.9989989977734033,0.4404404403216353,0.0,-0.20020020008593667,0.0,-0.9999999995751238,0.0,0.0,0.0,-5.0,0.005
