cte,x,p,x^2,px,p^2,x^3,px^2,p^2x,p^3
0.8000000131522855,8.500000007840416,0.22022021936010422,0.0,-0.550550550924821,0.0,-1.0000000003853697,0.0,0.0,0.0
