cte,x,p,sum_sin(xj-xi),x^2,px,xsum_sin(xj-xi),p^2,psum_sin(xj-xi),sum_sin^2(xj-xi),initial_theta,delta_theta
0.0,0.21046327966599493,0.0,-1497.9700878693748,0.0,-0.013897166875909316,0.0,0.0,99.86468128607028,0.0,15.0,1e-05
