cte,x,p,sum_sin(xj-xi),x^2,px,xsum_sin(xj-xi),p^2,psum_sin(xj-xi),sum_sin^2(xj-xi),initial_theta,delta_theta
0.0,0.1619957844292113,0.0,-1496.7524002475068,0.0,-0.010666096325154886,0.0,0.0,99.78350480846078,0.0,15.0,1e-05
