cte,x,p,sum_sin(xj-xi),x^2,px,xsum_sin(xj-xi),p^2,psum_sin(xj-xi),sum_sin^2(xj-xi)
0.0,0.0019942853049846132,0.0,0.0,0.0,0.0,0.0,-0.0028621964791422806,0.99824846111944,0.0
