cte,x,p,sum_sin(xj-xi),x^2,px,xsum_sin(xj-xi),p^2,psum_sin(xj-xi),sum_sin^2(xj-xi)
0.0,0.0019939305536367424,0.0,0.0,0.0,0.0,0.0,-0.003371367096992588,0.9981497647881509,0.0
