cte,x,p,sum_sin(xj-xi),x^2,px,xsum_sin(xj-xi),p^2,psum_sin(xj-xi),sum_sin^2(xj-xi),initial_theta,delta_theta
0.0,-0.09291025913845034,0.0,1497.5620733249007,0.0,-0.006327483723991277,0.0,0.0,99.83746286401959,0.0,-15.0,1e-05
