cte,x,p,sum_sin(xj-xi),x^2,px,xsum_sin(xj-xi),p^2,psum_sin(xj-xi),sum_sin^2(xj-xi),initial_theta,delta_theta
0.0,0.06311076537944485,0.0,-998.3653443712027,0.0,-0.006110892742862036,0.0,0.0,99.83654632542644,0.0,10.0,1e-05
