cte,x,p,sum_sin(xj-xi),x^2,px,xsum_sin(xj-xi),p^2,psum_sin(xj-xi),sum_sin^2(xj-xi),initial_theta,delta_theta
0.0,0.10985128133152051,0.0,-1996.0992008407086,0.0,-0.005392546878662312,0.0,0.0,99.8049670858757,0.0,20.0,1e-05
