cte,x,p,sum_sin(xj-xi),x^2,px,xsum_sin(xj-xi),p^2,psum_sin(xj-xi),sum_sin^2(xj-xi),initial_theta,delta_theta
0.0,0.11128973374512101,0.0,-1995.8496806553703,0.0,-0.005464415130937641,0.0,0.0,99.79249115739267,0.0,20.0,1e-05
