cte,x,p,sum_sin(xj-xi),x^2,px,xsum_sin(xj-xi),p^2,psum_sin(xj-xi),sum_sin^2(xj-xi),initial_theta,delta_theta
0.0,0.13737296724760867,0.0,-1996.8648322664328,0.0,-0.0067685247535124995,0.0,0.0,99.84324783976436,0.0,20.0,1e-05
