cte,x,p,x^2,px,p^2,x^3,px^2,p^2x,p^3,x^4,px^3,p^2x^2,p^3x,p^4
0.20000012724178423,4.5000000861670895,0.28028027268646327,0.0,-0.15015015354571498,0.0,-1.000000005855525,0.0,0.0,0.0,0.0,0.0,0.0,0.0,0.0
