cte,x,p,x^2,px,p^2,x^3,px^2,p^2x,p^3,x^4,px^3,p^2x^2,p^3x,p^4,initial_theta,delta_theta
1.7999999726167866,4.4999999813989175,0.12012012204283454,0.0,-0.1501501493172141,0.0,-0.9999999988674685,0.0,0.0,0.0,0.0,0.0,0.0,0.0,0.0,0.0,0.01
