cte,x,p,x^2,px,p^2,x^3,px^2,p^2x,p^3,x^4,px^3,p^2x^2,p^3x,p^4,x^5,px^4,p^2x^3,p^3x^2,p^4x,p^5,x^6,px^5,p^2x^4,p^3x^3,p^4x^2,p^5x,p^6
0.0,0.0,0.0,-31.924046249548606,0.0,0.0,-58.560580392797505,0.0,0.0,0.0,-40.080775571729916,0.0,0.0,0.0,0.0,-12.14839294822825,0.0,0.0,0.0,0.0,0.0,-1.376758042211534,0.0,0.0,0.0,0.0,0.0,0.0
