cte,x,p,x^2,px,p^2,x^3,px^2,p^2x,p^3,x^4,px^3,p^2x^2,p^3x,p^4,x^5,px^4,p^2x^3,p^3x^2,p^4x,p^5,x^6,px^5,p^2x^4,p^3x^3,p^4x^2,p^5x,p^6
0.0,0.0,0.0,-24.198328349258798,0.0,0.0,-40.813830157533054,0.0,0.0,0.0,-25.667140752209555,0.0,0.0,0.0,0.0,-7.145602148747671,0.0,0.0,0.0,0.0,0.0,-0.7436209992036434,0.0,0.0,0.0,0.0,0.0,0.0
