cte,x,p,x^2,px,p^2,x^3,px^2,p^2x,p^3,x^4,px^3,p^2x^2,p^3x,p^4,x^5,px^4,p^2x^3,p^3x^2,p^4x,p^5,x^6,px^5,p^2x^4,p^3x^3,p^4x^2,p^5x,p^6
0.0,0.0,0.0,-21.020159142011305,0.0,0.0,-33.88641229415684,0.0,0.0,0.0,-20.36116485513691,0.0,0.0,0.0,0.0,-5.414846621839096,0.0,0.0,0.0,0.0,0.0,-0.5382314050022367,0.0,0.0,0.0,0.0,0.0,0.0
