cte,x,a,b,x^2,ax,bx,a^2,ab,b^2,x^3,ax^2,bx^2,a^2x,abx,b^2x,a^3,a^2b,ab^2,b^3
0.0,0.025421992303107363,0.0,0.0,0.10398260377189271,0.05891798076271246,0.08243132078789561,0.021319645961481806,0.08881894202480302,0.0,-0.49538394720511775,0.32005453319171817,0.28950274887449584,0.11956600334079594,0.29748452783979173,0.14316027425415184,0.070366660973863,0.04827930626191906,0.0,0.0
