cte,x,a,b,x^2,ax,bx,a^2,ab,b^2,x^3,ax^2,bx^2,a^2x,abx,b^2x,a^3,a^2b,ab^2,b^3
0.0,0.0,0.0,0.0,0.0,0.0374335814087447,0.0,0.013506998940562731,0.027601958738706762,-0.024223783821374172,-0.08048090952235995,-0.03671006167671903,0.12309518878397926,0.13647227251817584,0.01762665193115691,-0.1176109706886969,0.019139430104634633,0.12454369148276459,-0.08128565860094016,-0.03873287854070426
