cte,x,p,x^2,px,p^2,x^3,px^2,p^2x,p^3
2.000001192578344,7.500000722502974,0.05005001211193892,0.0,-0.22522524130383015,0.0,-1.0000000390089772,0.0,0.0,0.0
