cte,x,a,b,x^2,ax,bx,a^2,ab,b^2,x^3,ax^2,bx^2,a^2x,abx,b^2x,a^3,a^2b,ab^2,b^3
0.0,0.022649650492247254,0.0,0.0,0.10005638778013945,0.06982901694452529,0.0767965391929263,0.017875312889782148,0.02464653321857292,0.0,-0.5120523316718053,0.2676952838603125,0.3174125642711158,0.05668790674577644,0.29121467013972213,0.19948263676064956,0.01770112119861416,0.07285790185009908,0.07438670997128528,-0.02418790820493783
