cte,x,p,x^2,px,p^2,x^3,px^2,p^2x,p^3
0.5999998824760651,6.499999942006252,0.1201201240172051,0.0,-0.17517517404136845,0.0,-0.99999999821668,0.0,0.0,0.0
