cte,x,a,b,x^2,ax,bx,a^2,ab,b^2,x^3,ax^2,bx^2,a^2x,abx,b^2x,a^3,a^2b,ab^2,b^3
0.0,0.024111527135374955,0.0,0.0,0.09974199618637043,0.05745069389069627,0.08075614386658456,0.020231337252638936,0.01756772106624505,0.0,-0.5042930050622123,0.2856552214381805,0.32156701014848715,0.09727554088283231,0.2887552496405685,0.17532288558533596,0.05576590276769161,0.07049557179939263,0.016479154294189557,0.0
