cte,x,a,b,x^2,ax,bx,a^2,ab,b^2,x^3,ax^2,bx^2,a^2x,abx,b^2x,a^3,a^2b,ab^2,b^3
0.0,0.0,0.0,0.0,0.0,0.03363058489083204,0.0,0.0,0.024877005220735732,-0.014511973961371752,-0.08168678402795014,-0.0367991118670623,0.11108221920504847,0.09987905735723494,0.10228962050607397,-0.1557550783706061,0.0,0.12714506909893875,-0.03287914732023602,-0.06507059072624838
