cte,x,a,b,x^2,ax,bx,a^2,ab,b^2,x^3,ax^2,bx^2,a^2x,abx,b^2x,a^3,a^2b,ab^2,b^3
0.0,0.01983136436229754,0.0,0.0,0.0983157226710915,0.055795730893307804,0.08193148013867037,0.018566260643606343,0.017604416921455982,0.0,-0.5220207992195519,0.2470263183927505,0.3499094677529192,0.07503478601955893,0.27275429440749155,0.21245297068201757,0.041299843380299836,0.07354181771096521,0.028347444129203477,0.0
