cte,x,p,x^2,px,p^2,x^3,px^2,p^2x,p^3
0.999999649605194,5.999999743177328,0.10010011011385304,0.0,-0.1501501446250489,0.0,-0.9999999805698045,0.0,0.0,0.0
