cte,x,a,b,x^2,ax,bx,a^2,ab,b^2,x^3,ax^2,bx^2,a^2x,abx,b^2x,a^3,a^2b,ab^2,b^3
0.0,0.0,0.0,0.0,0.0,0.03199111450024942,0.0,0.0,0.023287706204785107,-0.013644492190478573,-0.0796700108040688,-0.04119610990579195,0.11164422501722293,0.09340662185901363,0.1014720395586352,-0.1555148220479397,0.0,0.12138738900983675,-0.026765555130427103,-0.06747050191753474
