cte,x,a,b,x^2,ax,bx,a^2,ab,b^2,x^3,ax^2,bx^2,a^2x,abx,b^2x,a^3,a^2b,ab^2,b^3
0.0,0.010846083123482612,0.0,0.0,0.0,0.03993731717632315,0.0,0.013277798055569816,0.029954553091734552,-0.02608366288481686,-0.08434392183140983,-0.034410479917441145,0.1257719224853559,0.14265101620944876,0.015119530925167738,-0.1141294014329518,0.020470260078009467,0.12862780340881014,-0.08774065953691462,-0.03513671467884382
