cte,x,a,b,x^2,ax,bx,a^2,ab,b^2,x^3,ax^2,bx^2,a^2x,abx,b^2x,a^3,a^2b,ab^2,b^3
0.0,0.024548005841525916,0.0,0.0,0.10054098067985252,0.05830764813604053,0.08244519739153752,0.0,0.016921351864640923,0.0,-0.5233089527840508,0.2983436762527998,0.30570776676767847,0.10041330926999782,0.2965573302651053,0.16724261176347235,0.06401866570175548,0.07145030716258663,0.01540405326139538,0.0
