cte,x,p,x^2,px,p^2,x^3,px^2,p^2x,p^3
1.2000000216840383,4.000000015963874,0.09009008933307346,0.0,-0.05005005040981193,0.0,-1.000000001201677,0.0,0.0,0.0
