cte,x,a,b,x^2,ax,bx,a^2,ab,b^2,x^3,ax^2,bx^2,a^2x,abx,b^2x,a^3,a^2b,ab^2,b^3
0.0,0.0,0.0,0.0,0.0,0.03481420638664095,0.0,0.03302836825043463,0.028126386513439208,-0.021019376740018723,-0.07501942222400766,-0.051339994904153384,0.12067584792886077,0.1222105238220241,0.05015386971708845,-0.1370353888118147,0.0,0.132998806256757,-0.06757426530073253,-0.048764643429849146
