cte,x,a,b,x^2,ax,bx,a^2,ab,b^2,x^3,ax^2,bx^2,a^2x,abx,b^2x,a^3,a^2b,ab^2,b^3
0.0,0.018685412954397507,0.0,0.0,0.09884775802796623,0.06758792930714401,0.07593071234385729,0.0193302785344554,0.02141287819771438,0.0,-0.5178959858399511,0.2895909673014738,0.3024555471478432,0.07549243640446728,0.29404930523468154,0.18321210660315418,0.02692225809321473,0.08038982064935221,0.05405400190704079,-0.019341776546168418
