cte,x,p,x^2,px,p^2,x^3,px^2,p^2x,p^3
1.399999685719683,7.999999696360111,0.08008008804799124,0.0,-0.25025024226321035,0.0,-0.9999999748748537,0.0,0.0,0.0
