cte,x,a,b,x^2,ax,bx,a^2,ab,b^2,x^3,ax^2,bx^2,a^2x,abx,b^2x,a^3,a^2b,ab^2,b^3
0.0,0.017770612255919825,0.0,0.0,0.07038582402619956,0.03673953347070113,0.08338072392715351,0.014706286076969145,0.01848584470732983,0.0,-0.43254759395473197,0.09186777131754637,0.4346398184304137,0.018943419423534065,0.2813549093162545,0.19104221071745456,0.028952274337461673,0.07235574045884569,0.023612815889073272,0.0
