cte,x,p,x^2,px,p^2,x^3,px^2,p^2x,p^3
-0.6551421452066546,9.230533874358668,0.3374551188543955,4.6881440144393745,0.0,0.0,0.13919340821518908,0.0,0.0,0.0
