cte,x,a,b,x^2,ax,bx,a^2,ab,b^2,x^3,ax^2,bx^2,a^2x,abx,b^2x,a^3,a^2b,ab^2,b^3
0.0,0.013299870272194625,0.0,0.0,0.0,0.04030675903735569,0.04084492130619439,0.0,0.042510523561547574,-0.014867222996920644,-0.12642594912894,-0.01238966254147982,0.13792763695847324,0.08456261277894102,0.22683267189818346,-0.18183645773721505,-0.03172321670356777,0.18376250401633407,-0.03682285683597382,-0.06583935050278
