cte,x,p,x^2,px,p^2,x^3,px^2,p^2x,p^3
2.0000002698164976,6.000000228414728,0.05005004263386693,0.0,-0.15015015529064904,0.0,-1.000000021314049,0.0,0.0,0.0
