cte,x,p,x^2,px,p^2,x^3,px^2,p^2x,p^3
1.7999997729137138,7.499999933195039,0.06006006846592592,0.0,-0.2252252243847133,0.0,-1.000000002917891,0.0,0.0,0.0
