cte,x,a,b,x^2,ax,bx,a^2,ab,b^2,x^3,ax^2,bx^2,a^2x,abx,b^2x,a^3,a^2b,ab^2,b^3
0.0,0.0,0.0,0.0,0.0,0.03721197994293365,0.0,0.03339310373893947,0.03073721983321826,-0.02286954890493516,-0.0780908551657475,-0.049301392893415036,0.12267727964270699,0.12924365095879928,0.04827887077941616,-0.13476871477269314,0.0,0.1390623044897924,-0.07510826625289384,-0.045264170520355536
