cte,x,p,x^2,px,p^2,x^3,px^2,p^2x,p^3
2.000000317709273,8.500000288696144,0.05005004136001792,0.0,-0.275275283045271,0.0,-1.0000000223875636,0.0,0.0,0.0
