cte,x,p,x^2,px,p^2,x^3,px^2,p^2x,p^3
1.399999705792652,6.99999984075405,0.08008008968800927,0.0,-0.200200196914812,0.0,-0.9999999932586284,0.0,0.0,0.0
