cte,x,p,x^2,px,p^2,x^3,px^2,p^2x,p^3
1.2000001611175393,8.000000193654364,0.09009008668491586,0.0,-0.2502502555633237,0.0,-1.000000017842227,0.0,0.0,0.0
