cte,x,p,x^2,px,p^2,x^3,px^2,p^2x,p^3
1.799999976781731,6.500000054318201,0.06006006223944355,0.0,-0.17517517680320427,0.0,-1.000000011142764,0.0,0.0,0.0
