cte,x,p,x^2,px,p^2,x^3,px^2,p^2x,p^3
1.199999594303189,5.999999762029558,0.09009010318045396,0.0,-0.15015014526709938,0.0,-0.999999988215629,0.0,0.0,0.0
