cte,x,a,b,x^2,ax,bx,a^2,ab,b^2,x^3,ax^2,bx^2,a^2x,abx,b^2x,a^3,a^2b,ab^2,b^3
0.0,0.024746246782010022,0.0,0.0,0.10352413763287574,0.06353818984392312,0.0798479822575218,0.01715352045172145,0.023132471186345812,0.0,-0.48218815095758716,0.23421762135353127,0.3528699140685402,0.0539885620440374,0.26642507425150846,0.2244613156650889,0.016801618106649832,0.07092344553496747,0.06783647353874048,-0.015829816411662912
