cte,x,a,b,x^2,ax,bx,a^2,ab,b^2,x^3,ax^2,bx^2,a^2x,abx,b^2x,a^3,a^2b,ab^2,b^3
0.0,0.0,0.0,0.0,0.0,0.03167906201687002,0.0,0.012964060251909366,0.015776980678577288,-0.021599784449582438,-0.08461929579680838,-0.05895859084728295,0.12266434900430825,0.06979727606476475,0.13404195976348116,-0.16043390609516173,-0.011001653910348873,0.11565957104137436,0.0,-0.07544256743793376
