cte,x,a,b,x^2,ax,bx,a^2,ab,b^2,x^3,ax^2,bx^2,a^2x,abx,b^2x,a^3,a^2b,ab^2,b^3
0.0,0.0,0.0,0.0,0.0,0.02679628413691545,0.0,0.03082133332276566,0.01942358476532732,-0.01520600729677525,-0.06736516067683082,-0.0583272934963038,0.11613257927701538,0.09187912544797519,0.058319464425488375,-0.14294060896547175,0.0,0.10771747927684135,-0.036839389978008924,-0.0623785994622115
