cte,x,p,x^2,px,p^2,x^3,px^2,p^2x,p^3
1.2000004893821776,6.500000332692992,0.09009007547627357,0.0,-0.175175182424959,0.0,-1.000000022143098,0.0,0.0,0.0
