cte,x,p,sin,x^2,px,xsin,p^2,psin,sin^2,x^3,px^2,x^2sin,p^2x,pxsin,xsin^2,p^3,p^2sin,psin^2,sin^3,initial_theta,delta_theta
0.0,-0.037026442301939404,0.0,6.658983972076966,0.0,-0.07974013557484935,0.0,0.0,3.2158471397092767,0.0,0.0,0.0,0.0,-0.040726405236168384,0.0,0.0,0.0,-3.443653854506805,0.0,0.0,-1.0,0.0001
