cte,x,p,sin,x^2,px,xsin,p^2,psin,sin^2,x^3,px^2,x^2sin,p^2x,pxsin,xsin^2,p^3,p^2sin,psin^2,sin^3,initial_theta,delta_theta
0.0,-0.039351749452915245,0.0,18.621161972227064,0.0,-0.08260736466330339,0.0,0.0,17.25074649679187,0.0,0.0,0.0,0.0,-0.04125788998670359,0.0,0.0,0.0,-1.3703206149933942,0.0,0.0,-1.0,5e-05
