cte,x,p,sin,x^2,px,xsin,p^2,psin,sin^2,x^3,px^2,x^2sin,p^2x,pxsin,xsin^2,p^3,p^2sin,psin^2,sin^3,initial_theta,delta_theta
11.943214749954308,-1.2510995414159998,12.036005593870925,50.8116779017077,0.0,-2.509849114593291,0.0,-11.94459381703862,1.8078821294075806,0.06911506279420578,0.0,0.0,0.0,-1.256754289290941,0.0,0.0,-12.037335479114146,-49.00358996591755,0.06916410981328996,0.0,-1.0,1e-05
