cte,x,p,x^2,px,p^2,x^3,px^2,p^2x,p^3
0.0,245.1119685135019,0.0,-148.26892410393907,-48.601359196092645,0.0,0.0,29.466165326545358,0.0,0.0
