cte,x,p,x^2,px,p^2,x^3,px^2,p^2x,p^3
0.0,185.715848320067,0.0,-180.05811553535716,18.441637074983607,0.0,0.0,-17.981585222732626,0.0,0.0
