cte,x,p,sum_sin(xj-xi),x^2,px,xsum_sin(xj-xi),p^2,psum_sin(xj-xi),sum_sin^2(xj-xi),initial_theta,delta_theta
0.0,-0.34434861725066457,0.0,1985.3383504720377,0.0,-0.0173174169112404,0.0,0.0,99.26689874807512,0.0,-20.0,1e-05
