cte,x,p,sum_sin(xj-xi),x^2,px,xsum_sin(xj-xi),p^2,psum_sin(xj-xi),sum_sin^2(xj-xi),initial_theta,delta_theta
0.0,-0.40301681715890475,0.0,1493.3228659745655,0.0,-0.027001585317652534,0.0,0.0,99.55484671987482,0.0,-15.0,1e-05
