cte,x,p,sum_sin(xj-xi),x^2,px,xsum_sin(xj-xi),p^2,psum_sin(xj-xi),sum_sin^2(xj-xi)
0.0,0.0019810993539249454,0.0,0.0,0.0,0.0,0.0,-0.0033364772298978265,0.9935039783462397,0.0
