cte,x,p,sum_sin(xj-xi),x^2,px,xsum_sin(xj-xi),p^2,psum_sin(xj-xi),sum_sin^2(xj-xi)
0.0,0.0019745849769610465,-0.0028100368132324117,0.0,0.0,0.0,0.0,0.007810870273840424,0.9929902244765959,0.0
