cte,x,p,sum_sin(xj-xi),x^2,px,xsum_sin(xj-xi),p^2,psum_sin(xj-xi),sum_sin^2(xj-xi),initial_theta,delta_theta
0.0,0.5035764774732954,0.0,-1989.4467782123813,0.0,-0.025078501571741907,0.0,0.0,99.47234849077132,0.0,20.0,1e-05
