cte,x,p,sum_sin(xj-xi),x^2,px,xsum_sin(xj-xi),p^2,psum_sin(xj-xi),sum_sin^2(xj-xi)
0.0,0.00197841999625235,0.0,0.0005250098533646193,0.0,0.0,0.0,-0.003024389008272087,0.9894216925229805,0.0
