cte,x,p,sum_sin(xj-xi),x^2,px,xsum_sin(xj-xi),p^2,psum_sin(xj-xi),sum_sin^2(xj-xi)
0.0,0.001978290529617435,-0.002106874360757445,0.0,0.0,0.0,0.0,0.005856336912625468,0.9956582183409814,0.0
