cte,x,p,sum_sin(xj-xi),x^2,px,xsum_sin(xj-xi),p^2,psum_sin(xj-xi),sum_sin^2(xj-xi),initial_theta,delta_theta
0.0,0.3144007826714959,0.0,-1493.2845426554377,0.0,-0.0208264531864884,0.0,0.0,99.55231439378629,0.0,15.0,1e-05
