cte,x,p,sum_sin(xj-xi),x^2,px,xsum_sin(xj-xi),p^2,psum_sin(xj-xi),sum_sin^2(xj-xi),initial_theta,delta_theta
0.0,-0.1481430207175474,0.0,994.0234349991272,0.0,-0.015014146565165013,0.0,0.0,99.40232190805298,0.0,-10.0,1e-05
