cte,x,p,sum_sin(xj-xi),x^2,px,xsum_sin(xj-xi),p^2,psum_sin(xj-xi),sum_sin^2(xj-xi),initial_theta,delta_theta
0.0,0.23369640755091967,0.0,-1986.504978031978,0.0,-0.011584836946355372,0.0,0.0,99.32526382995731,0.0,20.0,1e-05
