cte,x,p,sin,x^2,px,xsin,p^2,psin,sin^2,x^3,px^2,x^2sin,p^2x,pxsin,xsin^2,p^3,p^2sin,psin^2,sin^3,x^4,px^3,x^3sin,p^2x^2,px^2sin,x^2sin^2,p^3x,p^2xsin,pxsin^2,xsin^3,p^4,p^3sin,p^2sin^2,psin^3,sin^4
0.0,0.0,0.21738214135043135,-0.013455602636775395,0.0,0.0,0.0,-0.1553744047089088,0.8020932124718644,0.0,0.0,0.0,0.0,0.0,0.0,0.0,-1.313171462093579,0.7604745787229898,-0.12551561503649986,0.0,0.0,0.0,0.0,0.0,0.0,0.0,0.0,0.0,0.0,0.0,0.0,-0.3200298276912618,0.3528883856511376,0.0,0.0
