cte,x,p,sin,x^2,px,xsin,p^2,psin,sin^2,x^3,px^2,x^2sin,p^2x,pxsin,xsin^2,p^3,p^2sin,psin^2,sin^3,x^4,px^3,x^3sin,p^2x^2,px^2sin,x^2sin^2,p^3x,p^2xsin,pxsin^2,xsin^3,p^4,p^3sin,p^2sin^2,psin^3,sin^4
0.0,0.0,0.0,-0.030749988363246626,0.0,0.01551150374280522,0.0,-0.07086187916344329,1.1866558835870946,0.013691411597253195,0.0,0.0,0.0,0.0,0.0,0.0,-0.2287234019995881,-0.3340593524007754,-0.02224151196656027,0.026793536270106045,0.0,0.0,0.0,0.0,0.0,0.0,-0.09275629619425911,0.0,0.0,0.0,0.9379552793160919,0.21155446528066185,0.19436149600048455,-0.09334275328994322,-0.014907591292732536
