cte,x,p,sin,x^2,px,xsin,p^2,psin,sin^2,x^3,px^2,x^2sin,p^2x,pxsin,xsin^2,p^3,p^2sin,psin^2,sin^3,x^4,px^3,x^3sin,p^2x^2,px^2sin,x^2sin^2,p^3x,p^2xsin,pxsin^2,xsin^3,p^4,p^3sin,p^2sin^2,psin^3,sin^4
0.0,0.0,0.11283376120512331,0.0,0.0,0.0,0.0,-0.21072577965504813,0.8444218778354267,0.0,0.0,0.0,0.0,0.0,0.0,0.0,0.0,1.044585896473901,0.0,0.0,0.0,0.0,0.0,0.0,0.0,0.0,0.06282310237348408,0.0,0.0,0.0,0.0,-1.8851145495107453,-0.0822861175168181,0.0,0.0
