cte,x,p,sin,x^2,px,xsin,p^2,psin,sin^2,x^3,px^2,x^2sin,p^2x,pxsin,xsin^2,p^3,p^2sin,psin^2,sin^3,x^4,px^3,x^3sin,p^2x^2,px^2sin,x^2sin^2,p^3x,p^2xsin,pxsin^2,xsin^3,p^4,p^3sin,p^2sin^2,psin^3,sin^4
0.0,0.0,0.04259803744267398,0.0,0.0,0.01576661640774335,0.0,0.44737805678306825,0.913213449852246,0.0,0.0,0.0,0.0,0.0,0.0,0.0,-4.394321417956751,0.7670874646750481,-0.01542892386850397,0.0,0.0,0.0,0.0,0.0,0.0,0.0,-0.09895514376331048,0.0,0.0,0.0,7.882345356778858,-1.63700991880276,0.05972473133504694,0.0,0.0
