cte,x,p,sin,x^2,px,xsin,p^2,psin,sin^2,x^3,px^2,x^2sin,p^2x,pxsin,xsin^2,p^3,p^2sin,psin^2,sin^3,x^4,px^3,x^3sin,p^2x^2,px^2sin,x^2sin^2,p^3x,p^2xsin,pxsin^2,xsin^3,p^4,p^3sin,p^2sin^2,psin^3,sin^4
0.0,0.0,0.07805931109363225,0.02133631960657442,0.0,0.0,0.0,-0.3015463480361441,0.8564261578756593,-0.012094140600684684,0.0,0.0,0.0,0.11558409686351616,0.0,0.0,0.0,0.05213453056272139,0.08683001073437378,0.0,0.0,0.0,0.0,0.0,0.0,0.0,-0.30133914289275054,0.0,0.0,0.0,0.0,0.543962078287253,-0.14210051477306995,0.0,0.0
