cte,x,p,sin,x^2,px,xsin,p^2,psin,sin^2,x^3,px^2,x^2sin,p^2x,pxsin,xsin^2,p^3,p^2sin,psin^2,sin^3,x^4,px^3,x^3sin,p^2x^2,px^2sin,x^2sin^2,p^3x,p^2xsin,pxsin^2,xsin^3,p^4,p^3sin,p^2sin^2,psin^3,sin^4
0.0,0.0,0.0,0.0,0.0,0.0,0.0,0.04235773285436126,0.8025697895566215,0.0,0.0,0.0,0.0,0.1152985297946771,0.0,0.0,-0.2641461576737392,1.6646342930999762,-0.014271706245178142,0.0,0.0,0.0,0.0,0.0,0.0,0.0,-0.3008982731962628,0.0,0.0,0.0,0.0,-3.3052398658260578,0.07504783365136874,0.0,0.0
