cte,x,p,sin,x^2,px,xsin,p^2,psin,sin^2,x^3,px^2,x^2sin,p^2x,pxsin,xsin^2,p^3,p^2sin,psin^2,sin^3,x^4,px^3,x^3sin,p^2x^2,px^2sin,x^2sin^2,p^3x,p^2xsin,pxsin^2,xsin^3,p^4,p^3sin,p^2sin^2,psin^3,sin^4
0.0,0.0,-0.12217567086093459,0.0,0.0,0.0,0.0,0.23300054115622468,1.1483545423713661,0.0,0.0,0.0,0.0,0.0,0.0,0.0,0.0,-1.2915966400311318,0.05614419104659949,0.0,0.0,0.0,0.0,0.0,0.0,0.0,0.0,0.0,0.0,0.0,0.0,2.714881874683461,-0.15546865473782026,0.0,0.0
