cte,x,p,sin,x^2,px,xsin,p^2,psin,sin^2,x^3,px^2,x^2sin,p^2x,pxsin,xsin^2,p^3,p^2sin,psin^2,sin^3,x^4,px^3,x^3sin,p^2x^2,px^2sin,x^2sin^2,p^3x,p^2xsin,pxsin^2,xsin^3,p^4,p^3sin,p^2sin^2,psin^3,sin^4
0.0,0.0,0.0,0.0,0.0,0.0,0.0,0.5111970241748387,0.8609169148728145,0.0,0.0,0.0,0.0,0.02743818954506856,0.0,0.0,-3.305543284158788,0.8819377609477865,-0.02955999149057912,0.0,0.0,0.0,0.0,0.0,0.0,0.0,0.0,0.0,0.0,0.0,5.144021986684167,-1.3249940622585599,0.11224816525213852,0.0,0.0
