cte,x,p,sin,x^2,px,xsin,p^2,psin,sin^2,x^3,px^2,x^2sin,p^2x,pxsin,xsin^2,p^3,p^2sin,psin^2,sin^3,x^4,px^3,x^3sin,p^2x^2,px^2sin,x^2sin^2,p^3x,p^2xsin,pxsin^2,xsin^3,p^4,p^3sin,p^2sin^2,psin^3,sin^4
0.0,0.0019920824618803396,0.0,0.0,0.0,0.0,0.0,-0.0207267685908685,0.9983879037201635,0.0,0.0,0.0,0.0,0.0,0.0,0.0,0.1263903624472151,0.013232080091599208,0.0,0.0,0.0,0.0,0.0,0.0,0.0,0.0,0.0,0.0,0.0,0.0,-0.20321690422166108,-0.08161066388541824,0.0,0.0,0.0
