cte,x,p,sin,x^2,px,xsin,p^2,psin,sin^2,x^3,px^2,x^2sin,p^2x,pxsin,xsin^2,p^3,p^2sin,psin^2,sin^3,x^4,px^3,x^3sin,p^2x^2,px^2sin,x^2sin^2,p^3x,p^2xsin,pxsin^2,xsin^3,p^4,p^3sin,p^2sin^2,psin^3,sin^4
0.0,0.0,0.0,0.0,0.0,0.042906811801046024,0.0,0.0,0.9914656120485019,0.0,0.0,0.0,0.0,-0.24552994685991172,0.0,0.0,0.0,0.07192451154089749,0.0,0.0,0.0,0.0,0.0,0.0,0.0,0.0,0.4094100108483515,0.0,0.0,0.0,0.0,-0.17698175543854736,0.0,0.0,0.0
