cte,x,p,sin,x^2,px,xsin,p^2,psin,sin^2,x^3,px^2,x^2sin,p^2x,pxsin,xsin^2,p^3,p^2sin,psin^2,sin^3,x^4,px^3,x^3sin,p^2x^2,px^2sin,x^2sin^2,p^3x,p^2xsin,pxsin^2,xsin^3,p^4,p^3sin,p^2sin^2,psin^3,sin^4
0.0,0.0,-0.07303161927637462,0.0,0.0,0.0,0.0,0.45511488650496695,1.1507328018710123,0.0,0.0,0.0,0.0,0.12139905757166906,0.0,0.0,-0.6572828528543295,-1.3896865676917476,0.011461115284393706,0.0,0.0,0.0,0.0,0.0,0.0,0.0,-0.32267096769577597,0.0,0.0,0.0,0.0,2.8612907143165294,-0.0486947446450713,0.0,0.0
