cte,x,p,sin,x^2,px,xsin,p^2,psin,sin^2,x^3,px^2,x^2sin,p^2x,pxsin,xsin^2,p^3,p^2sin,psin^2,sin^3,x^4,px^3,x^3sin,p^2x^2,px^2sin,x^2sin^2,p^3x,p^2xsin,pxsin^2,xsin^3,p^4,p^3sin,p^2sin^2,psin^3,sin^4
0.0,0.0,0.0,0.0,0.0,0.0,0.0,-0.3539085676924267,0.8239203956637218,0.0,0.0,0.0,0.0,0.11519662466133741,0.0,0.0,1.2385942444324838,1.1805950348514238,0.03456262551033606,0.0,0.0,0.0,0.0,0.0,0.0,0.0,-0.30813600146854336,0.0,0.0,0.0,0.0,-1.947401066172479,-0.12862188907713923,0.0,0.0
