cte,x,p,sin,x^2,px,xsin,p^2,psin,sin^2,x^3,px^2,x^2sin,p^2x,pxsin,xsin^2,p^3,p^2sin,psin^2,sin^3,x^4,px^3,x^3sin,p^2x^2,px^2sin,x^2sin^2,p^3x,p^2xsin,pxsin^2,xsin^3,p^4,p^3sin,p^2sin^2,psin^3,sin^4
0.0,0.0,0.12756815067293045,0.0,0.0,0.0,0.0,-0.727626161591679,1.1824027420340726,0.0,0.0,0.0,0.0,0.11805926154460245,0.0,0.0,0.9180340681495022,-1.5071897677752677,-0.03257762226829993,0.0,0.0,0.0,0.0,0.0,0.0,0.0,-0.31309463510792995,0.0,0.0,0.0,0.0,2.962914152176356,0.1234105332569998,0.0,0.0
