cte,x,p,sin,x^2,px,xsin,p^2,psin,sin^2,x^3,px^2,x^2sin,p^2x,pxsin,xsin^2,p^3,p^2sin,psin^2,sin^3,x^4,px^3,x^3sin,p^2x^2,px^2sin,x^2sin^2,p^3x,p^2xsin,pxsin^2,xsin^3,p^4,p^3sin,p^2sin^2,psin^3,sin^4
0.0,0.0,-0.2517604423921255,0.0,0.0,0.0,0.0,0.7355867589831224,1.1429678344730019,0.0,0.0,0.0,0.0,0.0,0.0,0.0,0.0,-0.21245264793845317,0.17613764914504013,0.0,0.0,0.0,0.0,0.0,0.0,0.0,0.0,0.0,0.0,0.0,0.0,0.0,-0.40458371832422524,-0.02832566791705231,0.0
