cte,x,p,sin,x^2,px,xsin,p^2,psin,sin^2,x^3,px^2,x^2sin,p^2x,pxsin,xsin^2,p^3,p^2sin,psin^2,sin^3,x^4,px^3,x^3sin,p^2x^2,px^2sin,x^2sin^2,p^3x,p^2xsin,pxsin^2,xsin^3,p^4,p^3sin,p^2sin^2,psin^3,sin^4
0.0,0.0,0.0,0.013118407376412447,0.0,0.0,0.0,0.0,0.9792234780135703,0.0,0.0,0.0,0.0,0.12262401732194772,0.0,0.0,0.0,-0.6438844040021632,0.0,0.0,0.0,0.0,0.0,0.0,0.0,0.0,-0.3275080754875441,0.0,0.0,0.0,0.0,1.8283427092606035,0.0,0.0,0.0
