cte,x,p,sin,x^2,px,xsin,p^2,psin,sin^2,x^3,px^2,x^2sin,p^2x,pxsin,xsin^2,p^3,p^2sin,psin^2,sin^3,x^4,px^3,x^3sin,p^2x^2,px^2sin,x^2sin^2,p^3x,p^2xsin,pxsin^2,xsin^3,p^4,p^3sin,p^2sin^2,psin^3,sin^4
0.0,0.001995485735778181,-0.006189376550867834,0.0,0.0,0.0,0.0,0.06744680300140692,1.0005179252533278,0.0,0.0,0.0,0.0,0.0,0.0,0.0,-0.2612972186725832,-0.01882627665372643,0.0,0.0,0.0,0.0,0.0,0.0,0.0,0.0,0.0,0.0,0.0,0.0,0.34132785624865913,0.02786799538895594,-0.000607264120365741,0.0,0.0
