cte,x,p,sin,x^2,px,xsin,p^2,psin,sin^2,x^3,px^2,x^2sin,p^2x,pxsin,xsin^2,p^3,p^2sin,psin^2,sin^3,x^4,px^3,x^3sin,p^2x^2,px^2sin,x^2sin^2,p^3x,p^2xsin,pxsin^2,xsin^3,p^4,p^3sin,p^2sin^2,psin^3,sin^4
0.0,0.00199330256034948,0.0,0.0,0.0,0.0,0.0,-0.025401981527148575,0.9991772871783762,0.0,0.0,0.0,0.0,0.0,0.0,0.0,0.15489947880690494,0.0,0.0,0.0,0.0,0.0,0.0,0.0,0.0,0.0,0.0,0.0,0.0,0.0,-0.24905532304116296,-0.02298991358224641,0.0,0.0,0.0
