cte,x,p,sin,x^2,px,xsin,p^2,psin,sin^2,x^3,px^2,x^2sin,p^2x,pxsin,xsin^2,p^3,p^2sin,psin^2,sin^3,x^4,px^3,x^3sin,p^2x^2,px^2sin,x^2sin^2,p^3x,p^2xsin,pxsin^2,xsin^3,p^4,p^3sin,p^2sin^2,psin^3,sin^4
0.0,0.0,0.11136509362058525,0.0,0.0,0.0,0.0,-0.41085898943887333,0.912267561229304,0.0,0.0,0.0,0.0,0.11661963238054121,0.0,0.0,0.0,0.721729352786215,-0.04614201806336304,0.0,0.0,0.0,0.0,0.0,0.0,0.0,-0.30818304642589983,0.0,0.0,0.0,0.0,-1.5051402009373274,0.20022877568758304,0.0,0.0
