cte,x,p,sin,x^2,px,xsin,p^2,psin,sin^2,x^3,px^2,x^2sin,p^2x,pxsin,xsin^2,p^3,p^2sin,psin^2,sin^3,x^4,px^3,x^3sin,p^2x^2,px^2sin,x^2sin^2,p^3x,p^2xsin,pxsin^2,xsin^3,p^4,p^3sin,p^2sin^2,psin^3,sin^4
0.0,0.0,-0.04870444737565368,0.0,0.0,0.0,0.0,0.19479129889562527,0.8599254659136972,0.0,0.0,0.0,0.0,0.12304277966456029,0.0,0.0,0.0,1.2203451176282654,0.017507455246572382,0.0,0.0,0.0,0.0,0.0,0.0,0.0,-0.3318613684214338,0.0,0.0,0.0,0.0,-2.5631429086733934,-0.07285853638950572,0.0,0.0
