cte,x,p,sin,x^2,px,xsin,p^2,psin,sin^2,x^3,px^2,x^2sin,p^2x,pxsin,xsin^2,p^3,p^2sin,psin^2,sin^3,x^4,px^3,x^3sin,p^2x^2,px^2sin,x^2sin^2,p^3x,p^2xsin,pxsin^2,xsin^3,p^4,p^3sin,p^2sin^2,psin^3,sin^4
0.0,0.0,0.0,0.0,0.0,0.04282662449419784,0.0,-0.010761046662124492,0.9962910628962871,0.0,0.0,0.0,0.0,-0.2450034082636027,0.0,0.0,0.02873233092090674,0.0352145526034246,0.0,0.0,0.0,0.0,0.0,0.0,0.0,0.0,0.40842093517910516,0.0,0.0,0.0,0.0,-0.10064144919271308,0.0,0.0,0.0
