cte,x,p,sin,x^2,px,xsin,p^2,psin,sin^2,x^3,px^2,x^2sin,p^2x,pxsin,xsin^2,p^3,p^2sin,psin^2,sin^3,x^4,px^3,x^3sin,p^2x^2,px^2sin,x^2sin^2,p^3x,p^2xsin,pxsin^2,xsin^3,p^4,p^3sin,p^2sin^2,psin^3,sin^4
0.0,0.0,0.4978757629592673,-0.09039451410808126,0.0,0.0,0.0,-5.647438799641439,1.4256051480779233,0.0,0.0,0.0,0.0,0.0,0.0,0.0,22.430207404012595,-1.5236511950536806,-0.018884054215058,0.04001220037397502,0.0,0.0,0.0,0.0,0.0,0.0,0.08423490366021667,0.0,0.0,0.0,-29.5906057437179,3.1946270165144695,0.043172848176682405,-0.11736231706426432,0.0
