cte,x,p,sin,x^2,px,xsin,p^2,psin,sin^2,x^3,px^2,x^2sin,p^2x,pxsin,xsin^2,p^3,p^2sin,psin^2,sin^3,x^4,px^3,x^3sin,p^2x^2,px^2sin,x^2sin^2,p^3x,p^2xsin,pxsin^2,xsin^3,p^4,p^3sin,p^2sin^2,psin^3,sin^4
0.0,0.001998164911589461,-0.001753676654241319,0.0,0.0,0.0,0.0,0.004177212631336006,1.0002575419931616,0.0,0.0,0.0,0.0,0.0,0.0,0.0,0.0,-0.014283471299427695,0.0,0.0,0.0,0.0,0.0,0.0,0.0,0.0,0.0,0.0,0.0,0.0,0.0,0.023809076893678685,0.0,0.0,0.0
