cte,x,p,sin,x^2,px,xsin,p^2,psin,sin^2,x^3,px^2,x^2sin,p^2x,pxsin,xsin^2,p^3,p^2sin,psin^2,sin^3,x^4,px^3,x^3sin,p^2x^2,px^2sin,x^2sin^2,p^3x,p^2xsin,pxsin^2,xsin^3,p^4,p^3sin,p^2sin^2,psin^3,sin^4
0.0,0.0019939949187768764,0.0,0.0,0.0,0.0,0.0,-0.009753266242977775,1.0003643353590377,0.0,0.0,0.0,0.0,0.0,0.0,0.0,0.02602003228077557,-0.016402371462379918,0.0,0.0,0.0,0.0,0.0,0.0,0.0,0.0,0.0,0.0,0.0,0.0,0.0,0.029969521966491636,0.0,0.0,0.0
