cte,x,p,sin,x^2,px,xsin,p^2,psin,sin^2,x^3,px^2,x^2sin,p^2x,pxsin,xsin^2,p^3,p^2sin,psin^2,sin^3,x^4,px^3,x^3sin,p^2x^2,px^2sin,x^2sin^2,p^3x,p^2xsin,pxsin^2,xsin^3,p^4,p^3sin,p^2sin^2,psin^3,sin^4
0.0,0.001993869261082702,-0.002814378182958845,0.0,0.0,0.0,0.0,0.01608898642672744,1.0005298804566236,0.0,0.0,0.0,0.0,0.0,0.0,0.0,-0.026826485951536076,-0.015558429393716272,0.0,0.0,0.0,0.0,0.0,0.0,0.0,0.0,0.0,0.0,0.0,0.0,0.0,0.014012818804701135,0.0,0.0,0.0
