cte,x,p,sin,x^2,px,xsin,p^2,psin,sin^2,x^3,px^2,x^2sin,p^2x,pxsin,xsin^2,p^3,p^2sin,psin^2,sin^3,x^4,px^3,x^3sin,p^2x^2,px^2sin,x^2sin^2,p^3x,p^2xsin,pxsin^2,xsin^3,p^4,p^3sin,p^2sin^2,psin^3,sin^4
-0.03156274444383318,0.0,0.18403327260102934,-0.018269909287270153,0.0,0.033571183655738725,0.0,0.16414745233338926,1.2802190982453714,0.024431163424223443,0.0,0.0,0.0,-0.1711514978869899,0.0,0.0,-1.43295794004593,-1.3850498642870381,-0.20719071478636675,0.0,0.0,0.0,0.0,0.0,0.0,0.0,0.2671339490419026,0.0,0.0,0.0,0.0,2.141188312218959,0.4225641730784367,0.0,0.0
