cte,x,p,sin,x^2,px,xsin,p^2,psin,sin^2,x^3,px^2,x^2sin,p^2x,pxsin,xsin^2,p^3,p^2sin,psin^2,sin^3,x^4,px^3,x^3sin,p^2x^2,px^2sin,x^2sin^2,p^3x,p^2xsin,pxsin^2,xsin^3,p^4,p^3sin,p^2sin^2,psin^3,sin^4
0.0,0.001992063330018288,0.0,0.0,0.0,0.0,0.0,-0.027285333006918332,1.0000417120637826,0.0,0.0,0.0,0.0,0.0,0.0,0.0,0.1663840223372951,-0.01178528395967466,0.0,0.0,0.0,0.0,0.0,0.0,0.0,0.0,0.0,0.0,0.0,0.0,-0.26752076089077576,0.013029671927517814,0.0,0.0,0.0
