cte,x,p,sin,x^2,px,xsin,p^2,psin,sin^2,x^3,px^2,x^2sin,p^2x,pxsin,xsin^2,p^3,p^2sin,psin^2,sin^3,x^4,px^3,x^3sin,p^2x^2,px^2sin,x^2sin^2,p^3x,p^2xsin,pxsin^2,xsin^3,p^4,p^3sin,p^2sin^2,psin^3,sin^4
0.0,0.0019977448017218296,-0.0036096831266436407,0.0,0.0,0.0,0.0,0.020635514864413063,0.9971553356377691,0.0,0.0,0.0,0.0,0.0,0.0,0.0,-0.034324930673497005,0.01938900092497098,0.0,0.0,0.0,0.0,0.0,0.0,0.0,0.0,-0.0009770840562923575,0.0,0.0,0.0,0.0,-0.05693443425868991,0.0,0.0,0.0
