cte,x,p,sin,x^2,px,xsin,p^2,psin,sin^2,x^3,px^2,x^2sin,p^2x,pxsin,xsin^2,p^3,p^2sin,psin^2,sin^3,x^4,px^3,x^3sin,p^2x^2,px^2sin,x^2sin^2,p^3x,p^2xsin,pxsin^2,xsin^3,p^4,p^3sin,p^2sin^2,psin^3,sin^4
0.0,0.0,0.10263978028228216,0.0,0.0,0.0,0.0,-0.37800627529596603,0.7194971958620777,0.0,0.0,0.0,0.0,0.0,0.0,0.0,0.0,1.9839098381761369,-0.04692921378196626,0.0,0.0,0.0,0.0,0.0,0.0,0.0,0.08226399659991843,0.0,0.0,0.0,0.0,-3.5225183675597416,0.16576251531582992,0.0,0.0
