cte,x,p,sin,x^2,px,xsin,p^2,psin,sin^2,x^3,px^2,x^2sin,p^2x,pxsin,xsin^2,p^3,p^2sin,psin^2,sin^3,x^4,px^3,x^3sin,p^2x^2,px^2sin,x^2sin^2,p^3x,p^2xsin,pxsin^2,xsin^3,p^4,p^3sin,p^2sin^2,psin^3,sin^4
-0.02685980103934816,0.0,0.2671675625219143,0.03200334695498554,0.0,0.021261771853101595,0.0,-0.5687871734348292,0.811574265193734,0.02577619029506501,0.0,0.0,0.0,-0.04841822893906394,0.0,0.0,0.0,0.5645451546863666,-0.23715613016162596,-0.014363291609766172,0.0,0.0,0.0,0.0,0.0,0.0,0.0,0.0,0.0,0.0,0.0,-1.0589156469889571,0.46733709470296164,0.05256685566956288,0.0
