cte,x,p,sin,x^2,px,xsin,p^2,psin,sin^2,x^3,px^2,x^2sin,p^2x,pxsin,xsin^2,p^3,p^2sin,psin^2,sin^3,x^4,px^3,x^3sin,p^2x^2,px^2sin,x^2sin^2,p^3x,p^2xsin,pxsin^2,xsin^3,p^4,p^3sin,p^2sin^2,psin^3,sin^4
0.0,0.0,-0.1887279209083323,0.0,0.0,0.0,0.0,1.4717586866240777,0.9698973732991363,0.0,0.0,0.0,0.0,0.12219725229776947,0.0,0.0,-2.671729297795902,0.11229547297214737,0.029783932005272483,0.0,0.0,0.0,0.0,0.0,0.0,0.0,-0.3272658135996647,0.0,0.0,0.0,0.0,0.0,-0.16203441167373972,0.0,0.0
