cte,x,p,sin,x^2,px,xsin,p^2,psin,sin^2,x^3,px^2,x^2sin,p^2x,pxsin,xsin^2,p^3,p^2sin,psin^2,sin^3,x^4,px^3,x^3sin,p^2x^2,px^2sin,x^2sin^2,p^3x,p^2xsin,pxsin^2,xsin^3,p^4,p^3sin,p^2sin^2,psin^3,sin^4
0.0,0.0019969872992206474,-0.005756892165221747,0.0,0.0,0.0,0.0,0.05759252918979501,0.9983504369717968,0.0,0.0,0.0,0.0,0.0,0.0,0.0,-0.21943903053621758,0.018002453269565368,0.0,0.0,0.0,0.0,0.0,0.0,0.0,0.0,-0.0006412406131162672,0.0,0.0,0.0,0.28232630940385195,-0.09583902230605183,0.0,0.0,0.0
