cte,x,p,sin,x^2,px,xsin,p^2,psin,sin^2,x^3,px^2,x^2sin,p^2x,pxsin,xsin^2,p^3,p^2sin,psin^2,sin^3,x^4,px^3,x^3sin,p^2x^2,px^2sin,x^2sin^2,p^3x,p^2xsin,pxsin^2,xsin^3,p^4,p^3sin,p^2sin^2,psin^3,sin^4
0.0,0.0,0.0,-0.014890285929823884,0.0,0.04239527706881868,0.0,-0.03462800442985417,1.2840400012125728,0.0,0.0,0.0,0.0,-0.24089714229063935,0.0,0.0,0.21985399044535875,-1.4885661013050706,0.0,0.0,0.0,0.0,0.0,0.0,0.0,0.0,0.3998228041057768,0.0,0.0,0.0,-0.3642707181884767,2.2989069443717107,0.0,0.0,0.0
