cte,x,p,x^2,px,p^2,x^3,px^2,p^2x,p^3,x^4,px^3,p^2x^2,p^3x,p^4,x^5,px^4,p^2x^3,p^3x^2,p^4x,p^5
-35.556664034960946,-17.020983342516836,0.0,31.028946668012303,0.0,0.0,30.567346704813847,0.0,0.0,0.0,9.774524165212506,0.0,0.0,0.0,0.0,1.0752104128776097,0.0,0.0,0.0,0.0,0.0
