cte,x,p,sin,x^2,px,xsin,p^2,psin,sin^2
0.0,0.0019935500080220884,0.0,0.0,0.0,0.0,0.0,0.0,0.09984991019491135,0.0
