cte,x,p,sin,x^2,px,xsin,p^2,psin,sin^2
0.0,0.0019900110709245595,0.0,0.0,0.0,0.0,0.0,0.0,0.0998552223864598,0.0
