cte,x,p,sin,x^2,px,xsin,p^2,psin,sin^2
0.0,0.001989657138299508,0.0,0.0,0.0,0.0,0.0,0.0,0.9974609577539992,0.0
