cte,x,p,sin,x^2,px,xsin,p^2,psin,sin^2
0.0,0.001988505727210134,0.0,0.0,0.0,0.0,0.0,0.0,0.9969954644431492,0.0
