cte,x,p,sin,x^2,px,xsin,p^2,psin,sin^2
0.0,0.0019929598882050766,0.0,0.0,0.0,0.0,0.0,0.0,0.0997921770065741,0.0
