cte,x,p,sin,x^2,px,xsin,p^2,psin,sin^2
0.0,0.0019932655357572646,0.0,0.0,0.0,0.0,0.0,0.0,0.09987481080127135,0.0
