cte,x,p,sin,x^2,px,xsin,p^2,psin,sin^2
0.0,0.0019938135866217526,0.0,0.0,0.0,0.0,0.0,0.0,0.09980477993404266,0.0
