cte,x,p,sin,x^2,px,xsin,p^2,psin,sin^2
0.0,0.0019914711316258004,0.0,0.0,0.0,0.0,0.0,0.0,0.9970977950060617,0.0
