cte,x,p,sin,x^2,px,xsin,p^2,psin,sin^2
0.0,0.001993144941539703,0.0,0.0,0.0,0.0,0.0,0.0,0.9982110019124848,0.0
