cte,x,p,sin,x^2,px,xsin,p^2,psin,sin^2
0.0,0.0019858166297196007,0.0,0.0,0.0,0.0,0.0,0.0,0.09986573683385506,0.0
