cte,x,p,sin,x^2,px,xsin,p^2,psin,sin^2,initial_theta,delta_theta
0.0,0.0,0.0,0.5183928800254232,0.0,0.0,0.0,0.0,0.10287598566875822,0.0,-5.0,0.01
