cte,x,p,sin,x^2,px,xsin,p^2,psin,sin^2
0.0,0.0019932878990175425,0.0,0.0,0.0,0.0,0.0,0.0,0.9974835245029743,0.0
