cte,x,p,sin,x^2,px,xsin,p^2,psin,sin^2
0.0,0.0019919108664710754,0.0,0.0,0.0,0.0,0.0,0.0,0.997968102076845,0.0
