cte,x,p,sin,x^2,px,xsin,p^2,psin,sin^2,initial_theta,delta_theta
0.0,0.0,0.0,0.28812226886966336,0.0,0.0,0.0,0.0,0.02003579695441503,0.0,-15.0,0.05
