cte,x,p,sin,x^2,px,xsin,p^2,psin,sin^2,initial_theta,delta_theta
0.0,0.0,0.0,0.299914921681691,0.0,0.0,0.0,0.0,0.01969895604301742,0.0,-15.0,0.05
