cte,x,p,sin,x^2,px,xsin,p^2,psin,sin^2,initial_theta,delta_theta
0.0,0.0,0.0,0.30497795444700637,0.0,0.0,0.0,0.0,0.019639785356075957,0.0,-15.0,0.05
