cte,x,p,sin,x^2,px,xsin,p^2,psin,sin^2
0.0,0.001991848281449437,0.0,0.0,0.0,0.0,0.0,0.0,0.9973182841228887,0.0
