cte,x,p,sin,x^2,px,xsin,p^2,psin,sin^2
0.0,0.001993945234053534,0.0,0.0,0.0,0.0,0.0,-0.001641631428160261,0.99795896181591,0.0
