cte,x,p,sin,x^2,px,xsin,p^2,psin,sin^2
0.0,0.0019918376017587216,0.0,0.0,0.0,0.0,0.0,0.0,0.09983687241869826,0.0
