cte,x,p,sin,x^2,px,xsin,p^2,psin,sin^2,initial_theta,delta_theta
0.0,0.0,0.0,0.011185541555550835,0.0,0.0,0.0,0.0,0.01946720856278795,0.0,-1.0,0.05
