cte,x,p,sin,x^2,px,xsin,p^2,psin,sin^2
0.0,0.001993622765834778,0.0,0.0,0.0,0.0,0.0,0.0,0.09983344017551002,0.0
