cte,x,p,sin,x^2,px,xsin,p^2,psin,sin^2
0.0,0.0019895055333554097,0.0,0.0,0.0,0.0,0.0,0.0,0.09981299910234893,0.0
