cte,x,p,sin,x^2,px,xsin,p^2,psin,sin^2
0.0,0.0019915325200457047,0.0,0.0,0.0,0.0,0.0,-0.0016064174225397679,0.9976836144191142,0.0
