cte,x,p,sin,x^2,px,xsin,p^2,psin,sin^2
0.0,0.001988775023487271,0.0,0.0,0.0,0.0,0.0,0.0,0.09988472349488416,0.0
