cte,x,p,sin,x^2,px,xsin,p^2,psin,sin^2,initial_theta,delta_theta
0.0,0.0,0.0,0.20920623451625595,0.0,0.0,0.0,0.0,0.020334832629063423,0.0,-10.0,0.05
