cte,x,p,sin,x^2,px,xsin,p^2,psin,sin^2,initial_theta,delta_theta
0.0,0.0,0.0,0.31535700708208203,0.0,0.0,0.0,0.0,0.018850829052582625,0.0,-15.0,0.05
