cte,x,p,sin,x^2,px,xsin,p^2,psin,sin^2
0.0,0.001991684388130253,0.0,0.0,0.0,0.0,0.0,0.0,0.9974820088717317,0.0
