cte,x,p,sin,x^2,px,xsin,p^2,psin,sin^2,initial_theta,delta_theta
0.0,0.0,0.0,0.1989218029924593,0.0,0.0,0.0,0.0,0.019531156868745705,0.0,-10.0,0.05
