cte,x,p,sin,x^2,px,xsin,p^2,psin,sin^2,initial_theta,delta_theta
0.0,0.0,0.0,0.09847198183781417,0.0,0.0,0.0,0.0,0.0979266148190755,0.0,-1.0,0.01
