cte,x,p,sin,x^2,px,xsin,p^2,psin,sin^2,initial_theta,delta_theta
0.0,0.0,0.0,0.29812371575660396,0.0,0.0,0.0,0.0,0.019705688876470503,0.0,-15.0,0.05
