cte,x,p,sin,x^2,px,xsin,p^2,psin,sin^2
0.0,0.0019916033052962364,0.0,0.0,0.0,0.0,0.0,-0.0015416205446386543,0.9975293024817047,0.0
