cte,x,p,sin,x^2,px,xsin,p^2,psin,sin^2,initial_theta,delta_theta
0.0,0.0,0.0,0.08223770959424222,0.0,0.0,0.0,0.0,0.020467874275460856,0.0,-5.0,0.05
