cte,x,p,sin,x^2,px,xsin,p^2,psin,sin^2
0.0,0.0019944735076076886,0.0,0.0,0.0,0.0,0.0,0.0,0.09983284969142898,0.0
