cte,x,p,sin,x^2,px,xsin,p^2,psin,sin^2
0.0,0.0019915214386690243,0.0,0.0,0.0,0.0,0.0,0.0,0.09986822172882068,0.0
