cte,x,p,sin,x^2,px,xsin,p^2,psin,sin^2
0.0,0.001989725842134733,0.0,0.0,0.0,0.0,0.0,0.0,0.9978883491659782,0.0
