cte,x,p,sin,x^2,px,xsin,p^2,psin,sin^2
0.0,0.0019956382610844215,0.0,0.0,0.0,0.0,0.0,0.0,0.9977842832048242,0.0
