cte,x,p,sin,x^2,px,xsin,p^2,psin,sin^2,initial_theta,delta_theta
0.0,0.0,0.0,0.18972998657890294,0.0,0.0,0.0,0.0,0.01968652431346159,0.0,-10.0,0.05
