cte,x,p,sin,x^2,px,xsin,p^2,psin,sin^2,initial_theta,delta_theta
0.0,0.0,0.0,0.20393240549564803,0.0,0.0,0.0,0.0,0.019943016510372145,0.0,-10.0,0.05
