cte,x,p,sin,x^2,px,xsin,p^2,psin,sin^2
0.0,0.001994660912653226,0.0,0.0,0.0,0.0,0.0,0.0,0.0998711524682735,0.0
