cte,x,p,sin,x^2,px,xsin,p^2,psin,sin^2
0.0,0.0019928433029667977,0.0,0.0,0.0,0.0,0.0,0.0,0.0998626947474149,0.0
