cte,x,p,sin,x^2,px,xsin,p^2,psin,sin^2
0.0,0.0019898823556673854,0.0,0.0,0.0,0.0,0.0,0.0,0.09986100956149123,0.0
