cte,x,p,sin,x^2,px,xsin,p^2,psin,sin^2
0.0,0.0019909477873346257,0.0,0.0,0.0,0.0,0.0,0.0,0.9976105104602553,0.0
