cte,x,p,sin,x^2,px,xsin,p^2,psin,sin^2,initial_theta,delta_theta
0.0,0.0,0.0,0.010151701908597172,0.0,0.0,0.0,0.0,0.01996393746757901,0.0,-1.0,0.05
