cte,x,p,sin,x^2,px,xsin,p^2,psin,sin^2
0.0,0.00199370680656544,0.0,0.0,0.0,0.0,0.0,0.0,0.09990361513993394,0.0
