cte,x,p,sin,x^2,px,xsin,p^2,psin,sin^2
0.0,0.0019925222491047104,0.0,0.0,0.0,0.0,0.0,0.0,0.09988626249732348,0.0
