cte,x,p,sin,x^2,px,xsin,p^2,psin,sin^2
0.0,0.001993430234211124,0.0,0.0,0.0,0.0,0.0,0.0,0.9979740517095333,0.0
