cte,x,p,sin,x^2,px,xsin,p^2,psin,sin^2,initial_theta,delta_theta
0.0,0.0,0.0,0.12456593066987741,0.0,0.0,0.0,0.0,0.0908939153278186,0.0,-1.0,0.01
