cte,x,p,sin,x^2,px,xsin,p^2,psin,sin^2
0.0,0.001989707695416216,0.0,0.0,0.0,0.0,0.0,0.0,0.09988353049865094,0.0
