cte,x,p,sin,x^2,px,xsin,p^2,psin,sin^2,initial_theta,delta_theta
0.0,0.0,0.0,0.09103576029380606,0.0,0.0,0.0,0.0,0.019421970386902083,0.0,-5.0,0.05
