cte,x,p,sin,x^2,px,xsin,p^2,psin,sin^2
0.0,0.0019923817963730874,0.0,0.0,0.0,0.0,0.0,-0.0009874965675927415,0.9971319119454621,0.0
