cte,x,p,sin,x^2,px,xsin,p^2,psin,sin^2
0.0,0.001990072277839347,0.0,0.0,0.0,0.0,0.0,0.0,0.09986558262633782,0.0
