cte,x,p,sin,x^2,px,xsin,p^2,psin,sin^2,initial_theta,delta_theta
0.0,0.0,0.0,0.10636634862841331,0.0,0.0,0.0,0.0,0.020202411177046346,0.0,-5.0,0.05
