cte,x,p,sin,x^2,px,xsin,p^2,psin,sin^2
0.0,0.001985309838810732,0.0,0.0,0.0,0.0,0.0,0.0,0.09988888621730044,0.0
