cte,x,p,sin,x^2,px,xsin,p^2,psin,sin^2
0.0,0.0019863610103546003,0.0,0.0,0.0,0.0,0.0,0.0,0.09981690349024844,0.0
