cte,x,p,sin,x^2,px,xsin,p^2,psin,sin^2
0.0,0.001991926848854664,0.0,0.0,0.0,0.0,0.0,0.0,0.09987192949060042,0.0
