cte,x,p,sin,x^2,px,xsin,p^2,psin,sin^2
0.0,0.0019922433773726382,0.0,0.0,0.0,0.0,0.0,0.0,0.09982476278931735,0.0
