cte,x,p,sin,x^2,px,xsin,p^2,psin,sin^2
0.0,0.00199138021837925,0.0,0.0,0.0,0.0,0.0,-0.0017443674954087285,0.9972267577488353,0.0
