cte,x,p,sin,x^2,px,xsin,p^2,psin,sin^2
0.0,0.001990525570377756,0.0,0.0,0.0,0.0,0.0,-0.0016700586153088944,0.9981707282713199,0.0
