cte,x,p,sin,x^2,px,xsin,p^2,psin,sin^2
0.0,0.0019875990060965357,0.0,0.0,0.0,0.0,0.0,0.0,0.9968576958489717,0.0
