cte,x,p,sin,x^2,px,xsin,p^2,psin,sin^2
0.0,0.0019932896022085205,0.0,0.0,0.0,0.0,0.0,0.0,0.0998102574399171,0.0
