cte,x,p,sin,x^2,px,xsin,p^2,psin,sin^2
0.0,0.001990526379261306,0.0,0.0,0.0,0.0,0.0,0.0,0.09983684738127288,0.0
