cte,x,p,sin,x^2,px,xsin,p^2,psin,sin^2
0.0,0.001989895388754871,0.0,0.0,0.0,0.0,0.0,-0.0014657139525330566,0.997611534132383,0.0
