cte,x,p,sin,x^2,px,xsin,p^2,psin,sin^2
0.0,0.0019938606357894294,0.0,0.0,0.0,0.0,0.0,0.0,0.9972808493052018,0.0
