cte,x,p,sin,x^2,px,xsin,p^2,psin,sin^2
0.0,0.001992205017177629,0.0,0.0,0.0,0.0,0.0,0.0,0.0998974301280375,0.0
