cte,x,p,sin,x^2,px,xsin,p^2,psin,sin^2
0.0,0.001990464786299939,0.0,0.0,0.0,0.0,0.0,0.0,0.09980352443357869,0.0
