cte,x,p,sin,x^2,px,xsin,p^2,psin,sin^2
0.0,0.0019926662041075574,0.0,0.0,0.0,0.0,0.0,0.0,0.09985595862031815,0.0
