cte,x,p,sin,x^2,px,xsin,p^2,psin,sin^2
0.0,0.0019921123888216085,0.0,0.0,0.0,0.0,0.0,0.0,0.09989411017680727,0.0
