cte,x,p,sin,x^2,px,xsin,p^2,psin,sin^2
0.0,0.0019904565032988954,-0.0014408819457930378,0.0,0.0,0.0,0.0,0.0030025887857094923,0.9973981720351901,0.0
