cte,x,p,sin,x^2,px,xsin,p^2,psin,sin^2
0.0,0.0019904755502438173,0.0,0.0,0.0,0.0,0.0,0.0,0.09986387776467426,0.0
