cte,x,p,sin,x^2,px,xsin,p^2,psin,sin^2
0.0,0.0019887773621500493,-0.0013918633541023108,0.0,0.0,0.0,0.0,0.0029004411572094366,0.997474830706107,0.0
