cte,x,p,sin,x^2,px,xsin,p^2,psin,sin^2
0.0,0.0019897076954162205,0.0,0.0,0.0,0.0,0.0,0.0,0.9978364696815215,0.0
