cte,x,p,sin,x^2,px,xsin,p^2,psin,sin^2
0.0,0.001990293525361763,0.0,0.0,0.0,0.0,0.0,0.0,0.9979637540797799,0.0
