cte,x,p,sin,x^2,px,xsin,p^2,psin,sin^2,initial_theta,delta_theta
0.0,0.0,0.0,0.03593727390206413,0.0,0.0,0.0,0.0,0.02060115668400066,0.0,-1.0,0.05
