cte,x,p,sin,x^2,px,xsin,p^2,psin,sin^2
0.0,0.0019931849849049725,0.0,0.0,0.0,0.0,0.0,0.0,0.09981696282607393,0.0
