cte,x,p,sin,x^2,px,xsin,p^2,psin,sin^2
0.0,0.001993080998300871,0.0,0.0,0.0,0.0,0.0,0.0,0.09988247558319874,0.0
