cte,x,p,sin,x^2,px,xsin,p^2,psin,sin^2
0.0,0.0019910398816828634,0.0,0.0,0.0,0.0,0.0,-0.001643790469891618,0.9978178432970324,0.0
