cte,x,p,sin,x^2,px,xsin,p^2,psin,sin^2,initial_theta,delta_theta
0.0,0.0,0.0,-0.021939087060276016,0.0,0.0,0.0,0.0,0.020151508387000066,0.0,1.0,0.05
