cte,x,p,sin,x^2,px,xsin,p^2,psin,sin^2
0.0,0.0019918376017587225,0.0,0.0,0.0,0.0,0.0,0.0,0.9973703554627976,0.0
