cte,x,p,sin,x^2,px,xsin,p^2,psin,sin^2
0.0,0.0019875990060965387,0.0,0.0,0.0,0.0,0.0,0.0,0.09978555514003709,0.0
