cte,x,p,sin,x^2,px,xsin,p^2,psin,sin^2,initial_theta,delta_theta
0.0,0.0,0.0,0.09633809187713427,0.0,0.0,0.0,0.0,0.10376150470776334,0.0,-1.0,0.01
