cte,x,p,sin,x^2,px,xsin,p^2,psin,sin^2,initial_theta,delta_theta
0.0,0.2299722753349016,0.0,-1996.560959877257,0.0,-0.011398096463027115,0.0,0.0,99.82805871821476,0.0,20.0,1e-05
