cte,x,p,sin,x^2,px,xsin,p^2,psin,sin^2
0.0,0.0019934302342111258,0.0,0.0,0.0,0.0,0.0,0.0,0.0998973024734269,0.0
