cte,x,p,sin,x^2,px,xsin,p^2,psin,sin^2
0.0,0.00200107494269661,0.0,0.0,0.0,0.0,0.0,0.0,0.09991735050311584,0.0
