cte,x,p,sin,x^2,px,xsin,p^2,psin,sin^2
0.0,0.0019903589914563712,0.0,0.0,0.0,0.0,0.0,-0.0012578706432012701,0.9966634555554319,0.0
