cte,x,p,sin,x^2,px,xsin,p^2,psin,sin^2
0.0,0.0019944477926247704,0.0,0.0,0.0,0.0,0.0,-0.0019546594885357016,0.9978122477844095,0.0
