cte,x,p,sin,x^2,px,xsin,p^2,psin,sin^2,initial_theta,delta_theta
0.0,0.0,0.0,0.20565739253281817,0.0,0.0,0.0,0.0,0.019561414534984375,0.0,-10.0,0.05
