cte,x,p,sin,x^2,px,xsin,p^2,psin,sin^2
0.0,0.001993622765834776,0.0,0.0,0.0,0.0,0.0,0.0,0.9973360673533456,0.0
