cte,x,p,sin,x^2,px,xsin,p^2,psin,sin^2
0.0,0.001992002056835277,0.0,0.0,0.0,0.0,0.0,0.0,0.9973029668557675,0.0
