cte,x,p,sin,x^2,px,xsin,p^2,psin,sin^2
0.0,0.0019926842094790884,-0.001643146562731848,0.0,0.0,0.0,0.0,0.0034240788822628653,0.9974184738845358,0.0
