cte,x,p,sin,x^2,px,xsin,p^2,psin,sin^2
0.0,0.0019915067497443817,0.0,0.0,0.0,0.0,0.0,0.0,0.9979535312092572,0.0
