cte,x,p,sin,x^2,px,xsin,p^2,psin,sin^2,initial_theta,delta_theta
0.0,0.0,0.0,0.2839022522359474,0.0,0.0,0.0,0.0,0.019481263855644648,0.0,-15.0,0.05
