cte,x,p,sin,x^2,px,xsin,p^2,psin,sin^2
0.0,0.001994514166462643,0.0,0.0,0.0,0.0,0.0,0.0,0.9975227153751148,0.0
