cte,x,p,sin,x^2,px,xsin,p^2,psin,sin^2
0.0,0.0019925513583114603,-0.0015172243177590655,0.0,0.0,0.0,0.0,0.0031616752053460523,0.9978642158162276,0.0
