cte,x,p,sin,x^2,px,xsin,p^2,psin,sin^2
0.0,0.001993144941539702,0.0,0.0,0.0,0.0,0.0,0.0,0.09992102121246092,0.0
