cte,x,p,sin,x^2,px,xsin,p^2,psin,sin^2,initial_theta,delta_theta
0.0,0.0,0.0,0.19411365191436275,0.0,0.0,0.0,0.0,0.02002942888598961,0.0,-10.0,0.05
