cte,x,p,sin,x^2,px,xsin,p^2,psin,sin^2,initial_theta,delta_theta
0.0,0.0,0.0,0.39105167405949276,0.0,0.0,0.0,0.0,0.019709439436012246,0.0,-20.0,0.05
