cte,x,p,sin,x^2,px,xsin,p^2,psin,sin^2,initial_theta,delta_theta
0.0,0.0,0.0,0.011752769384321366,0.0,0.0,0.0,0.0,0.02069361807312689,0.0,-1.0,0.05
