cte,x,p,sin,x^2,px,xsin,p^2,psin,sin^2
0.0,0.001990094267631015,0.0,0.0,0.0,0.0,0.0,0.0,0.9974775015232276,0.0
