cte,x,p,sin,x^2,px,xsin,p^2,psin,sin^2,initial_theta,delta_theta
0.0,0.0,0.0,0.19694028383137602,0.0,0.0,0.0,0.0,0.019041993649210883,0.0,-10.0,0.05
