cte,x,p,sin,x^2,px,xsin,p^2,psin,sin^2
0.0,0.0019894185876952733,0.0,0.0,0.0,0.0,0.0,0.0,0.9974504170381443,0.0
