cte,x,p,sin,x^2,px,xsin,p^2,psin,sin^2,initial_theta,delta_theta
0.0,0.0,0.0,0.10824517939339907,0.0,0.0,0.0,0.0,0.018785403856342725,0.0,-5.0,0.05
