cte,x,p,sin,x^2,px,xsin,p^2,psin,sin^2
0.0,0.0019914711316257987,0.0,0.0,0.0,0.0,0.0,0.0,0.09980958908969584,0.0
