cte,x,p,sin,x^2,px,xsin,p^2,psin,sin^2
0.0,0.00199199614250688,0.0,0.0,0.0,0.0,0.0,0.0,0.09990337514915072,0.0
