cte,x,p,sin,x^2,px,xsin,p^2,psin,sin^2
0.0,0.0019853187893537454,0.0,0.0,0.0,0.0,0.0,-0.0011863921337830394,0.9978899163195757,0.0
