cte,x,p,sin,x^2,px,xsin,p^2,psin,sin^2,initial_theta,delta_theta
0.0,0.0,0.0,0.2991683108502936,0.0,0.0,0.0,0.0,0.020299684868121528,0.0,-15.0,0.05
