cte,x,p,sin,x^2,px,xsin,p^2,psin,sin^2
0.0,0.00199784084437868,0.0,0.0,0.0,0.0,0.0,0.0,0.09990542802523299,0.0
