cte,x,p,sin,x^2,px,xsin,p^2,psin,sin^2
0.0,0.0019911174432901825,0.0,0.0,0.0,0.0,0.0,0.0,0.09989745200744465,0.0
