cte,x,p,sin,x^2,px,xsin,p^2,psin,sin^2,initial_theta,delta_theta
0.0,0.0,0.0,0.1959254200144467,0.0,0.0,0.0,0.0,0.02117637997992756,0.0,-10.0,0.05
