cte,x,p,sin,x^2,px,xsin,p^2,psin,sin^2
0.0,0.001993034760368897,0.0,0.0,0.0,0.0,0.0,0.0,0.09988592328610146,0.0
