cte,x,p,sin,x^2,px,xsin,p^2,psin,sin^2
0.0,0.001990599444583487,0.0,0.0,0.0,0.0,0.0,0.0,0.09986261969500417,0.0
