cte,x,p,sin,x^2,px,xsin,p^2,psin,sin^2,initial_theta,delta_theta
0.0,0.0,0.0,0.3074371935924226,0.0,0.0,0.0,0.0,0.020578340114770884,0.0,-15.0,0.05
