cte,x,p,sin,x^2,px,xsin,p^2,psin,sin^2
0.0,0.0019929799480844,0.0,0.0,0.0,0.0,0.0,-0.0018084834714752946,0.9969240714841726,0.0
