cte,x,p,sin,x^2,px,xsin,p^2,psin,sin^2
0.0,0.001991976430321306,0.0,0.0,0.0,0.0,0.0,0.0,0.09981801011528409,0.0
