cte,x,p,sin,x^2,px,xsin,p^2,psin,sin^2
0.0,0.0019828417634219072,0.0,0.0,0.0,0.0,0.0,0.0,0.9977920207723907,0.0
