cte,x,p,sin,x^2,px,xsin,p^2,psin,sin^2
0.0,0.00199050211540405,-0.0018421694069088107,0.0,0.0,0.0,0.0,0.0038388135951144915,0.9970357969223601,0.0
