cte,x,p,sin,x^2,px,xsin,p^2,psin,sin^2,initial_theta,delta_theta
0.0,0.0,0.0,0.3077444877909221,0.0,0.0,0.0,0.0,0.020006400963288946,0.0,-15.0,0.05
