cte,x,p,sin,x^2,px,xsin,p^2,psin,sin^2
0.0,0.001993052364623246,-0.001544440543188576,0.0,0.0,0.0,0.0,0.0032183898678155294,0.9978603733075468,0.0
