cte,x,p,sin,x^2,px,xsin,p^2,psin,sin^2
0.0,0.0019909484157270237,0.0,0.0,0.0,0.0,0.0,-0.0012924742198509654,0.997189427134957,0.0
