cte,x,p,sin,x^2,px,xsin,p^2,psin,sin^2
0.0,0.0019900889535823217,0.0,0.0,0.0,0.0,0.0,-0.0015536744734905442,0.9976569782784317,0.0
