cte,x,p,sin,x^2,px,xsin,p^2,psin,sin^2
0.0,0.0019911971346985905,-0.00180890114142796,0.0,0.0,0.0,0.0,0.003769487359771413,0.9974572877106208,0.0
