cte,x,p,sin,x^2,px,xsin,p^2,psin,sin^2
0.0,0.0019906697002420705,0.0,0.0,0.0,0.0,0.0,-0.0014980638583939187,0.9975749218613951,0.0
