cte,x,p,sin,x^2,px,xsin,p^2,psin,sin^2
0.0,0.0019911634046657074,0.0,0.0,0.0,0.0,0.0,0.0,0.09984546653882564,0.0
