cte,x,p,sin,x^2,px,xsin,p^2,psin,sin^2,initial_theta,delta_theta
0.0,0.0,0.0,0.09346068412192537,0.0,0.0,0.0,0.0,0.1000084857784577,0.0,-1.0,0.01
