cte,x,p,sin,x^2,px,xsin,p^2,psin,sin^2,initial_theta,delta_theta
0.0,0.0,0.0,0.10121737499733922,0.0,0.0,0.0,0.0,0.020527497906007774,0.0,-5.0,0.05
