cte,x,p,sin,x^2,px,xsin,p^2,psin,sin^2
0.0,0.0019887491215867612,0.0,0.0,0.0,0.0,0.0,0.0,0.09984742445157839,0.0
