cte,x,p,sin,x^2,px,xsin,p^2,psin,sin^2
0.0,0.0019932896022085223,0.0,0.0,0.0,0.0,0.0,0.0,0.9971044718247726,0.0
