cte,x,p,sin,x^2,px,xsin,p^2,psin,sin^2,initial_theta,delta_theta
0.0,0.0,0.0,0.2910303371706031,0.0,0.0,0.0,0.0,0.019111671195469502,0.0,-15.0,0.05
