cte,x,p,sin,x^2,px,xsin,p^2,psin,sin^2
0.0,0.0019978408443786823,0.0,0.0,0.0,0.0,0.0,0.0,0.9980552259720786,0.0
