cte,x,p,sin,x^2,px,xsin,p^2,psin,sin^2
0.0,0.0019852149010255614,-0.001673679475268278,0.0,0.0,0.0,0.0,0.0034877050391906974,0.997918296387721,0.0
