cte,x,p,sin,x^2,px,xsin,p^2,psin,sin^2
0.0,0.0019895026416115367,0.0,0.0,0.0,0.0,0.0,0.0,0.09981576736882199,0.0
