cte,x,p,sin,x^2,px,xsin,p^2,psin,sin^2
0.0,0.0019945141664626425,0.0,0.0,0.0,0.0,0.0,0.0,0.09985212366117245,0.0
