cte,x,p,sin,x^2,px,xsin,p^2,psin,sin^2
0.0,0.0019828417634219025,0.0,0.0,0.0,0.0,0.0,0.0,0.09987908115839751,0.0
