cte,x,p,sin,x^2,px,xsin,p^2,psin,sin^2
0.0,0.0019919268488546617,0.0,0.0,0.0,0.0,0.0,0.0,0.9977205756110975,0.0
