cte,x,p,sin,x^2,px,xsin,p^2,psin,sin^2
0.0,0.001993287899017545,0.0,0.0,0.0,0.0,0.0,0.0,0.09984820065094843,0.0
