cte,x,p,sin,x^2,px,xsin,p^2,psin,sin^2
0.0,0.001990543839481078,0.0,0.0,0.0,0.0,0.0,0.0,0.996957614994188,0.0
