cte,x,p,sin,x^2,px,xsin,p^2,psin,sin^2
0.0,0.0019921241309857614,0.0,0.0,0.0,0.0,0.0,-0.001482639561654452,0.9979421899121013,0.0
