cte,x,p,sin,x^2,px,xsin,p^2,psin,sin^2
0.0,0.0019938135866217517,0.0,0.0,0.0,0.0,0.0,0.0,0.9970497515410858,0.0
