cte,x,p,sin,x^2,px,xsin,p^2,psin,sin^2
0.0,0.0019964080238329455,0.0,0.0,0.0,0.0,0.0,0.0,0.09990810730229932,0.0
