cte,x,p,sin,x^2,px,xsin,p^2,psin,sin^2
0.0,0.001993138337765483,0.0,0.0,0.0,0.0,0.0,0.0,0.09983422553153685,0.0
