cte,x,p,sin,x^2,px,xsin,p^2,psin,sin^2
0.0,0.001990585926560485,0.0,0.0,0.0,0.0,0.0,0.0,0.9976914642236654,0.0
