cte,x,p,sin,x^2,px,xsin,p^2,psin,sin^2
0.0,0.0019918701172181846,0.0,0.0,0.0,0.0,0.0,0.0,0.997173512887043,0.0
