cte,x,p,sin,x^2,px,xsin,p^2,psin,sin^2
0.0,0.0019907850035248914,0.0,0.0,0.0,0.0,0.0,0.0,0.9975415720557592,0.0
