cte,x,p,sin,x^2,px,xsin,p^2,psin,sin^2
0.0,0.0019935781665051605,0.0,0.0,0.0,0.0,0.0,-0.0016368552402736326,0.9981197904383873,0.0
