cte,x,p,sin,x^2,px,xsin,p^2,psin,sin^2
0.0,0.0019851927899872087,0.0,0.0,0.0,0.0,0.0,0.0,0.09989173533110482,0.0
