cte,x,p,sin,x^2,px,xsin,p^2,psin,sin^2
0.0,0.001993089805831688,0.0,0.0,0.0,0.0,0.0,0.0,0.09984470644060513,0.0
