cte,x,p,sin,x^2,px,xsin,p^2,psin,sin^2
0.0,0.0019930809983008707,0.0,0.0,0.0,0.0,0.0,0.0,0.9978259310761556,0.0
