cte,x,p,sin,x^2,px,xsin,p^2,psin,sin^2
0.0,0.0019919375835181947,0.0,0.0,0.0,0.0,0.0,0.0,0.09983721234337886,0.0
