cte,x,p,sin,x^2,px,xsin,p^2,psin,sin^2,initial_theta,delta_theta
0.0,0.0,0.0,0.1912433361468307,0.0,0.0,0.0,0.0,0.20575899639351405,0.0,-1.0,0.005
