cte,x,p,sin,x^2,px,xsin,p^2,psin,sin^2
0.0,0.001991178134171764,0.0,0.0,0.0,0.0,0.0,0.0,0.9971232268682331,0.0
