cte,x,p,sin,x^2,px,xsin,p^2,psin,sin^2,initial_theta,delta_theta
0.0,0.0,0.0,-0.08808938032594806,0.0,0.0,0.0,0.0,0.0951634838707406,0.0,1.0,0.01
