cte,x,p,sin,x^2,px,xsin,p^2,psin,sin^2
0.0,0.001988779435563469,0.0,0.0,0.0,0.0,0.0,0.0,0.09987454949516689,0.0
