cte,x,p,sin,x^2,px,xsin,p^2,psin,sin^2
0.0,0.001992255171325664,0.0,0.0,0.0,0.0,0.0,0.0,0.09987119457651986,0.0
