cte,x,p,sin,x^2,px,xsin,p^2,psin,sin^2
0.0,0.0019926662041075583,0.0,0.0,0.0,0.0,0.0,0.0,0.9975610266169791,0.0
