cte,x,p,sin,x^2,px,xsin,p^2,psin,sin^2
0.0,0.0019946609126532313,0.0,0.0,0.0,0.0,0.0,0.0,0.9977128131580523,0.0
