cte,x,p,sin,x^2,px,xsin,p^2,psin,sin^2
0.0,0.001993116989273296,0.0,0.0,0.0,0.0,0.0,-0.0019258143954471857,0.9974489882621467,0.0
