cte,x,p,sin,x^2,px,xsin,p^2,psin,sin^2
0.0,0.0019923738622561714,0.0,0.0,0.0,0.0,0.0,0.0,0.0998130026474713,0.0
