cte,x,p,sin,x^2,px,xsin,p^2,psin,sin^2
0.0,0.0019891220251531316,0.0,0.0,0.0,0.0,0.0,0.0,0.09986801736108845,0.0
