cte,x,p,sin,x^2,px,xsin,p^2,psin,sin^2
0.0,0.001991684388130252,0.0,0.0,0.0,0.0,0.0,0.0,0.0998480489361092,0.0
