cte,x,p,sin,x^2,px,xsin,p^2,psin,sin^2
0.0,0.001993652943489276,0.0,0.0,0.0,0.0,0.0,-0.0016081197006401515,0.9978011737461591,0.0
