cte,x,p,sin,x^2,px,xsin,p^2,psin,sin^2
0.0,0.001993550008022089,0.0,0.0,0.0,0.0,0.0,0.0,0.9975006028471654,0.0
