cte,x,p,sin,x^2,px,xsin,p^2,psin,sin^2,initial_theta,delta_theta
0.0,0.0,0.0,0.10887435373290538,0.0,0.0,0.0,0.0,0.09613667079580848,0.0,-1.0,0.01
