cte,x,p,sin,x^2,px,xsin,p^2,psin,sin^2
0.0,0.0019919375835181965,0.0,0.0,0.0,0.0,0.0,0.0,0.9973737513103537,0.0
