cte,x,p,sin,x^2,px,xsin,p^2,psin,sin^2,initial_theta,delta_theta
0.0,0.0,0.0,0.18301435190077392,0.0,0.0,0.0,0.0,0.020584073384653852,0.0,-10.0,0.05
