cte,x,p,sin,x^2,px,xsin,p^2,psin,sin^2
0.0,0.001990610181608627,0.0,0.0,0.0,0.0,0.0,-0.0016697727222089861,0.9976275637862551,0.0
