cte,x,p,sin,x^2,px,xsin,p^2,psin,sin^2
0.0,0.0019905859265604846,0.0,0.0,0.0,0.0,0.0,0.0,0.09986901543780434,0.0
