cte,x,p,sin,x^2,px,xsin,p^2,psin,sin^2
0.0,0.001996426675284005,0.0,0.0,0.0,0.0,0.0,-0.0016823314064887867,0.9980820702464122,0.0
