cte,x,p,sin,x^2,px,xsin,p^2,psin,sin^2
0.0,0.0019900942676310145,0.0,0.0,0.0,0.0,0.0,0.0,0.09984759775007283,0.0
