cte,x,p,sin,x^2,px,xsin,p^2,psin,sin^2
0.0,0.0019883446154387225,0.0,0.0,0.0,0.0,0.0,-0.0016395319925971215,0.9979992036183237,0.0
