cte,x,p,sin,x^2,px,xsin,p^2,psin,sin^2
0.0,0.0019885057272101356,0.0,0.0,0.0,0.0,0.0,0.0,0.09979934579010506,0.0
