cte,x,p,sin,x^2,px,xsin,p^2,psin,sin^2
0.0,0.0019887794355634716,0.0,0.0,0.0,0.0,0.0,0.0,0.9977467494567186,0.0
