cte,x,p,sin,x^2,px,xsin,p^2,psin,sin^2
0.0,0.0019910274302216376,0.0,0.0,0.0,0.0,0.0,0.0,0.09988166357369782,0.0
