cte,x,p,sin,x^2,px,xsin,p^2,psin,sin^2
0.0,0.0019942329935648878,0.0,0.0,0.0,0.0,0.0,0.0,0.09992619207650626,0.0
