cte,x,p,sin,x^2,px,xsin,p^2,psin,sin^2
0.0,0.0019918482814494367,0.0,0.0,0.0,0.0,0.0,0.0,0.09983166007236126,0.0
