cte,x,p,sin,x^2,px,xsin,p^2,psin,sin^2
0.0,0.0019944735076076877,0.0,0.0,0.0,0.0,0.0,0.0,0.9973301684173754,0.0
