cte,x,p,sin,x^2,px,xsin,p^2,psin,sin^2,initial_theta,delta_theta
0.0,0.0,0.0,0.20737602434624886,0.0,0.0,0.0,0.0,0.02157894937061666,0.0,-10.0,0.05
