cte,x,p,sin,x^2,px,xsin,p^2,psin,sin^2,initial_theta,delta_theta
0.0,0.0,0.0,0.30468196786470825,0.0,0.0,0.0,0.0,0.020299443434073482,0.0,-15.0,0.05
