cte,x,p,sin,x^2,px,xsin,p^2,psin,sin^2
0.0,0.001988305415222235,0.0,0.0,0.0,0.0,0.0,0.0,0.09989990978341699,0.0
