cte,x,p,sin,x^2,px,xsin,p^2,psin,sin^2,initial_theta,delta_theta
0.0,0.0,0.0,0.3048587324225391,0.0,0.0,0.0,0.0,0.018912314860748985,0.0,-15.0,0.05
