cte,x,p,sin,x^2,px,xsin,p^2,psin,sin^2
0.0,0.0019897258421347334,0.0,0.0,0.0,0.0,0.0,0.0,0.09988872364023815,0.0
