cte,x,p,sin,x^2,px,xsin,p^2,psin,sin^2
0.0,0.0019945174822219762,0.0,0.0,0.0,0.0,0.0,0.0,0.9972240762233552,0.0
