cte,x,p,sin,x^2,px,xsin,p^2,psin,sin^2
0.0,0.00199451748222197,0.0,0.0,0.0,0.0,0.0,0.0,0.09982222985218758,0.0
