cte,x,p,sin,x^2,px,xsin,p^2,psin,sin^2
0.0,0.0019928975991268818,0.0,0.0,0.0,0.0,0.0,0.0,0.997441758374924,0.0
