cte,x,p,sum_sin(xj+xi),x^2,px,xsum_sin(xj+xi),p^2,psum_sin(xj+xi),sum_sin^2(xj+xi)
-0.032633021359400154,0.0,0.1035144166475665,-0.016326628182828748,0.0,0.0,0.0,-0.0382213459537771,0.07727777167207271,0.0
