cte,x,p,sum_sin(xj+xi),x^2,px,xsum_sin(xj+xi),p^2,psum_sin(xj+xi),sum_sin^2(xj+xi)
-0.0665844578066821,0.0,0.05169622004451289,-0.09936451710974384,0.0,0.0,0.0,-0.03806161161217167,0.0,0.07966469478995888
