cte,x,p,sum_sin(xj+xi),x^2,px,xsum_sin(xj+xi),p^2,psum_sin(xj+xi),sum_sin^2(xj+xi),initial_theta,delta_theta
0.033403394533808986,0.0,0.0,-0.04814630133597764,0.0,0.0,0.0,0.0,0.029417298305083724,-0.10929093792214777,-5.0,0.05
