cte,x,p,sum_sin(xj+xi),x^2,px,xsum_sin(xj+xi),p^2,psum_sin(xj+xi),sum_sin^2(xj+xi)
-0.04927959587316036,0.0,0.0,-0.07347776677945878,0.0,0.0,0.0,0.0,-0.03060008939172906,-0.022825570837736685
