cte,x,p,sum_sin(xj+xi),x^2,px,xsum_sin(xj+xi),p^2,psum_sin(xj+xi),sum_sin^2(xj+xi)
0.019401445880736095,0.0,0.10501558250173389,-0.06345644849250541,0.0,0.0,0.0,-0.11443234626253336,0.07510087759315659,0.0
