cte,x,p,sum_sin(xj+xi),x^2,px,xsum_sin(xj+xi),p^2,psum_sin(xj+xi),sum_sin^2(xj+xi)
-0.0619983853404078,0.0,0.0,0.0,0.0,0.0,0.0,0.013649527568195364,-0.05907673473522257,0.036637142381527966
