cte,x,p,sum_sin(xj+xi),x^2,px,xsum_sin(xj+xi),p^2,psum_sin(xj+xi),sum_sin^2(xj+xi)
0.0,0.0,0.019176250797342437,0.0,0.0,0.0,0.0,-0.0541456956823737,0.03788021082513471,0.0
