cte,x,p,sum_sin(xj+xi),x^2,px,xsum_sin(xj+xi),p^2,psum_sin(xj+xi),sum_sin^2(xj+xi),initial_theta,delta_theta
-0.19209981978357815,0.0,-0.032519511805582296,-0.011215786890578254,0.0,0.0,0.0,0.0,-0.012746087311871067,0.05488540303205796,-5.0,0.05
