cte,x,p,sum_sin(xj+xi),x^2,px,xsum_sin(xj+xi),p^2,psum_sin(xj+xi),sum_sin^2(xj+xi)
0.042807450757788065,0.0,-0.1792997504366261,0.0,0.0,-0.015591829063915768,0.0,0.45149841458820744,-0.11228569677623468,-0.019148317974221604
