cte,x,p,sum_sin(xj+xi),x^2,px,xsum_sin(xj+xi),p^2,psum_sin(xj+xi),sum_sin^2(xj+xi)
0.0,0.0,0.3949238658743143,0.0,0.0,0.0,0.0,-0.5071416266259978,-0.5357665648269827,0.0
