cte,x,p,sum_sin(xj+xi),x^2,px,xsum_sin(xj+xi),p^2,psum_sin(xj+xi),sum_sin^2(xj+xi)
0.06086494279011296,0.0,-2.4051935596403746,0.12267978280852626,0.0,0.0,0.0,8.097250565284396,-1.2009009956256467,0.03652043830395976
