cte,x,p,sum_sin(xj+xi),x^2,px,xsum_sin(xj+xi),p^2,psum_sin(xj+xi),sum_sin^2(xj+xi)
-0.040006770049094476,0.0,0.0,0.11645756508736908,0.0,0.0,0.0,0.0,0.0,0.046538325212977676
