cte,x,p,sum_sin(xj-xi),x^2,px,xsum_sin(xj-xi),p^2,psum_sin(xj-xi),sum_sin^2(xj-xi)
0.0,0.001987695108850714,-0.0024086262581162663,0.0,0.0,0.0,0.0,0.0066950963601363055,0.996349795197713,0.0
