cte,x,p,sum_sin(xj-xi),x^2,px,xsum_sin(xj-xi),p^2,psum_sin(xj-xi),sum_sin^2(xj-xi)
0.0,0.001988531034139626,-0.002055435869271446,0.0,0.0,0.0,0.0,0.005713356798570951,0.9969361023966055,0.0
