cte,x,p,sum_sin(xj-xi),x^2,px,xsum_sin(xj-xi),p^2,psum_sin(xj-xi),sum_sin^2(xj-xi)
0.0,0.001987600945814197,0.0,0.0,0.0,0.0,0.0,-0.0030978054698047675,0.9960206287715841,0.0
