cte,x,p,sum_sin(xj-xi),x^2,px,xsum_sin(xj-xi),p^2,psum_sin(xj-xi),sum_sin^2(xj-xi),initial_theta,delta_theta
0.0,-0.22453647175141056,0.0,1992.3240488476295,0.0,-0.011326948871571851,0.0,0.0,99.61619368095795,0.0,-20.0,1e-05
