cte,x,p,sum_sin(xj-xi),x^2,px,xsum_sin(xj-xi),p^2,psum_sin(xj-xi),sum_sin^2(xj-xi),initial_theta,delta_theta
0.0,-0.1314861954735974,0.0,996.6323233988496,0.0,-0.013348954852254711,0.0,0.0,99.66321269562357,0.0,-10.0,1e-05
