cte,x,p,sum_sin(xj-xi),x^2,px,xsum_sin(xj-xi),p^2,psum_sin(xj-xi),sum_sin^2(xj-xi)
0.0,0.0019864186172854352,0.0,0.0,0.0,0.0,0.0,-0.003928884115894594,0.9958449428677124,0.0
