cte,x,p,sum_sin(xj-xi),x^2,px,xsum_sin(xj-xi),p^2,psum_sin(xj-xi),sum_sin^2(xj-xi)
0.0,0.0019869017956101217,-0.0020091872746868388,0.0,0.0,0.0,0.0,0.005584802691761415,0.9959064195055949,0.0
