cte,x,p,x^2,px,p^2,x^3,px^2,p^2x,p^3,x^4,px^3,p^2x^2,p^3x,p^4,x^5,px^4,p^2x^3,p^3x^2,p^4x,p^5,x^6,px^5,p^2x^4,p^3x^3,p^4x^2,p^5x,p^6
0.0,0.0,0.0,-6.590421236100074,0.0,0.0,-11.744266587092891,0.0,0.0,0.0,-7.696106116367795,0.0,0.0,0.0,0.0,-2.2151891904426138,0.0,0.0,0.0,0.0,0.0,-0.237115698288103,0.0,0.0,0.0,0.0,0.0,0.0
