cte,x,p,x^2,px,p^2,x^3,px^2,p^2x,p^3,x^4,px^3,p^2x^2,p^3x,p^4,x^5,px^4,p^2x^3,p^3x^2,p^4x,p^5,x^6,px^5,p^2x^4,p^3x^3,p^4x^2,p^5x,p^6
0.0,0.0,0.0,-6.429894812555342,0.0,0.0,-11.288298507441763,0.0,0.0,0.0,-7.287481405426357,0.0,0.0,0.0,0.0,-2.0664465274310575,0.0,0.0,0.0,0.0,0.0,-0.2179166840050424,0.0,0.0,0.0,0.0,0.0,0.0
