cte,x,p,x^2,px,p^2,x^3,px^2,p^2x,p^3,initial_theta,delta_theta
3.501501505787894,0.7432431940160945,0.10010011709865416,0.0,-0.4504504459532944,0.0,-0.9999999970147814,0.0,0.0,0.0,-15.0,0.01
