cte,x,p,x^2,px,p^2,x^3,px^2,p^2x,p^3,initial_theta,delta_theta
0.20000008212489268,4.000000058952527,0.5605605506796683,0.0,-0.20020020484467152,0.0,-1.0000000044753532,0.0,0.0,0.0,0.0,0.005
