cte,x,p,x^2,px,p^2,x^3,px^2,p^2x,p^3,initial_theta,delta_theta
1.60060021266765,5.099098847723965,0.04004004601740717,0.0,-0.06006005773258113,0.0,-0.9999999849234089,0.0,0.0,0.0,-15.0,0.05
