cte,x,p,x^2,px,p^2,x^3,px^2,p^2x,p^3
1.999999035527219,8.499999520932935,0.10010016380358369,0.0,-0.5505505305150865,0.0,-0.999999982816934,0.0,0.0,0.0
