cte,x,p,x^2,px,p^2,x^3,px^2,p^2x,p^3
1.600000573059788,7.500000290931229,0.14014010250802497,0.0,-0.4504504622446403,0.0,-1.0000000105731779,0.0,0.0,0.0
