cte,x,p,x^2,px,p^2,x^3,px^2,p^2x,p^3,initial_theta,delta_theta
1.2002008536401638,6.149650025610402,0.20020015588564777,0.0,-0.35035036625229854,0.0,-1.0000000179373438,0.0,0.0,0.0,-1.0,0.01
