cte,x,p,x^2,px,p^2,x^3,px^2,p^2x,p^3,initial_theta,delta_theta
2.200800781441805,3.499499481298995,0.1601601619372799,0.0,-0.10010009911528976,0.0,-0.9999999977157471,0.0,0.0,0.0,-5.0,0.01
