cte,x,p,x^2,px,p^2,x^3,px^2,p^2x,p^3,initial_theta,delta_theta
0.13973958117879437,4.100099991156699,0.26026026950409864,0.0,-0.10010009590092973,0.0,-0.9999999925894768,0.0,0.0,0.0,1.0,0.01
