cte,x,p,x^2,px,p^2,x^3,px^2,p^2x,p^3,initial_theta,delta_theta
3.0024024445725144,2.9954955321590004,0.24024023376644466,0.0,-0.4504504533343652,0.0,-1.0000000035561936,0.0,0.0,0.0,-10.0,0.01
