cte,x,p,x^2,px,p^2,x^3,px^2,p^2x,p^3,initial_theta,delta_theta
-0.20160144459336357,6.001501598138688,0.32032030805691314,0.0,-0.30030030598813573,0.0,-1.00000000502407,0.0,0.0,0.0,5.0,0.005
