cte,x,p,x^2,px,p^2,x^3,px^2,p^2x,p^3,initial_theta,delta_theta
-0.12052036019658278,6.6006006974063265,0.5205205034360454,0.0,-0.6006006078679184,0.0,-1.0000000051717897,0.0,0.0,0.0,1.0,0.005
