cte,x,p,x^2,px,p^2,x^3,px^2,p^2x,p^3,initial_theta,delta_theta
3.0024028450877718,2.9949953629930186,0.2402401598627577,0.0,-0.5005005264097557,0.0,-1.000000023169489,0.0,0.0,0.0,-10.0,0.01
