cte,x,p,x^2,px,p^2,x^3,px^2,p^2x,p^3,initial_theta,delta_theta
2.04064147616697,6.297798287598094,0.03203201751613585,0.0,-0.11011011523015499,0.0,-1.00000002425693,0.0,0.0,0.0,-20.0,0.05
