cte,x,p,x^2,px,p^2,x^3,px^2,p^2x,p^3,initial_theta,delta_theta
2.3007005696172302,4.9979979132304155,0.14014015258319196,0.0,-0.40040039600529387,0.0,-0.9999999952630959,0.0,0.0,0.0,-5.0,0.01
