cte,x,p,x^2,px,p^2,x^3,px^2,p^2x,p^3,initial_theta,delta_theta
3.001801936614895,2.994995110149895,0.18018015608846633,0.0,-0.500500508945241,0.0,-1.00000000831625,0.0,0.0,0.0,-10.0,0.01
