cte,x,p,x^2,px,p^2,x^3,px^2,p^2x,p^3
1.7999997290890255,6.999999841736367,0.12012013731911543,0.0,-0.400400393718535,0.0,-0.9999999919635025,0.0,0.0,0.0
