cte,x,p,x^2,px,p^2,x^3,px^2,p^2x,p^3,initial_theta,delta_theta
3.00220218727466,2.9954954820610387,0.22022022190279197,0.0,-0.45045044918001453,0.0,-0.9999999980211239,0.0,0.0,0.0,-10.0,0.01
