cte,x,p,x^2,px,p^2,x^3,px^2,p^2x,p^3
1.599999325610095,6.499999606737283,0.1401401832148235,0.0,-0.3503503341387632,0.0,-0.9999999803787203,0.0,0.0,0.0
