cte,x,p,x^2,px,p^2,x^3,px^2,p^2x,p^3,initial_theta,delta_theta
1.5609617349729126,6.297798229470477,0.048048034565866794,0.0,-0.11011011447058962,0.0,-1.0000000188643527,0.0,0.0,0.0,-20.0,0.05
