cte,x,p,x^2,px,p^2,x^3,px^2,p^2x,p^3,initial_theta,delta_theta
0.40000050813048715,6.50000028979777,0.5205204572548516,0.0,-0.7007007243335674,0.0,-1.0000000138744283,0.0,0.0,0.0,0.0,0.005
