cte,x,p,x^2,px,p^2,x^3,px^2,p^2x,p^3,initial_theta,delta_theta
1.0804792912212011,4.199698846535841,0.02402403231872703,0.0,-0.015015011309493337,0.0,-0.9999999365669536,0.0,0.0,0.0,-20.0,0.1
