cte,x,p,x^2,px,p^2,x^3,px^2,p^2x,p^3,initial_theta,delta_theta
2.1009008123784763,5.247747691121688,0.18018018843041136,0.0,-0.4504504474137271,0.0,-0.9999999967467468,0.0,0.0,0.0,-5.0,0.01
