cte,x,p,x^2,px,p^2,x^3,px^2,p^2x,p^3,initial_theta,delta_theta
3.002802649105596,2.9949948682877596,0.280280307255745,0.0,-0.5005004913769091,0.0,-0.9999999914823002,0.0,0.0,0.0,-10.0,0.01
