cte,x,p,x^2,px,p^2,x^3,px^2,p^2x,p^3,initial_theta,delta_theta
1.8576842969298137,0.4593120131340945,1.6800166161511312,-2.0399406967949716,-1.9059279230486956,-0.23893488940549076,-1.5357657372541031,0.4184819749640561,-0.35880321274741356,0.13020994822492407,-1.0,0.001
