cte,x,p,x^2,px,p^2,x^3,px^2,p^2x,p^3,initial_theta,delta_theta
-4.765537881988077,7.66033876696031,-1.7641211716115717,-6.1259075678801205,1.110920277831452,1.5258696703855679,-1.622784104432269,3.432490088332129,-7.337243529054747,4.875586217317869,1.0,0.0001
