cte,x,p,x^2,px,p^2,x^3,px^2,p^2x,p^3
0.7999988172777625,8.499999410244257,0.220220296839873,0.0,-0.5505505257361265,0.0,-0.9999999784279013,0.0,0.0,0.0
