cte,x,p,x^2,px,p^2,x^3,px^2,p^2x,p^3,initial_theta,delta_theta
1.7998002543463871,6.600600846528427,0.02002001464437283,0.0,-0.06006006191952943,0.0,-1.0000000098266568,0.0,0.0,0.0,10.0,0.05
