cte,x,p,x^2,px,p^2,x^3,px^2,p^2x,p^3,initial_theta,delta_theta
3.0020019836101253,2.9954954798063618,0.20020020382488385,0.0,-0.45045044942945406,0.0,-0.999999999233297,0.0,0.0,0.0,-10.0,0.01
