cte,x,p,x^2,px,p^2,x^3,px^2,p^2x,p^3
1.399999291418143,7.499999620358936,0.16016020582041196,0.0,-0.4504504346440445,0.0,-0.9999999839471285,0.0,0.0,0.0
