cte,x,p,x^2,px,p^2,x^3,px^2,p^2x,p^3,initial_theta,delta_theta
1.3211209124159473,5.398398265371683,0.05605605942619902,0.0,-0.08008007874441808,0.0,-0.9999999920843807,0.0,0.0,0.0,-20.0,0.05
