cte,x,p,x^2,px,p^2,x^3,px^2,p^2x,p^3,initial_theta,delta_theta
0.7605609391907286,5.399399632925745,0.5605605075330196,0.0,-0.6006006209987969,0.0,-1.0000000129186837,0.0,0.0,0.0,-1.0,0.005
