cte,x,p,x^2,px,p^2,x^3,px^2,p^2x,p^3,initial_theta,delta_theta
1.367967675187132,6.570069916637365,0.032032035828729974,0.0,-0.07007006886742827,0.0,-0.9999999943172473,0.0,0.0,0.0,1.0,0.05
