cte,x,p,x^2,px,p^2,x^3,px^2,p^2x,p^3,initial_theta,delta_theta
3.002602476094936,2.9949948891006093,0.2602602815413984,0.0,-0.5005004924577393,0.0,-0.9999999916967601,0.0,0.0,0.0,-10.0,0.01
