cte,x,p,x^2,px,p^2,x^3,px^2,p^2x,p^3
0.8000001469727654,8.00000006872488,0.22022021062295577,0.0,-0.5005005032208516,0.0,-1.000000002038955,0.0,0.0,0.0
