cte,x,a,b,x^2,ax,bx,a^2,ab,b^2,x^3,ax^2,bx^2,a^2x,abx,b^2x,a^3,a^2b,ab^2,b^3
0.0,0.019480414820870103,0.0,0.0,0.09893503395985981,0.052355148399390226,0.06349972778314095,0.026300082145234525,-0.024713741098934733,0.0,-0.4311206006905275,0.2357937595069867,0.34763574908890266,0.159441257339824,0.155059603527765,0.22000412695640092,0.02680767009123723,0.12229079525044564,0.0,0.0
