cte,x,p,x^2,px,p^2,x^3,px^2,p^2x,p^3
1.0000005815967328,8.50000032370152,0.20020016332216084,0.0,-0.5505505649404635,0.0,-1.000000014678174,0.0,0.0,0.0
