cte,x,p,x^2,px,p^2,x^3,px^2,p^2x,p^3,initial_theta,delta_theta
0.11951926215547941,4.200200020322167,0.48048050881931625,0.0,-0.20020018670120945,0.0,-0.9999999872260855,0.0,0.0,0.0,1.0,0.005
