cte,x,p,x^2,px,p^2,x^3,px^2,p^2x,p^3,initial_theta,delta_theta
1.9201182721355732,7.949448510113379,0.12012025036744207,0.0,-0.5505505096108554,0.0,-0.9999999650155975,0.0,0.0,0.0,-1.0,0.01
