cte,x,p,x^2,px,p^2,x^3,px^2,p^2x,p^3
1.4000000725532311,6.500000046757887,0.16016015575475162,0.0,-0.3503503523351014,0.0,-1.000000002874704,0.0,0.0,0.0
