cte,x,p,x^2,px,p^2,x^3,px^2,p^2x,p^3,initial_theta,delta_theta
3.0022022314251666,2.9989990330657483,0.44044043051231824,0.0,-0.20020020495404295,0.0,-1.0000000045107524,0.0,0.0,0.0,-5.0,0.005
