cte,x,p,x^2,px,p^2,x^3,px^2,p^2x,p^3,initial_theta,delta_theta
3.0014014411433374,2.9979980418616474,0.14014013303755044,0.0,-0.20020020333606794,0.0,-1.0000000050538695,0.0,0.0,0.0,-10.0,0.01
