cte,x,p,x^2,px,p^2,x^3,px^2,p^2x,p^3,initial_theta,delta_theta
1.0198197932131523,4.10010008111254,0.18018018186818793,0.0,-0.10010009929735515,0.0,-0.9999999986354718,0.0,0.0,0.0,1.0,0.01
