cte,x,p,x^2,px,p^2,x^3,px^2,p^2x,p^3,initial_theta,delta_theta
1.9801800381820223,4.2747746660241255,0.012012013066014782,0.0,-0.015015014505789194,0.0,-0.9999999908156342,0.0,0.0,0.0,-15.0,0.1
