cte,x,p,x^2,px,p^2,x^3,px^2,p^2x,p^3,initial_theta,delta_theta
2.4006007739551354,4.24874888013353,0.12012010380041382,0.0,-0.2502502571357777,0.0,-1.0000000102560125,0.0,0.0,0.0,-5.0,0.01
