cte,x,p,x^2,px,p^2,x^3,px^2,p^2x,p^3,initial_theta,delta_theta
2.000000455457116,8.000000232424183,0.10010007004641601,0.0,-0.5005005101531051,0.0,-1.0000000087462662,0.0,0.0,0.0,0.0,0.01
