cte,x,p,x^2,px,p^2,x^3,px^2,p^2x,p^3,x^4,px^3,p^2x^2,p^3x,p^4,initial_theta,delta_theta
1.599999850958602,6.499999909888333,0.1401401496370687,0.0,-0.350350346505919,0.0,-0.9999999951047229,0.0,0.0,0.0,0.0,0.0,0.0,0.0,0.0,0.0,0.01
