cte,x,a,b,x^2,ax,bx,a^2,ab,b^2,x^3,ax^2,bx^2,a^2x,abx,b^2x,a^3,a^2b,ab^2,b^3,x^4,ax^3,bx^3,a^2x^2,abx^2,b^2x^2,a^3x,a^2bx,ab^2x,b^3x,a^4,a^3b,a^2b^2,ab^3,b^4
0.0,0.0,0.0,0.0,0.0,0.0,0.0,0.0,0.0,0.0,0.0,0.0,0.0,0.0,0.0,0.0,0.0,0.0,0.0,0.0,1.8890068686887551,0.0,1.185519726101495,0.0,-0.04530780234876267,0.1764996940085417,-0.0455432682054516,0.0,0.0,0.0,0.0,0.0,0.0,0.0,0.0
