cte,x,p,x^2,px,p^2,x^3,px^2,p^2x,p^3,x^4,px^3,p^2x^2,p^3x,p^4,x^5,px^4,p^2x^3,p^3x^2,p^4x,p^5,initial_theta,delta_theta
-0.4243740997885478,3.2823303799397205,0.6295393811391277,-2.2495574315806386,-0.6285871021360204,0.0,-2.327736987441424,0.0,0.0,0.0,-0.3817981438704897,0.0,0.0,0.0,0.0,-0.03644470719449127,0.0,0.0,0.0,0.0,0.0,-1.0,0.005
