cte,x,p,x^2,px,p^2,x^3,px^2,p^2x,p^3,x^4,px^3,p^2x^2,p^3x,p^4,x^5,px^4,p^2x^3,p^3x^2,p^4x,p^5
-27.212658529448458,-20.74664452209847,0.0,21.245236979259207,0.0,0.0,28.83986679335575,0.0,0.0,0.0,11.092273446509402,0.0,0.0,0.0,0.0,1.434063900138232,0.0,0.0,0.0,0.0,0.0
