cte,x,p,x^2,px,p^2,x^3,px^2,p^2x,p^3,x^4,px^3,p^2x^2,p^3x,p^4,x^5,px^4,p^2x^3,p^3x^2,p^4x,p^5
-24.69890684352066,-19.080289188998833,0.0,19.223587822497908,0.0,0.0,26.388646529008234,0.0,0.0,0.0,10.20654525774133,0.0,0.0,0.0,0.0,1.3256208403013379,0.0,0.0,0.0,0.0,0.0
