library,mean_smape,lower_smape,upper_smape,mean_smape_p,lower_smape_p,upper_smape_p,mean_smape_t,lower_smape_t,upper_smape_t
2,0.029306469322206773,0.013765321789682164,0.04484761685473138,0.012653899051183333,0.011022255822141048,0.014285542280225619,0.012533179853046554,0.010904839350492577,0.01416152035560053
3,0.07420049191383567,0.04656608024255367,0.10183490358511767,0.033913769370598305,0.028867237134882064,0.03896030160631454,0.012533179853046554,0.010904839350492577,0.01416152035560053
4,0.07987748719529755,0.04923739193926882,0.11051758245132628,0.5631719884754391,0.5286097414033533,0.597734235547525,0.012533179853046554,0.010904839350492577,0.01416152035560053
5,0.39305447859351395,0.33163921140656216,0.45446974578046573,0.8423170576127881,0.7958020918335283,0.8888320233920478,0.8067501334886231,0.7523650038748545,0.8611352631023917
