library,mean_smape,lower_smape,upper_smape,mean_smape_p,lower_smape_p,upper_smape_p,mean_smape_t,lower_smape_t,upper_smape_t
2,0.02239341405822778,0.011049125891302377,0.03373770222515318,0.012864295116599844,0.011208812558928524,0.014519777674271164,0.012757241918791967,0.011105103561738574,0.01440938027584536
3,0.05436167190157119,0.030719308326201282,0.0780040354769411,0.03217528140238539,0.028001832675365858,0.03634873012940492,0.012757241918791967,0.011105103561738574,0.01440938027584536
4,0.05204912783187412,0.03002147007697087,0.07407678558677737,0.5781725219377853,0.5460652055147146,0.6102798383608561,0.012757241918791967,0.011105103561738574,0.01440938027584536
5,0.44368791598110735,0.3792220721707603,0.5081537597914544,0.8542660996459566,0.8069284365827112,0.901603762709202,0.8075658534994875,0.7572604131172961,0.8578712938816789
