library,mean_smape,lower_smape,upper_smape,mean_smape_p,lower_smape_p,upper_smape_p,mean_smape_t,lower_smape_t,upper_smape_t
2,0.017579327640672642,0.009473822800225407,0.025684832481119878,0.013374808051770343,0.011649165345856447,0.01510045075768424,0.013274791173330379,0.011552548173442945,0.014997034173217813
3,0.027062111180755757,0.013235679247915081,0.04088854311359644,0.029539391532222098,0.025823581994393323,0.03325520107005087,0.013274791173330379,0.011552548173442945,0.014997034173217813
4,0.027281453321483195,0.013402536350890448,0.04116037029207594,0.5942578009366778,0.5606040222072972,0.6279115796660584,0.013100144605206573,0.011417004070537355,0.014783285139875792
5,0.4929093650629,0.4249751986919474,0.5608435314338527,0.8652658921878834,0.8218879689266647,0.9086438154491021,0.8255398777609808,0.7821437594348709,0.8689359960870907
