library,mean_smape,lower_smape,upper_smape,mean_smape_p,lower_smape_p,upper_smape_p,mean_smape_t,lower_smape_t,upper_smape_t
2,0.01253345077526624,0.011196534702217443,0.013870366848315037,0.014663004593897144,0.012811293414272997,0.01651471577352129,0.014552991999729566,0.012702501243544245,0.016403482755914887
3,0.017032289522775343,0.008911889572703701,0.025152689472846983,0.031776036993375764,0.02835310726699425,0.03519896671975728,0.014552991999729566,0.012702501243544245,0.016403482755914887
4,0.017589446658339475,0.00944855438796494,0.02573033892871401,0.6247769737863128,0.5916693208152026,0.657884626757423,0.014098075545753314,0.012348793740545042,0.015847357350961586
5,0.5514134675237683,0.48215878707460225,0.6206681479729343,0.8830839092288352,0.8442483369521749,0.9219194815054954,0.8436526748860571,0.7975616053782654,0.8897437443938488
