cte,x,p,sin,x^2,px,xsin,p^2,psin,sin^2,x^3,px^2,x^2sin,p^2x,pxsin,xsin^2,p^3,p^2sin,psin^2,sin^3,initial_theta,delta_theta
0.0,0.9562161673616892,0.0,50.03952758839252,0.0,1.908455602410858,0.0,0.0,0.06788852424776073,0.0,0.0,0.0,0.0,0.954236473816147,0.0,0.0,0.0,-49.97157882979828,0.0,0.0,-1.0,1e-05
