cte,x,p,sin,x^2,px,xsin,p^2,psin,sin^2,x^3,px^2,x^2sin,p^2x,pxsin,xsin^2,p^3,p^2sin,psin^2,sin^3,x^4,px^3,x^3sin,p^2x^2,px^2sin,x^2sin^2,p^3x,p^2xsin,pxsin^2,xsin^3,p^4,p^3sin,p^2sin^2,psin^3,sin^4,x^5,px^4,x^4sin,p^2x^3,px^3sin,x^3sin^2,p^3x^2,p^2x^2sin,px^2sin^2,x^2sin^3,p^4x,p^3xsin,p^2xsin^2,pxsin^3,xsin^4,p^5,p^4sin,p^3sin^2,p^2sin^3,psin^4,sin^5
0.0,0.0023594458479117638,0.0,0.18291415780193193,0.0,-0.005449213698559363,0.0,0.0,0.0,-0.02934933407654544,0.0,0.0,0.0,0.0159077919552479,0.0,0.0,0.0,0.0,0.0,-0.016986643597662845,0.0,0.0,0.0,0.0,0.0,0.0,0.0,0.0,0.009054931770625383,0.0,0.0,0.0,0.0,0.0,0.004087560237673149,0.0,0.0,0.0,0.0,0.0,0.0,0.0,0.0014607283187835368,0.0,0.0,0.0,0.0,-0.03689470531981749,-0.0006980935276773177,0.0,0.0,0.0,0.0,0.0,0.0,0.0
