cte,x,p,sin,x^2,px,xsin,p^2,psin,sin^2
0.0,0.001992612864386884,0.0,0.0,0.0,0.0,0.0,0.0,0.9971562025840858,0.0
