cte,x,p,sin,x^2,px,xsin,p^2,psin,sin^2
0.0,0.001991971626080427,0.0,0.0,0.0,0.0,0.0,-0.0010289263867113547,0.9971327087081064,0.0
