cte,x,p,sin,x^2,px,xsin,p^2,psin,sin^2,initial_theta,delta_theta
0.0,0.0,0.0,0.08708344294861989,0.0,0.0,0.0,0.0,0.10788222088830861,0.0,-1.0,0.01
