cte,x,p,sin,x^2,px,xsin,p^2,psin,sin^2
0.0,0.001986669275461441,0.0,0.0,0.0,0.0,0.0,0.0,0.09984088556010152,0.0
