cte,x,p,sin,x^2,px,xsin,p^2,psin,sin^2
0.0,0.0019908232481693927,0.0,0.0,0.0,0.0,0.0,0.0,0.9968072009427295,0.0
