cte,x,p,sin,x^2,px,xsin,p^2,psin,sin^2,initial_theta,delta_theta
0.0,0.0,0.0,0.09868575795725366,0.0,0.0,0.0,0.0,0.09909203810531587,0.0,-1.0,0.01
