cte,x,p,sin,x^2,px,xsin,p^2,psin,sin^2,initial_theta,delta_theta
0.0,0.0,0.0,0.0834907315280677,0.0,0.0,0.0,0.0,0.10921107835288656,0.0,-1.0,0.01
