cte,x,p,sin,x^2,px,xsin,p^2,psin,sin^2
0.0,0.0019870332402286968,0.0,0.0,0.0,0.0,0.0,0.0,0.09987898957898089,0.0
