cte,x,p,sin,x^2,px,xsin,p^2,psin,sin^2,initial_theta,delta_theta
0.0,0.0,0.0,0.2032074315005761,0.0,0.0,0.0,0.0,0.020305961472715732,0.0,-10.0,0.05
