cte,x,p,sin,x^2,px,xsin,p^2,psin,sin^2
0.0,0.001989824444196524,0.0,0.0,0.0,0.0,0.0,0.0,0.09974398730763723,0.0
