cte,x,p,sin,x^2,px,xsin,p^2,psin,sin^2,initial_theta,delta_theta
0.0,0.0,0.0,0.20961959457667026,0.0,0.0,0.0,0.0,0.20521726758421635,0.0,-1.0,0.005
