cte,x,p,sin,x^2,px,xsin,p^2,psin,sin^2
0.0,0.001993098350732371,0.0,0.0,0.0,0.0,0.0,-0.0012115618925141358,0.9974765246735151,0.0
