cte,x,p,sin,x^2,px,xsin,p^2,psin,sin^2,initial_theta,delta_theta
0.0,0.0,0.0,0.10280250166613614,0.0,0.0,0.0,0.0,0.019850369091756234,0.0,-5.0,0.05
