cte,x,p,sin,x^2,px,xsin,p^2,psin,sin^2
0.0,0.0019930777092448137,0.0,0.0,0.0,0.0,0.0,0.0,0.0998474824101964,0.0
