cte,x,p,sin,x^2,px,xsin,p^2,psin,sin^2
0.0,0.0019909983092250487,0.0,0.0,0.0,0.0,0.0,0.0,0.0998267778873242,0.0
