cte,x,p,sin,x^2,px,xsin,p^2,psin,sin^2
0.0,0.001993010016040694,0.0,0.0,0.0,0.0,0.0,0.0,0.9968623604867932,0.0
