cte,x,p,sin,x^2,px,xsin,p^2,psin,sin^2
0.0,0.0019961934301411153,0.0,0.0,0.0,0.0,0.0,-0.001072992949796399,0.9968373354302101,0.0
