cte,x,p,sin,x^2,px,xsin,p^2,psin,sin^2
0.0,0.001996883509530351,0.0,0.0,0.0,0.0,0.0,0.0,0.09985619694904747,0.0
