cte,x,p,sin,x^2,px,xsin,p^2,psin,sin^2,initial_theta,delta_theta
0.0,0.0,0.0,0.10450443689447801,0.0,0.0,0.0,0.0,0.09926136633002643,0.0,-1.0,0.01
