cte,x,p,sin,x^2,px,xsin,p^2,psin,sin^2
0.0,0.0019896345877123667,0.0,0.0,0.0,0.0,0.0,-0.0010891154751665754,0.9971957489167745,0.0
