cte,x,p,sin,x^2,px,xsin,p^2,psin,sin^2
0.0,0.0019909907196769897,0.0,0.0,0.0,0.0,0.0,0.0,0.09979314792733673,0.0
