cte,x,p,sin,x^2,px,xsin,p^2,psin,sin^2,initial_theta,delta_theta
0.0,0.0,0.0,0.19803585990902994,0.0,0.0,0.0,0.0,0.01990453755341224,0.0,-10.0,0.05
