cte,x,p,sin,x^2,px,xsin,p^2,psin,sin^2
0.0,0.001991490704424577,0.0,0.0,0.0,0.0,0.0,0.0,0.09978579496316317,0.0
