cte,x,p,sin,x^2,px,xsin,p^2,psin,sin^2
0.0,0.001994367431823529,0.0,0.0,0.0,0.0,0.0,0.0,0.09984964993284903,0.0
