cte,x,p,sin,x^2,px,xsin,p^2,psin,sin^2
0.0,0.0019857305506228045,-0.0013771411856868313,0.0,0.0,0.0,0.0,0.0022952353094672887,0.9977471614168756,0.0
