cte,x,p,sin,x^2,px,xsin,p^2,psin,sin^2
0.0,0.001988050609636114,0.0,0.0,0.0,0.0,0.0,0.0,0.09984984536252765,0.0
