cte,x,p,sin,x^2,px,xsin,p^2,psin,sin^2
0.0,0.0019833153375030227,0.0,0.0,0.0,0.0,0.0,0.0,0.09989661997075676,0.0
