cte,x,p,sin,x^2,px,xsin,p^2,psin,sin^2
0.0,0.0019865879284486016,0.0,0.0,0.0,0.0,0.0,0.0,0.9979895580629856,0.0
