cte,x,p,sin,x^2,px,xsin,p^2,psin,sin^2
0.0,0.0019868231078453004,0.0,0.0,0.0,0.0,0.0,0.0,0.09983012538710881,0.0
