cte,x,p,sin,x^2,px,xsin,p^2,psin,sin^2
0.0,0.0019847087571848573,0.0,0.0,0.0,0.0,0.0,0.0,0.09975205305473636,0.0
