cte,x,p,sin,x^2,px,xsin,p^2,psin,sin^2
0.0,0.001991384991524065,0.0,0.0,0.0,0.0,0.0,0.0,0.99738443795816,0.0
