cte,x,p,sin,x^2,px,xsin,p^2,psin,sin^2,initial_theta,delta_theta
0.0,0.0,0.0,0.29859704584086977,0.0,0.0,0.0,0.0,0.019419586915071754,0.0,-15.0,0.05
