cte,x,p,sin,x^2,px,xsin,p^2,psin,sin^2
0.0,0.001992697351512409,0.0,0.0,0.0,0.0,0.0,0.0,0.09980296022676473,0.0
