cte,x,p,sin,x^2,px,xsin,p^2,psin,sin^2
0.0,0.001984180469611492,0.0,0.0,0.0,0.0,0.0,0.0,0.09983099564008713,0.0
