cte,x,p,sin,x^2,px,xsin,p^2,psin,sin^2,initial_theta,delta_theta
0.0,0.0,0.0,0.291445403137045,0.0,0.0,0.0,0.0,0.01907303219797076,0.0,-15.0,0.05
