cte,x,p,sin,x^2,px,xsin,p^2,psin,sin^2
0.0,0.0019862894434122254,0.0,0.0,0.0,0.0,0.0,0.0,0.09986084238709157,0.0
