cte,x,p,sin,x^2,px,xsin,p^2,psin,sin^2
0.0,0.0019924478640311926,0.0,0.0,0.0,0.0,0.0,0.0,0.9972444699150644,0.0
