cte,x,p,sin,x^2,px,xsin,p^2,psin,sin^2,initial_theta,delta_theta
0.0,0.0,0.0,0.2213758588072431,0.0,0.0,0.0,0.0,0.019169849874338323,0.0,-10.0,0.05
