cte,x,p,sin,x^2,px,xsin,p^2,psin,sin^2
0.0,0.001989495635715331,0.0,0.0,0.0,0.0,0.0,0.0,0.09983957456064188,0.0
