cte,x,p,sin,x^2,px,xsin,p^2,psin,sin^2,initial_theta,delta_theta
0.0,0.0,0.0,0.2881114352031199,0.0,0.0,0.0,0.0,0.019204844782371347,0.0,-15.0,0.05
