cte,x,p,sin,x^2,px,xsin,p^2,psin,sin^2
0.0,0.0019847297468524134,0.0,0.0,0.0,0.0,0.0,0.0,0.9969610749310326,0.0
