cte,x,p,sin,x^2,px,xsin,p^2,psin,sin^2,initial_theta,delta_theta
0.0,0.0,0.0,0.0999035143874298,0.0,0.0,0.0,0.0,0.09399612144679965,0.0,-1.0,0.01
