cte,x,p,sin,x^2,px,xsin,p^2,psin,sin^2
0.0,0.001990772820494535,0.0,0.0,0.0,0.0,0.0,0.0,0.09983315780326771,0.0
