cte,x,p,sin,x^2,px,xsin,p^2,psin,sin^2
0.0,0.001989621967618793,0.0,0.0,0.0,0.0,0.0,0.0,0.09981939382875997,0.0
