cte,x,p,sin,x^2,px,xsin,p^2,psin,sin^2
0.0,0.0019950818198752546,0.0,0.0,0.0,0.0,0.0,0.0,0.9969336816520301,0.0
