cte,x,p,sin,x^2,px,xsin,p^2,psin,sin^2
0.0,0.001988600686008137,0.0,0.0,0.0,0.0,0.0,0.0,0.9972981729393653,0.0
