cte,x,p,sin,x^2,px,xsin,p^2,psin,sin^2
0.0,0.0019853295360163395,0.0,0.0,0.0,0.0,0.0,0.0,0.9970822563176509,0.0
