cte,x,p,sin,x^2,px,xsin,p^2,psin,sin^2
0.0,0.0019902056821216006,0.0,0.0,0.0,0.0,0.0,-0.0006309907630039143,0.9967152587529862,0.0
