cte,x,p,sin,x^2,px,xsin,p^2,psin,sin^2
0.0,0.0019899666561581856,0.0,0.0,0.0,0.0,0.0,0.0,0.09989060495869621,0.0
