cte,x,p,sin,x^2,px,xsin,p^2,psin,sin^2,initial_theta,delta_theta
0.0,0.0,0.0,0.3002943118329967,0.0,0.0,0.0,0.0,0.01911932515402514,0.0,-15.0,0.05
