cte,x,p,sin,x^2,px,xsin,p^2,psin,sin^2
0.0,0.001985453325798124,0.0,0.0,0.0,0.0,0.0,0.0,0.09984638045581236,0.0
