cte,x,p,sin,x^2,px,xsin,p^2,psin,sin^2
0.0,0.0019910085960226555,0.0,0.0,0.0,0.0,0.0,0.0,0.9971397256916729,0.0
