cte,x,p,sin,x^2,px,xsin,p^2,psin,sin^2,initial_theta,delta_theta
0.0,0.0,0.0,0.40717831863695797,0.0,0.0,0.0,0.0,0.01998725055914063,0.0,-20.0,0.05
