cte,x,p,sin,x^2,px,xsin,p^2,psin,sin^2,initial_theta,delta_theta
0.0,0.0,0.0,0.4146332251245323,0.0,0.0,0.0,0.0,0.020247330642574956,0.0,-20.0,0.05
