cte,x,p,sin,x^2,px,xsin,p^2,psin,sin^2
0.0,0.0019902880275743796,0.0,0.0,0.0,0.0,0.0,0.0,0.09988966845160775,0.0
