cte,x,p,sin,x^2,px,xsin,p^2,psin,sin^2,initial_theta,delta_theta
0.0,0.0,0.0,0.3885261214285693,0.0,0.0,0.0,0.0,0.019873912776068686,0.0,-20.0,0.05
