cte,x,p,sin,x^2,px,xsin,p^2,psin,sin^2
0.0,0.0019919066258285182,0.0,0.0,0.0,0.0,0.0,0.0,0.9969853696308313,0.0
