cte,x,p,sin,x^2,px,xsin,p^2,psin,sin^2,initial_theta,delta_theta
0.0,0.0,0.0,0.19110307649335848,0.0,0.0,0.0,0.0,0.0194827573532275,0.0,-10.0,0.05
