cte,x,p,sin,x^2,px,xsin,p^2,psin,sin^2
0.0,0.001971315298385505,0.0,0.0,0.0,0.0,0.0,0.0,0.9977621106469152,0.0
