cte,x,p,sin,x^2,px,xsin,p^2,psin,sin^2
0.0,0.001984677083418911,0.0,0.0,0.0,0.0,0.0,0.0,0.9967218149053966,0.0
