cte,x,p,sin,x^2,px,xsin,p^2,psin,sin^2
0.0,0.0019889871007099766,0.0,0.0,0.0,0.0,0.0,0.0,0.09979503561883148,0.0
