cte,x,p,sin,x^2,px,xsin,p^2,psin,sin^2
0.0,0.0020056431306872528,0.0,0.0,0.0,0.0,0.0,0.0,0.09989269211803611,0.0
