cte,x,p,sin,x^2,px,xsin,p^2,psin,sin^2
0.0,0.001986289443412227,0.0,0.0,0.0,0.0,0.0,0.0,0.9976098154470455,0.0
