cte,x,p,sin,x^2,px,xsin,p^2,psin,sin^2
0.0,0.001984729746852415,0.0,0.0,0.0,0.0,0.0,0.0,0.0997959033964998,0.0
