cte,x,p,sin,x^2,px,xsin,p^2,psin,sin^2,initial_theta,delta_theta
0.0,0.0,0.0,0.37686575536183065,0.0,0.0,0.0,0.0,0.01819551974275216,0.0,-20.0,0.05
