cte,x,p,sin,x^2,px,xsin,p^2,psin,sin^2
0.0,0.0019803865173679213,0.0,0.0,0.0,0.0,0.0,0.0,0.0998892561005474,0.0
