cte,x,p,sin,x^2,px,xsin,p^2,psin,sin^2
0.0,0.00198973178824165,0.0,0.0,0.0,0.0,0.0,0.0,0.09974433836581435,0.0
