cte,x,p,sin,x^2,px,xsin,p^2,psin,sin^2
0.0,0.0019874784017764636,0.0,0.0,0.0,0.0,0.0,0.0,0.9977403995213732,0.0
