cte,x,p,sin,x^2,px,xsin,p^2,psin,sin^2
0.0,0.0019805817729142048,-0.0011869210577893504,0.0,0.0,0.0,0.0,0.0019782017629813436,0.9973554748044158,0.0
