cte,x,p,sin,x^2,px,xsin,p^2,psin,sin^2
0.0,0.001989742176130271,0.0,0.0,0.0,0.0,0.0,0.0,0.9974898016821803,0.0
