cte,x,p,sin,x^2,px,xsin,p^2,psin,sin^2
0.0,0.0019887790791655517,0.0,0.0,0.0,0.0,0.0,0.0,0.09981306087059734,0.0
