cte,x,p,sin,x^2,px,xsin,p^2,psin,sin^2
0.0,0.0019907674086299984,0.0,0.0,0.0,0.0,0.0,0.0,0.9971005167238556,0.0
