cte,x,p,sin,x^2,px,xsin,p^2,psin,sin^2,initial_theta,delta_theta
0.0,0.0,0.0,0.19070974068916782,0.0,0.0,0.0,0.0,0.19721982658534506,0.0,-1.0,0.005
