cte,x,p,sin,x^2,px,xsin,p^2,psin,sin^2
0.0,0.0020056594790831433,0.0,0.0,0.0,0.0,0.0,-0.0010037391934912916,0.9979281464696653,0.0
