cte,x,p,sin,x^2,px,xsin,p^2,psin,sin^2
0.0,0.00199460132489253,0.0,0.0,0.0,0.0,0.0,-0.0011675241852905274,0.9978700991874728,0.0
