cte,x,p,sin,x^2,px,xsin,p^2,psin,sin^2
0.0,0.001990990719676988,0.0,0.0,0.0,0.0,0.0,0.0,0.9969335477940938,0.0
