cte,x,p,sin,x^2,px,xsin,p^2,psin,sin^2
0.0,0.0019987950579013316,0.0,0.0,0.0,0.0,0.0,0.0,0.9977156296727379,0.0
