cte,x,p,sin,x^2,px,xsin,p^2,psin,sin^2
0.0,0.0019840643740137126,0.0,0.0,0.0,0.0,0.0,0.0,0.09984097636984147,0.0
