cte,x,p,sin,x^2,px,xsin,p^2,psin,sin^2
0.0,0.0019907728204945382,0.0,0.0,0.0,0.0,0.0,0.0,0.9973332464546463,0.0
