cte,x,p,sin,x^2,px,xsin,p^2,psin,sin^2
0.0,0.001983322946945932,0.0,0.0,0.0,0.0,0.0,-0.0007404935123473225,0.9979671893748638,0.0
