cte,x,p,sin,x^2,px,xsin,p^2,psin,sin^2
0.0,0.001996555298840749,0.0,0.0,0.0,0.0,0.0,0.0,0.9974384573542369,0.0
