cte,x,p,sin,x^2,px,xsin,p^2,psin,sin^2
0.0,0.001986731826180508,0.0,0.0,0.0,0.0,0.0,0.0,0.9964902064594706,0.0
