cte,x,p,sin,x^2,px,xsin,p^2,psin,sin^2
0.0,0.0019890568273220753,0.0,0.0,0.0,0.0,0.0,-0.0009371911476021629,0.9973336691827374,0.0
