cte,x,p,sin,x^2,px,xsin,p^2,psin,sin^2
0.0,0.0019804919787708955,0.0,0.0,0.0,0.0,0.0,0.0,0.9974292592196564,0.0
