cte,x,p,sin,x^2,px,xsin,p^2,psin,sin^2
0.0,0.0019817509107880014,0.0,0.0,0.0,0.0,0.0,0.0,0.09982305704843976,0.0
