cte,x,p,sin,x^2,px,xsin,p^2,psin,sin^2,initial_theta,delta_theta
0.0,0.0,0.0,0.39877296252794475,0.0,0.0,0.0,0.0,0.020130925177947036,0.0,-20.0,0.05
