cte,x,p,sin,x^2,px,xsin,p^2,psin,sin^2
0.0,0.001992176624270531,0.0,0.0,0.0,0.0,0.0,0.0,0.09981851352793775,0.0
