cte,x,p,sin,x^2,px,xsin,p^2,psin,sin^2
0.0,0.0019908193937368153,0.0,0.0,0.0,0.0,0.0,0.0,0.997161100786037,0.0
