cte,x,p,sin,x^2,px,xsin,p^2,psin,sin^2
0.0,0.001975818702952314,0.0,0.0006855897421986097,0.0,0.0,0.0,0.0,0.9959018273761248,0.0
