cte,x,p,sin,x^2,px,xsin,p^2,psin,sin^2
0.0,0.00198038651736792,0.0,0.0,0.0,0.0,0.0,0.0,0.9978936684444689,0.0
