cte,x,p,sin,x^2,px,xsin,p^2,psin,sin^2
0.0,0.001990852113677673,0.0,0.0,0.0,0.0,0.0,0.0,0.9974140180761675,0.0
