cte,x,p,sin,x^2,px,xsin,p^2,psin,sin^2
0.0,0.0019857051307569516,0.0,0.0,0.0,0.0,0.0,0.0,0.09987460933377289,0.0
