cte,x,p,sin,x^2,px,xsin,p^2,psin,sin^2,initial_theta,delta_theta
0.0,0.0,0.0,0.30184946024754905,0.0,0.0,0.0,0.0,0.01927518525999318,0.0,-15.0,0.05
