cte,x,p,sin,x^2,px,xsin,p^2,psin,sin^2
0.0,0.001992697351512412,0.0,0.0,0.0,0.0,0.0,0.0,0.99703157266538,0.0
