cte,x,p,sin,x^2,px,xsin,p^2,psin,sin^2
0.0,0.001996175204312265,0.0,0.0,0.0,0.0,0.0,0.0,0.09978346368570525,0.0
