cte,x,p,sin,x^2,px,xsin,p^2,psin,sin^2
0.0,0.001988673512252057,0.0,0.0,0.0,0.0,0.0,0.0,0.09986486563674823,0.0
