cte,x,p,sin,x^2,px,xsin,p^2,psin,sin^2
0.0,0.0019894510464498008,0.0,0.0,0.0,0.0,0.0,0.0,0.09977632276675341,0.0
