cte,x,p,sin,x^2,px,xsin,p^2,psin,sin^2,initial_theta,delta_theta
0.0,0.0,0.0,0.38837153358872856,0.0,0.0,0.0,0.0,0.019137980586005625,0.0,-20.0,0.05
