cte,x,p,sin,x^2,px,xsin,p^2,psin,sin^2
0.0,0.0019872166989833616,0.0,0.0,0.0,0.0,0.0,0.0,0.09985444460346207,0.0
