cte,x,p,sin,x^2,px,xsin,p^2,psin,sin^2
0.0,0.001987609062244297,0.0,0.0,0.0,0.0,0.0,0.0,0.09976122726038081,0.0
