cte,x,p,sin,x^2,px,xsin,p^2,psin,sin^2
0.0,0.0019908232481693922,0.0,0.0,0.0,0.0,0.0,0.0,0.09978050059486779,0.0
