cte,x,p,sin,x^2,px,xsin,p^2,psin,sin^2
0.0,0.001996883509530351,0.0,0.0,0.0,0.0,0.0,0.0,0.997563407520984,0.0
