cte,x,p,sin,x^2,px,xsin,p^2,psin,sin^2
0.0,0.001989451046449801,0.0,0.0,0.0,0.0,0.0,0.0,0.9967654644398676,0.0
