cte,x,p,sin,x^2,px,xsin,p^2,psin,sin^2
0.0,0.001993010016040691,0.0,0.0,0.0,0.0,0.0,0.0,0.09978602207075002,0.0
