cte,x,p,sin,x^2,px,xsin,p^2,psin,sin^2
0.0,0.0019876131375709213,0.0,0.0,0.0,0.0,0.0,-0.001156770272625272,0.997704646640537,0.0
