cte,x,p,sin,x^2,px,xsin,p^2,psin,sin^2,initial_theta,delta_theta
0.0,0.0,-0.04960931877323878,0.0,0.0,0.5793214098272174,0.0,0.0,98.61773959730112,0.0,0.0,1e-05
