cte,x,p,sin,x^2,px,xsin,p^2,psin,sin^2
0.0,0.001990520850618827,0.0,0.0,0.0,0.0,0.0,0.0,0.09987046259654173,0.0
