cte,x,p,sin,x^2,px,xsin,p^2,psin,sin^2
0.0,0.0019901838354213232,0.0,0.0,0.0,0.0,0.0,0.0,0.0998682259960363,0.0
