cte,x,p,sin,x^2,px,xsin,p^2,psin,sin^2
0.0,0.0019810972280945964,0.0,0.0,0.0,0.0,0.0,0.0,0.09986494760724676,0.0
