cte,x,p,sin,x^2,px,xsin,p^2,psin,sin^2,initial_theta,delta_theta
0.0,-0.3858451728674385,0.0,1996.6639250199312,0.0,-0.019393328351740183,0.0,0.0,99.8331846341624,0.0,-20.0,1e-05
