cte,x,p,sin,x^2,px,xsin,p^2,psin,sin^2
0.0,0.0019869065010983005,0.0,0.0,0.0,0.0,0.0,0.0,0.09985075660259846,0.0
