cte,x,p,sin,x^2,px,xsin,p^2,psin,sin^2
0.0,0.001991512791679,0.0,0.0,0.0,0.0,0.0,-0.0012419489761772398,0.9968603505305451,0.0
