cte,x,p,sin,x^2,px,xsin,p^2,psin,sin^2
0.0,0.0019965552988407513,0.0,0.0,0.0,0.0,0.0,0.0,0.09984368942484852,0.0
