cte,x,p,sin,x^2,px,xsin,p^2,psin,sin^2
0.0,0.001990417285275399,0.0,0.0,0.0,0.0,0.0,0.0,0.09971057723955654,0.0
