cte,x,p,sin,x^2,px,xsin,p^2,psin,sin^2
0.0,0.001990767408629999,0.0,0.0,0.0,0.0,0.0,0.0,0.0998098615339194,0.0
