cte,x,p,sin,x^2,px,xsin,p^2,psin,sin^2,initial_theta,delta_theta
0.0,0.0,0.0,0.2994444039919188,0.0,0.0,0.0,0.0,0.020148084372851822,0.0,-15.0,0.05
