cte,x,p,sin,x^2,px,xsin,p^2,psin,sin^2
0.0,0.0019905795461258877,0.0,0.0,0.0,0.0,0.0,-0.0009476778621810559,0.9976940852366727,0.0
