cte,x,p,sin,x^2,px,xsin,p^2,psin,sin^2
0.0,0.0019840747634960625,0.0,0.0,0.0,0.0,0.0,-0.0010813622358867578,0.9974112611111818,0.0
