cte,x,p,sin,x^2,px,xsin,p^2,psin,sin^2
0.0,0.0019899889299579516,-0.0012707550751706106,0.0,0.0,0.0,0.0,0.0021179251252805465,0.9979071624178641,0.0
