cte,x,p,sin,x^2,px,xsin,p^2,psin,sin^2
0.0,0.001990520850618824,0.0,0.0,0.0,0.0,0.0,0.0,0.9977059213394506,0.0
