cte,x,p,sin,x^2,px,xsin,p^2,psin,sin^2
0.0,0.0019893281808561936,0.0,0.0,0.0,0.0,0.0,0.0,0.9970855581837207,0.0
