cte,x,p,sin,x^2,px,xsin,p^2,psin,sin^2
0.0,0.001990044056045711,0.0,0.0,0.0,0.0,0.0,0.0,0.09975742098008733,0.0
