cte,x,p,sin,x^2,px,xsin,p^2,psin,sin^2
0.0,0.001995081819875254,0.0,0.0,0.0,0.0,0.0,0.0,0.09979316132652952,0.0
