cte,x,p,sin,x^2,px,xsin,p^2,psin,sin^2
0.0,0.0019815663420170984,-0.0014667538563420384,0.0,0.0,0.0,0.0,0.002444589760570259,0.9969850933433153,0.0
