cte,x,p,sin,x^2,px,xsin,p^2,psin,sin^2,initial_theta,delta_theta
0.0,0.0,0.0,0.2982630876472185,0.0,0.0,0.0,0.0,0.019719788035440187,0.0,-15.0,0.05
