cte,x,p,sin,x^2,px,xsin,p^2,psin,sin^2
0.0,0.0019877324199030193,0.0,0.0,0.0,0.0,0.0,0.0,0.09977303367440714,0.0
