cte,x,p,sin,x^2,px,xsin,p^2,psin,sin^2,initial_theta,delta_theta
0.0,0.0,0.0,0.10703585295065306,0.0,0.0,0.0,0.0,0.019724950428488527,0.0,-5.0,0.05
