cte,x,p,sin,x^2,px,xsin,p^2,psin,sin^2
0.0,0.0019805560441462713,0.0,0.0,0.0,0.0,0.0,0.0,0.09983540478617083,0.0
