cte,x,p,sin,x^2,px,xsin,p^2,psin,sin^2
0.0,0.001988685962728552,0.0,0.0,0.0,0.0,0.0,-0.001050254902403682,0.9976500437825663,0.0
