cte,x,p,sin,x^2,px,xsin,p^2,psin,sin^2
0.0,0.001996308440321758,-0.0012157649346892852,0.0,0.0,0.0,0.0,0.002026274891167309,0.997590126954409,0.0
