cte,x,p,sin,x^2,px,xsin,p^2,psin,sin^2
0.0,0.0019879204240673574,0.0,0.0,0.0,0.0,0.0,0.0,0.09984181339890591,0.0
