cte,x,p,sin,x^2,px,xsin,p^2,psin,sin^2,initial_theta,delta_theta
0.0,0.0,0.0,0.20113925082419862,0.0,0.0,0.0,0.0,0.019614420806614893,0.0,-10.0,0.05
