cte,x,p,sin,x^2,px,xsin,p^2,psin,sin^2
0.0,0.0019903970382484813,0.0,0.0,0.0,0.0,0.0,0.0,0.0998142297491066,0.0
