cte,x,p,sin,x^2,px,xsin,p^2,psin,sin^2,initial_theta,delta_theta
0.0,0.0,0.0,0.10872342790505683,0.0,0.0,0.0,0.0,0.09247760075370813,0.0,-1.0,0.01
