cte,x,p,sin,x^2,px,xsin,p^2,psin,sin^2
0.0,0.00199071963293263,0.0,0.0,0.0,0.0,0.0,-0.001229227227909358,0.9973573867648284,0.0
