cte,x,p,sin,x^2,px,xsin,p^2,psin,sin^2
0.0,0.00199235051117292,0.0,0.0,0.0,0.0,0.0,0.0,0.9965149450722697,0.0
