cte,x,p,sin,x^2,px,xsin,p^2,psin,sin^2
0.0,0.001996278867984291,0.0,0.0,0.0,0.0,0.0,0.0,0.09985882023367881,0.0
