cte,x,p,sin,x^2,px,xsin,p^2,psin,sin^2
0.0,0.001991215775120029,0.0,0.0,0.0,0.0,0.0,0.0,0.9972280140777984,0.0
