cte,x,p,sin,x^2,px,xsin,p^2,psin,sin^2
0.0,0.0019921766242705337,0.0,0.0,0.0,0.0,0.0,0.0,0.9971869501440989,0.0
