cte,x,p,sin,x^2,px,xsin,p^2,psin,sin^2
0.0,0.0019875978026460974,0.0,0.0,0.0,0.0,0.0,0.0,0.09987032922581132,0.0
