cte,x,p,sin,x^2,px,xsin,p^2,psin,sin^2
0.0,0.001986917133840964,0.0,0.0,0.0,0.0,0.0,-0.0010095411506635414,0.9975091240336023,0.0
