cte,x,p,sin,x^2,px,xsin,p^2,psin,sin^2,initial_theta,delta_theta
0.0,0.0,0.0,0.18244240764439928,0.0,0.0,0.0,0.0,0.19942856393634112,0.0,-1.0,0.005
