cte,x,p,sin,x^2,px,xsin,p^2,psin,sin^2
0.0,0.001991765564313753,0.0,0.0,0.0,0.0,0.0,0.0,0.9971856519702876,0.0
