cte,x,p,sin,x^2,px,xsin,p^2,psin,sin^2
0.0,0.0019767452456078975,0.0,0.0,0.0,0.0,0.0,0.0,0.9974777675622631,0.0
