cte,x,p,sin,x^2,px,xsin,p^2,psin,sin^2
0.0,0.001991958311881346,0.0,0.0,0.0,0.0,0.0,0.0,0.09981307037565845,0.0
