cte,x,p,sin,x^2,px,xsin,p^2,psin,sin^2,initial_theta,delta_theta
0.0,0.0,0.0,0.08632626733076765,0.0,0.0,0.0,0.0,0.019809849607907645,0.0,-5.0,0.05
