cte,x,p,sin,x^2,px,xsin,p^2,psin,sin^2
0.0,0.0019945803760082178,0.0,0.0,0.0,0.0,0.0,0.0,0.09988689434426155,0.0
