cte,x,p,sin,x^2,px,xsin,p^2,psin,sin^2,initial_theta,delta_theta
0.0,0.0,0.0,0.1971683189397396,0.0,0.0,0.0,0.0,0.01990626710476231,0.0,-10.0,0.05
