cte,x,p,sin,x^2,px,xsin,p^2,psin,sin^2
0.0,0.0019912535769381194,0.0,0.0,0.0,0.0,0.0,0.0,0.09979760402852729,0.0
