cte,x,p,sin,x^2,px,xsin,p^2,psin,sin^2
0.0,0.0019860079080339025,0.0,0.0,0.0,0.0,0.0,0.0,0.09985428781416791,0.0
