cte,x,p,sin,x^2,px,xsin,p^2,psin,sin^2,initial_theta,delta_theta
0.0,0.0,0.0,0.3999642929932878,0.0,0.0,0.0,0.0,0.02111941602089053,0.0,-20.0,0.05
