cte,x,p,sin,x^2,px,xsin,p^2,psin,sin^2,initial_theta,delta_theta
0.0,0.0,0.0,0.19016304783496335,0.0,0.0,0.0,0.0,0.01974819277703937,0.0,-10.0,0.05
