cte,x,p,sin,x^2,px,xsin,p^2,psin,sin^2
0.0,0.001988600686008137,0.0,0.0,0.0,0.0,0.0,0.0,0.09982964694087745,0.0
