cte,x,p,sin,x^2,px,xsin,p^2,psin,sin^2
0.0,0.001988050609636113,0.0,0.0,0.0,0.0,0.0,0.0,0.9974999551716512,0.0
