cte,x,p,sin,x^2,px,xsin,p^2,psin,sin^2
0.0,0.00199587243129686,0.0,0.0,0.0,0.0,0.0,0.0,0.09981606245176956,0.0
