cte,x,p,sin,x^2,px,xsin,p^2,psin,sin^2
0.0,0.0019915924101785772,0.0,0.0,0.0,0.0,0.0,0.0,0.09989024414774515,0.0
