cte,x,p,sin,x^2,px,xsin,p^2,psin,sin^2
0.0,0.0019913849915240635,0.0,0.0,0.0,0.0,0.0,0.0,0.09983828207789387,0.0
