cte,x,p,sin,x^2,px,xsin,p^2,psin,sin^2
0.0,0.0019874784017764593,0.0,0.0,0.0,0.0,0.0,0.0,0.09987391386600333,0.0
