cte,x,p,sin,x^2,px,xsin,p^2,psin,sin^2
0.0,0.001987609062244299,0.0,0.0,0.0,0.0,0.0,0.0,0.996614660331205,0.0
