cte,x,p,sin,x^2,px,xsin,p^2,psin,sin^2
0.0,0.0019877324199030232,0.0,0.0,0.0,0.0,0.0,0.0,0.9967326064073275,0.0
