cte,x,p,sin,x^2,px,xsin,p^2,psin,sin^2
0.0,0.0019868338193206048,0.0,0.0,0.0,0.0,0.0,-0.0010660920260611453,0.9973029726980218,0.0
