cte,x,p,sin,x^2,px,xsin,p^2,psin,sin^2
0.0,0.0019893441155895576,0.0,0.0,0.0,0.0,0.0,0.0,0.9972907889433057,0.0
