cte,x,p,sin,x^2,px,xsin,p^2,psin,sin^2
0.0,0.0019908506472741624,-0.0012547499895775246,0.0,0.0,0.0,0.0,0.002091249982645194,0.9978693925629875,0.0
