cte,x,p,sin,x^2,px,xsin,p^2,psin,sin^2
0.0,0.0019894305263456202,0.0,0.0,0.0,0.0,0.0,0.0,0.09991624241075031,0.0
