cte,x,p,sin,x^2,px,xsin,p^2,psin,sin^2
0.0,0.0019867318261805092,0.0,0.0,0.0,0.0,0.0,0.0,0.09974876941536241,0.0
