cte,x,p,sin,x^2,px,xsin,p^2,psin,sin^2
0.0,0.0019904047530254184,0.0,0.0,0.0,0.0,0.0,-0.001004469190067588,0.9973961568311488,0.0
