cte,x,p,sin,x^2,px,xsin,p^2,psin,sin^2
0.0,0.001987216698983362,0.0,0.0,0.0,0.0,0.0,0.0,0.9975459015885852,0.0
