cte,x,p,sin,x^2,px,xsin,p^2,psin,sin^2
0.0,0.001994386973683317,0.0,0.0,0.0,0.0,0.0,-0.0012503162587114596,0.9974981682020148,0.0
