cte,x,p,sin,x^2,px,xsin,p^2,psin,sin^2
0.0,0.0019893441155895597,0.0,0.0,0.0,0.0,0.0,0.0,0.09982890780213254,0.0
