cte,x,p,sin,x^2,px,xsin,p^2,psin,sin^2
0.0,0.0019801546321300293,0.0,0.0,0.0,0.0,0.0,0.0,0.9965081865433789,0.0
