cte,x,p,sin,x^2,px,xsin,p^2,psin,sin^2,initial_theta,delta_theta
0.0,0.0,0.0,0.09543608240775941,0.0,0.0,0.0,0.0,0.10156423596876198,0.0,-1.0,0.01
