cte,x,p,sin,x^2,px,xsin,p^2,psin,sin^2,initial_theta,delta_theta
0.0,0.0,0.0,0.2079292897299217,0.0,0.0,0.0,0.0,0.01987832932618142,0.0,-10.0,0.05
