cte,x,p,sin,x^2,px,xsin,p^2,psin,sin^2
0.0,0.001976745245607896,0.0,0.0,0.0,0.0,0.0,0.0,0.09984762438060685,0.0
