cte,x,p,sin,x^2,px,xsin,p^2,psin,sin^2
0.0,0.001986587928448602,0.0,0.0,0.0,0.0,0.0,0.0,0.09989885466095955,0.0
