cte,x,p,sin,x^2,px,xsin,p^2,psin,sin^2,initial_theta,delta_theta
0.0,0.0,0.0,0.10853721919448502,0.0,0.0,0.0,0.0,0.019307298442794586,0.0,-5.0,0.05
