cte,x,p,sin,x^2,px,xsin,p^2,psin,sin^2
0.0,0.0019854533257981253,0.0,0.0,0.0,0.0,0.0,0.0,0.9974653407535657,0.0
