cte,x,p,sin,x^2,px,xsin,p^2,psin,sin^2
0.0,0.001990201379170375,-0.001233477429204088,0.0,0.0,0.0,0.0,0.0020557957153527536,0.9976835805850268,0.0
