cte,x,p,sin,x^2,px,xsin,p^2,psin,sin^2,x^3,px^2,x^2sin,p^2x,pxsin,xsin^2,p^3,p^2sin,psin^2,sin^3,x^4,px^3,x^3sin,p^2x^2,px^2sin,x^2sin^2,p^3x,p^2xsin,pxsin^2,xsin^3,p^4,p^3sin,p^2sin^2,psin^3,sin^4,x^5,px^4,x^4sin,p^2x^3,px^3sin,x^3sin^2,p^3x^2,p^2x^2sin,px^2sin^2,x^2sin^3,p^4x,p^3xsin,p^2xsin^2,pxsin^3,xsin^4,p^5,p^4sin,p^3sin^2,p^2sin^3,psin^4,sin^5
0.007952848226194865,0.0,0.0,0.004394318217112521,0.0,0.0,0.0,0.0,0.09181794430780305,0.010859840365010162,0.0,0.0,0.0,0.0,0.0,0.004440173285544715,0.0,0.008011498607412033,-0.006112383163958997,0.010943082572732113,0.0,0.0,0.0,0.0,0.0,0.0,0.0,0.0,0.0,0.0,0.0,-0.0021824179140056466,0.0,0.002528082722631751,-0.00769974111388992,0.0,0.0,0.0,0.0,0.0,0.0,0.0,0.0,0.0,0.0,0.0,0.0,0.0,0.0,-0.0016810813972543048,0.0,0.0,0.0,0.0,0.0030027792978406655,-0.008785193380676112
