cte,x,p,sin,x^2,px,xsin,p^2,psin,sin^2,x^3,px^2,x^2sin,p^2x,pxsin,xsin^2,p^3,p^2sin,psin^2,sin^3,x^4,px^3,x^3sin,p^2x^2,px^2sin,x^2sin^2,p^3x,p^2xsin,pxsin^2,xsin^3,p^4,p^3sin,p^2sin^2,psin^3,sin^4
0.0,0.0,0.16814002396267155,0.0,0.0,0.0,0.0,-0.47033350015980446,0.8056671513521544,0.0,0.0,0.0,0.0,0.0,0.0,0.0,-0.0635674403744277,1.2544715357856253,-0.07306406385153419,0.0,0.0,0.0,0.0,0.0,0.0,0.0,0.05281738599882547,0.0,0.0,0.0,0.0,-2.0134889207568154,0.22606330453470982,0.0,0.0
