cte,x,p,sin,x^2,px,xsin,p^2,psin,sin^2,x^3,px^2,x^2sin,p^2x,pxsin,xsin^2,p^3,p^2sin,psin^2,sin^3,x^4,px^3,x^3sin,p^2x^2,px^2sin,x^2sin^2,p^3x,p^2xsin,pxsin^2,xsin^3,p^4,p^3sin,p^2sin^2,psin^3,sin^4
0.0,0.001994049259000118,-0.0017290690303372192,0.0,0.0,0.0,0.0,0.003603128830466131,0.9990450298455581,0.0,0.0,0.0,0.0,0.0,0.0,0.0,0.0,-0.0018045328871021601,0.0,0.0,0.0,0.0,0.0,0.0,0.0,0.0,0.0,0.0,0.0,0.0,0.0,-0.0047381426463236325,0.0,0.0,0.0
