cte,x,p,sin,x^2,px,xsin,p^2,psin,sin^2,x^3,px^2,x^2sin,p^2x,pxsin,xsin^2,p^3,p^2sin,psin^2,sin^3,x^4,px^3,x^3sin,p^2x^2,px^2sin,x^2sin^2,p^3x,p^2xsin,pxsin^2,xsin^3,p^4,p^3sin,p^2sin^2,psin^3,sin^4
0.0,0.0,0.0,0.0,0.0,0.0,0.0,0.6937869381939173,0.8724865564988502,0.0,0.0,0.0,0.0,0.09144841509682146,0.0,0.0,-4.664164592126104,1.0445141954114054,-0.016640473439209796,0.0,0.0,0.0,0.0,0.0,0.0,0.0,-0.21206780250928003,0.0,0.0,0.0,7.333329360525101,-2.1131560727527665,0.06995271903953182,0.0,0.0
