cte,x,p,sin,x^2,px,xsin,p^2,psin,sin^2,x^3,px^2,x^2sin,p^2x,pxsin,xsin^2,p^3,p^2sin,psin^2,sin^3,x^4,px^3,x^3sin,p^2x^2,px^2sin,x^2sin^2,p^3x,p^2xsin,pxsin^2,xsin^3,p^4,p^3sin,p^2sin^2,psin^3,sin^4
0.0,0.0,0.016687118835882395,0.0,0.0,0.014019586332427423,0.0,-0.048212876895208596,1.010398545541624,0.0,0.0,0.0,0.0,0.0,0.0,0.0,0.10532674708497061,-0.07423195000948206,-0.014069762736610205,0.0,0.0,0.0,0.0,0.0,0.0,0.0,-0.06863889112879767,0.0,0.0,0.0,-0.35983295339406424,0.11376637997052083,0.042661623277577304,0.0,0.0
