cte,x,p,sin,x^2,px,xsin,p^2,psin,sin^2,x^3,px^2,x^2sin,p^2x,pxsin,xsin^2,p^3,p^2sin,psin^2,sin^3,x^4,px^3,x^3sin,p^2x^2,px^2sin,x^2sin^2,p^3x,p^2xsin,pxsin^2,xsin^3,p^4,p^3sin,p^2sin^2,psin^3,sin^4
-0.011860353477644425,0.0,0.05466710316375208,0.0,0.0,0.018868169413257394,0.0,0.21687439634178982,0.9654735744894458,0.018594848308391126,0.0,0.0,0.0,-0.0387669247924453,0.0,0.0,-0.8516175444939172,-0.5748713605042259,-0.1142701913481066,0.0204514226883658,0.0,0.0,0.0,0.0,0.0,0.0,0.0,0.0,0.0,0.0,0.0,1.9498249183559175,0.17532692918762,-0.05875340190306545,0.0
