cte,x,p,sin,x^2,px,xsin,p^2,psin,sin^2,x^3,px^2,x^2sin,p^2x,pxsin,xsin^2,p^3,p^2sin,psin^2,sin^3,x^4,px^3,x^3sin,p^2x^2,px^2sin,x^2sin^2,p^3x,p^2xsin,pxsin^2,xsin^3,p^4,p^3sin,p^2sin^2,psin^3,sin^4
0.0,0.0,0.0,0.0,0.0,0.03757333630679741,0.0,0.0,1.0024791521720486,0.0,0.0,0.0,0.0,-0.18849270911868235,0.0,0.0,0.0,-0.015440928926014928,0.0,0.0,0.0,0.0,0.0,0.0,0.0,0.0,0.2752327252859038,0.0,0.0,0.0,0.0,-0.01946680228026042,0.0,0.0,0.0
