cte,x,p,sin,x^2,px,xsin,p^2,psin,sin^2,x^3,px^2,x^2sin,p^2x,pxsin,xsin^2,p^3,p^2sin,psin^2,sin^3,x^4,px^3,x^3sin,p^2x^2,px^2sin,x^2sin^2,p^3x,p^2xsin,pxsin^2,xsin^3,p^4,p^3sin,p^2sin^2,psin^3,sin^4
0.0,0.0,-0.031153162936544816,0.0,0.0,0.0,0.0,0.10838736182918825,0.8888153552633569,0.0,0.0,0.0,0.0,0.09240250166555279,0.0,0.0,0.0,0.8923255510520302,0.017578843447894395,0.0,0.0,0.0,0.0,0.0,0.0,0.0,-0.21519371262828474,0.0,0.0,0.0,0.0,-1.7022722196278468,-0.08662957111767923,0.0,0.0
