cte,x,p,sin,x^2,px,xsin,p^2,psin,sin^2,x^3,px^2,x^2sin,p^2x,pxsin,xsin^2,p^3,p^2sin,psin^2,sin^3,x^4,px^3,x^3sin,p^2x^2,px^2sin,x^2sin^2,p^3x,p^2xsin,pxsin^2,xsin^3,p^4,p^3sin,p^2sin^2,psin^3,sin^4
0.0,0.0,0.0,0.012913535557561523,0.0,0.03732302544924218,0.0,0.0,0.757925009063056,0.0,0.0,0.0,0.0,-0.18607914915202495,0.0,0.0,0.0,1.2203602600075028,0.0,0.0,0.0,0.0,0.0,0.0,0.0,0.0,0.27006885043625894,0.0,0.0,0.0,0.0,-1.8299050306768077,0.0,0.0,0.0
