cte,x,p,sin,x^2,px,xsin,p^2,psin,sin^2,x^3,px^2,x^2sin,p^2x,pxsin,xsin^2,p^3,p^2sin,psin^2,sin^3,x^4,px^3,x^3sin,p^2x^2,px^2sin,x^2sin^2,p^3x,p^2xsin,pxsin^2,xsin^3,p^4,p^3sin,p^2sin^2,psin^3,sin^4
0.0,0.0,0.0,0.0,0.0,0.0,0.0,0.0,0.8747962344632897,0.0,0.0,0.0,0.0,0.09657472401112657,0.0,0.0,0.0,0.9329868239273347,0.0,0.0,0.0,0.0,0.0,0.0,0.0,0.0,-0.22864665120107933,0.0,0.0,0.0,0.0,-1.648962482198092,0.0,0.0,0.0
