cte,x,p,sin,x^2,px,xsin,p^2,psin,sin^2,x^3,px^2,x^2sin,p^2x,pxsin,xsin^2,p^3,p^2sin,psin^2,sin^3,x^4,px^3,x^3sin,p^2x^2,px^2sin,x^2sin^2,p^3x,p^2xsin,pxsin^2,xsin^3,p^4,p^3sin,p^2sin^2,psin^3,sin^4
0.0,0.0,0.0998485768688528,0.0,0.0,0.0,0.0,-0.30839490111897555,0.9191161597597849,0.0,0.0,0.0,0.0,0.08938412033316787,0.0,0.0,0.0,0.6057387000963095,-0.03699448260035662,0.0,0.0,0.0,0.0,0.0,0.0,0.0,-0.20682179332787676,0.0,0.0,0.0,0.0,-1.1395765014819086,0.11980725033129384,0.0,0.0
