cte,x,p,sin,x^2,px,xsin,p^2,psin,sin^2,x^3,px^2,x^2sin,p^2x,pxsin,xsin^2,p^3,p^2sin,psin^2,sin^3,x^4,px^3,x^3sin,p^2x^2,px^2sin,x^2sin^2,p^3x,p^2xsin,pxsin^2,xsin^3,p^4,p^3sin,p^2sin^2,psin^3,sin^4
0.0,0.0,-0.02309004861618412,-0.011488075740277761,0.0,0.0,0.0,-0.10601229453497286,1.0633742437163929,0.0,0.0,0.0,0.0,0.09364879649231281,0.0,0.0,0.4530813314698888,0.0,0.0190205936723892,0.0,0.0,0.0,0.0,0.0,0.0,0.0,-0.2177301526434195,0.0,0.0,0.0,0.0,-0.2702072469615145,-0.054250569529057824,0.0,0.0
