cte,x,p,sin,x^2,px,xsin,p^2,psin,sin^2,x^3,px^2,x^2sin,p^2x,pxsin,xsin^2,p^3,p^2sin,psin^2,sin^3,x^4,px^3,x^3sin,p^2x^2,px^2sin,x^2sin^2,p^3x,p^2xsin,pxsin^2,xsin^3,p^4,p^3sin,p^2sin^2,psin^3,sin^4
0.0,0.001993938631611312,-0.003939473537428991,0.0,0.0,0.0,0.0,0.034478517767817955,1.001276740475926,0.0,0.0,0.0,0.0,0.0,0.0,0.0,-0.11495662040902019,-0.023746321797805524,0.0,0.0,0.0,0.0,0.0,0.0,0.0,0.0,0.0,0.0,0.0,0.0,0.12935856997471587,0.03388321804186775,0.0,0.0,0.0
