cte,x,p,sin,x^2,px,xsin,p^2,psin,sin^2,x^3,px^2,x^2sin,p^2x,pxsin,xsin^2,p^3,p^2sin,psin^2,sin^3,x^4,px^3,x^3sin,p^2x^2,px^2sin,x^2sin^2,p^3x,p^2xsin,pxsin^2,xsin^3,p^4,p^3sin,p^2sin^2,psin^3,sin^4
0.0,0.0,0.0,0.0,0.0,0.0,0.0,0.0,0.8077291253932202,0.0,0.0,0.0,0.0,0.0950525579344378,0.0,0.0,-0.027807541695103095,1.5154265903615718,0.0,0.0,0.0,0.0,0.0,0.0,0.0,0.0,-0.2229435560923151,0.0,0.0,0.0,0.06895622774137548,-2.803034241208898,0.0,0.0,0.0
