cte,x,p,sin,x^2,px,xsin,p^2,psin,sin^2,x^3,px^2,x^2sin,p^2x,pxsin,xsin^2,p^3,p^2sin,psin^2,sin^3,x^4,px^3,x^3sin,p^2x^2,px^2sin,x^2sin^2,p^3x,p^2xsin,pxsin^2,xsin^3,p^4,p^3sin,p^2sin^2,psin^3,sin^4
0.0,0.0,0.0,-0.018768263261200863,0.0,0.03798890780978519,0.0,-0.024924089938078382,1.3439534937597646,0.0,0.0,0.0,0.0,-0.19265427757639425,0.0,0.0,0.13937341896124025,-1.7172047809536013,0.0,0.0,0.0,0.0,0.0,0.0,0.0,0.0,0.2838823527227074,0.0,0.0,0.0,-0.2031651802168189,2.4953724791067793,0.0,0.0,0.0
