cte,x,p,sin,x^2,px,xsin,p^2,psin,sin^2,x^3,px^2,x^2sin,p^2x,pxsin,xsin^2,p^3,p^2sin,psin^2,sin^3,x^4,px^3,x^3sin,p^2x^2,px^2sin,x^2sin^2,p^3x,p^2xsin,pxsin^2,xsin^3,p^4,p^3sin,p^2sin^2,psin^3,sin^4
0.0,0.0,0.0,0.0,0.0,0.03731496986384425,0.0,-0.03294530775540671,1.0152951616078256,0.0,0.0,0.0,0.0,-0.18636985016657326,0.0,0.0,0.18332199516131695,-0.15987198007853937,0.0,0.0,0.0,0.0,0.0,0.0,0.0,0.0,0.2711572427559023,0.0,0.0,0.0,-0.26601259786649556,0.3058074941045444,0.0,0.0,0.0
