cte,x,p,sin,x^2,px,xsin,p^2,psin,sin^2,x^3,px^2,x^2sin,p^2x,pxsin,xsin^2,p^3,p^2sin,psin^2,sin^3,x^4,px^3,x^3sin,p^2x^2,px^2sin,x^2sin^2,p^3x,p^2xsin,pxsin^2,xsin^3,p^4,p^3sin,p^2sin^2,psin^3,sin^4
0.0,0.0019904144785386946,0.0,0.0,0.0,0.0,0.0,0.0,0.9994356553067638,0.0,0.0,0.0,0.0,0.0,0.0,0.0,-0.02806295435030612,-0.008526748596358177,0.0,0.0,0.0,0.0,0.0,0.0,0.0,0.0,0.0,0.0,0.0,0.0,0.06766912305299776,0.013593522140629139,0.0,0.0,0.0
