cte,x,p,sin,x^2,px,xsin,p^2,psin,sin^2,x^3,px^2,x^2sin,p^2x,pxsin,xsin^2,p^3,p^2sin,psin^2,sin^3,x^4,px^3,x^3sin,p^2x^2,px^2sin,x^2sin^2,p^3x,p^2xsin,pxsin^2,xsin^3,p^4,p^3sin,p^2sin^2,psin^3,sin^4
0.0,0.0,0.03452513950862963,0.0,0.0,0.0,0.0,-0.4971729080072791,1.1561367600946484,0.0,0.0,0.0,0.0,0.0,0.0,0.0,0.7936816825602455,-0.9558840870124266,0.0,0.0,0.0,0.0,0.0,0.0,0.0,0.0,0.0,0.0,0.0,0.0,0.0,1.7812407567635458,0.04455519258352993,0.0,0.0
