cte,x,p,sin,x^2,px,xsin,p^2,psin,sin^2,x^3,px^2,x^2sin,p^2x,pxsin,xsin^2,p^3,p^2sin,psin^2,sin^3,x^4,px^3,x^3sin,p^2x^2,px^2sin,x^2sin^2,p^3x,p^2xsin,pxsin^2,xsin^3,p^4,p^3sin,p^2sin^2,psin^3,sin^4
0.0,0.0,0.0,0.0,0.0,0.037303959447132516,0.0,-0.026038144097950463,0.9869948068616918,0.0,0.0,0.0,0.0,-0.18599419953184682,0.0,0.0,0.1448062109317328,0.09699840662721722,0.0,0.0,0.0,0.0,0.0,0.0,0.0,0.0,0.2702416668521543,0.0,0.0,0.0,-0.21001965749477602,-0.19528592413002932,0.0,0.0,0.0
