cte,x,p,sin,x^2,px,xsin,p^2,psin,sin^2,x^3,px^2,x^2sin,p^2x,pxsin,xsin^2,p^3,p^2sin,psin^2,sin^3,x^4,px^3,x^3sin,p^2x^2,px^2sin,x^2sin^2,p^3x,p^2xsin,pxsin^2,xsin^3,p^4,p^3sin,p^2sin^2,psin^3,sin^4
0.0,0.0,0.0,0.0,0.0,0.037150947887337034,0.0,0.0,1.0121138670838943,0.0,0.0,0.0,0.0,-0.1838910823974158,0.0,0.0,0.0,-0.15541038270927812,0.0,0.0,0.0,0.0,0.0,0.0,0.0,0.0,0.26500099109089725,0.0,0.0,0.0,-0.010323839073605684,0.34926866791884253,0.0,0.0,0.0
