cte,x,p,sin,x^2,px,xsin,p^2,psin,sin^2,x^3,px^2,x^2sin,p^2x,pxsin,xsin^2,p^3,p^2sin,psin^2,sin^3,x^4,px^3,x^3sin,p^2x^2,px^2sin,x^2sin^2,p^3x,p^2xsin,pxsin^2,xsin^3,p^4,p^3sin,p^2sin^2,psin^3,sin^4
0.0,0.0,0.0,0.0,0.0,0.037195305580488794,0.0,-0.02448176477152108,1.0038364222875549,0.0,0.0,0.0,0.0,-0.18495018082902598,0.0,0.0,0.13605123373960948,-0.04954835714027949,0.0,0.0,0.0,0.0,0.0,0.0,0.0,0.0,0.2678937650917109,0.0,0.0,0.0,-0.19713919831936866,0.08998631126194996,0.0,0.0,0.0
