cte,x,p,sin,x^2,px,xsin,p^2,psin,sin^2,x^3,px^2,x^2sin,p^2x,pxsin,xsin^2,p^3,p^2sin,psin^2,sin^3,x^4,px^3,x^3sin,p^2x^2,px^2sin,x^2sin^2,p^3x,p^2xsin,pxsin^2,xsin^3,p^4,p^3sin,p^2sin^2,psin^3,sin^4
0.0,0.0,-0.02869525868136803,0.012507784102267367,0.0,0.0,0.0,2.0012198103587893,1.1850400295614367,0.0,0.0,0.0,0.0,0.0,-0.01710243943442608,0.0,-11.005342205497083,-0.5655288041720316,0.03442034205230315,0.0,0.0,0.0,0.0,0.0,0.0,0.0,0.0463418954621825,0.047239113835460866,0.0,0.0,15.706018748671012,-0.10304388136157265,-0.09153258036273706,0.0,0.0
