cte,x,p,sin,x^2,px,xsin,p^2,psin,sin^2,x^3,px^2,x^2sin,p^2x,pxsin,xsin^2,p^3,p^2sin,psin^2,sin^3,x^4,px^3,x^3sin,p^2x^2,px^2sin,x^2sin^2,p^3x,p^2xsin,pxsin^2,xsin^3,p^4,p^3sin,p^2sin^2,psin^3,sin^4
0.0,0.0,0.0,0.0,0.0,0.036966263342437314,0.0,-0.023041801668568437,1.0135329810448688,0.0,0.0,0.0,0.0,-0.1813598330978306,0.0,0.0,0.12760156677406118,-0.16905021032646583,0.0,0.0,0.0,0.0,0.0,0.0,0.0,0.0,0.25852297408129554,0.0,0.0,0.0,-0.18404742987374587,0.38428956316891066,0.0,0.0,0.0
