cte,x,p,sin,x^2,px,xsin,p^2,psin,sin^2,x^3,px^2,x^2sin,p^2x,pxsin,xsin^2,p^3,p^2sin,psin^2,sin^3,x^4,px^3,x^3sin,p^2x^2,px^2sin,x^2sin^2,p^3x,p^2xsin,pxsin^2,xsin^3,p^4,p^3sin,p^2sin^2,psin^3,sin^4
0.0,0.0,0.0,0.026939742247024827,0.0,0.03599045133787721,0.0,0.0,0.5703811973252739,0.0,0.0,0.0,0.0,-0.17603919459685924,0.0,0.0,0.0,1.8816455751283965,0.0,0.0,0.0,0.0,0.0,0.0,0.0,0.0,0.252758022382604,0.0,0.0,0.0,0.0,-2.4896208780135884,0.0,0.0,0.0
