cte,x,p,sin,x^2,px,xsin,p^2,psin,sin^2,x^3,px^2,x^2sin,p^2x,pxsin,xsin^2,p^3,p^2sin,psin^2,sin^3,x^4,px^3,x^3sin,p^2x^2,px^2sin,x^2sin^2,p^3x,p^2xsin,pxsin^2,xsin^3,p^4,p^3sin,p^2sin^2,psin^3,sin^4
0.0,0.0,0.08791681902595218,0.0,0.0,0.0,0.0,-0.27169859782195827,1.115359887888259,0.0,0.0,0.0,0.0,0.09455977155939815,0.0,0.0,0.0,-0.9176239678285608,-0.0329059104440922,0.0,0.0,0.0,0.0,0.0,0.0,0.0,-0.2224741514194294,0.0,0.0,0.0,0.0,1.635116862210282,0.10207309248654187,0.0,0.0
