cte,x,p,sin,x^2,px,xsin,p^2,psin,sin^2,x^3,px^2,x^2sin,p^2x,pxsin,xsin^2,p^3,p^2sin,psin^2,sin^3,x^4,px^3,x^3sin,p^2x^2,px^2sin,x^2sin^2,p^3x,p^2xsin,pxsin^2,xsin^3,p^4,p^3sin,p^2sin^2,psin^3,sin^4
0.0,0.0,-0.04056015432736046,-0.013720539017260471,0.0,0.0,0.0,0.13972856599315528,1.0578074726547309,0.0,0.0,0.0,0.0,0.09090062652704113,0.0,0.0,-0.028691713925729244,0.08971818932453499,0.013012870547051412,0.0,0.0,0.0,0.0,0.0,0.0,0.0,-0.21126466223250948,0.0,0.0,0.0,0.0,-0.38412694965341987,-0.04609223388943898,0.0,0.0
