cte,x,p,sin,x^2,px,xsin,p^2,psin,sin^2,x^3,px^2,x^2sin,p^2x,pxsin,xsin^2,p^3,p^2sin,psin^2,sin^3,x^4,px^3,x^3sin,p^2x^2,px^2sin,x^2sin^2,p^3x,p^2xsin,pxsin^2,xsin^3,p^4,p^3sin,p^2sin^2,psin^3,sin^4
0.0,0.0,-0.1258569227970336,0.0,0.0,0.0,0.0,2.7354955131810437,1.1721180866208571,0.0,0.0,0.0,0.0,0.0,0.0,0.0,-10.796064253774208,-1.2823743791161029,0.0,0.0,0.0,0.0,0.0,0.0,0.0,0.0,0.0,0.0,0.0,0.0,11.852681042790044,2.5837154928140587,-0.06650863664064247,0.0,0.0
