cte,x,p,sin,x^2,px,xsin,p^2,psin,sin^2,x^3,px^2,x^2sin,p^2x,pxsin,xsin^2,p^3,p^2sin,psin^2,sin^3,x^4,px^3,x^3sin,p^2x^2,px^2sin,x^2sin^2,p^3x,p^2xsin,pxsin^2,xsin^3,p^4,p^3sin,p^2sin^2,psin^3,sin^4
0.0,0.0,-0.034500545781677015,-0.0171880220063104,0.0,0.0,0.0,0.20918492610899014,1.0881433864839574,0.0,0.0,0.0,0.0,0.02453607052931891,0.0,0.0,-0.4841489885270802,-0.027194517966889722,0.01397709275858683,0.0,0.0,0.0,0.0,0.0,0.0,0.0,0.0,0.0,0.0,0.0,0.0,0.4326218139014522,-0.030590361460664323,-0.014756788709557187,0.0
