cte,x,p,sin,x^2,px,xsin,p^2,psin,sin^2
0.0,0.0019921171138389685,0.0,0.0,0.0,0.0,0.0,0.0,0.09988197145230984,0.0
