cte,x,p,sin,x^2,px,xsin,p^2,psin,sin^2,initial_theta,delta_theta
0.0,0.0,0.0,0.10675846678602355,0.0,0.0,0.0,0.0,0.09980105473636376,0.0,-1.0,0.01
