cte,x,p,sin,x^2,px,xsin,p^2,psin,sin^2,initial_theta,delta_theta
0.0,0.0,0.0,0.0875026650865373,0.0,0.0,0.0,0.0,0.10072508467337274,0.0,-1.0,0.01
