cte,x,p,sin,x^2,px,xsin,p^2,psin,sin^2
0.0,0.0019917235642587187,0.0,0.0,0.0,0.0,0.0,0.0,0.09984550315062153,0.0
