cte,x,p,sin,x^2,px,xsin,p^2,psin,sin^2,initial_theta,delta_theta
0.0,0.0,0.0,0.19890339539217253,0.0,0.0,0.0,0.0,0.019374638561170773,0.0,-10.0,0.05
