cte,x,p,sin,x^2,px,xsin,p^2,psin,sin^2,initial_theta,delta_theta
0.0,0.0,0.0,0.19061934935898736,0.0,0.0,0.0,0.0,0.02022848508559648,0.0,-10.0,0.05
