cte,x,p,sin,x^2,px,xsin,p^2,psin,sin^2
0.0,0.0019949219963860424,0.0,0.0,0.0,0.0,0.0,0.0,0.9981320912261585,0.0
