cte,x,p,sin,x^2,px,xsin,p^2,psin,sin^2,initial_theta,delta_theta
0.0,0.0,0.0,-0.02309219815697049,0.0,0.0,0.0,0.0,0.019741623798593674,0.0,1.0,0.05
