cte,x,p,sin,x^2,px,xsin,p^2,psin,sin^2,initial_theta,delta_theta
0.0,0.0,0.0,0.0933147664594445,0.0,0.0,0.0,0.0,0.10060735472082563,0.0,-1.0,0.01
