cte,x,p,sin,x^2,px,xsin,p^2,psin,sin^2
0.0,0.0019908192002082176,0.0,0.0,0.0,0.0,0.0,0.0,0.9971432978330963,0.0
