cte,x,p,sin,x^2,px,xsin,p^2,psin,sin^2,initial_theta,delta_theta
0.0,0.0,0.0,0.09853836253811321,0.0,0.0,0.0,0.0,0.10037959417095131,0.0,-1.0,0.01
