cte,x,p,sin,x^2,px,xsin,p^2,psin,sin^2
0.0,0.001990563657123308,0.0,0.0,0.0,0.0,0.0,-0.0023908908091066186,0.9977497310434341,0.0
