cte,x,p,sin,x^2,px,xsin,p^2,psin,sin^2,initial_theta,delta_theta
0.0,0.0,0.0,0.207497270555775,0.0,0.0,0.0,0.0,0.021608331042510042,0.0,-10.0,0.05
