cte,x,p,sin,x^2,px,xsin,p^2,psin,sin^2,initial_theta,delta_theta
0.0,0.0,0.0,-0.0903943173496479,0.0,0.0,0.0,0.0,0.09725941241434734,0.0,1.0,0.01
