cte,x,p,sin,x^2,px,xsin,p^2,psin,sin^2
0.0,0.0019960490470605254,0.0,0.0,0.0,0.0,0.0,0.0,0.09989112999372705,0.0
