cte,x,p,sin,x^2,px,xsin,p^2,psin,sin^2
0.0,0.001991327924667441,0.0,0.0,0.0,0.0,0.0,0.0,0.9975786825307617,0.0
