cte,x,p,sin,x^2,px,xsin,p^2,psin,sin^2,initial_theta,delta_theta
0.0,0.0,0.0,0.19863436128097317,0.0,0.0,0.0,0.0,0.01943167467922288,0.0,-10.0,0.05
