cte,x,p,sin,x^2,px,xsin,p^2,psin,sin^2
0.0,0.001993701905275372,0.0,0.0,0.0,0.0,0.0,0.0,0.09984505920875197,0.0
