cte,x,p,sin,x^2,px,xsin,p^2,psin,sin^2,initial_theta,delta_theta
0.0,0.0,0.0,0.08901358438356305,0.0,0.0,0.0,0.0,0.019549739694836442,0.0,-5.0,0.05
