cte,x,p,sin,x^2,px,xsin,p^2,psin,sin^2,initial_theta,delta_theta
0.0,0.0,0.0,0.29326539849870736,0.0,0.0,0.0,0.0,0.01924295165905536,0.0,-15.0,0.05
