cte,x,p,sin,x^2,px,xsin,p^2,psin,sin^2
0.0,0.001993871278445872,0.0,0.0,0.0,0.0,0.0,0.0,0.0999243562779447,0.0
