cte,x,p,sin,x^2,px,xsin,p^2,psin,sin^2
0.0,0.0019908093960370916,0.0,0.0,0.0,0.0,0.0,0.0,0.9976824189895456,0.0
