cte,x,p,sin,x^2,px,xsin,p^2,psin,sin^2,initial_theta,delta_theta
0.0,0.0,0.0,0.09009311989033848,0.0,0.0,0.0,0.0,0.021143183564600952,0.0,-5.0,0.05
