cte,x,p,sin,x^2,px,xsin,p^2,psin,sin^2
0.0,0.001991147037393487,0.0,0.0,0.0,0.0,0.0,-0.002182764987972026,0.9982083270429323,0.0
