cte,x,p,sin,x^2,px,xsin,p^2,psin,sin^2
0.0,0.00199320698741952,0.0,0.0,0.0,0.0,0.0,0.0,0.9975945902712295,0.0
