cte,x,p,sin,x^2,px,xsin,p^2,psin,sin^2,initial_theta,delta_theta
0.0,0.0,0.0,0.3023897455969691,0.0,0.0,0.0,0.0,0.020142465137510113,0.0,-15.0,0.05
