cte,x,p,sin,x^2,px,xsin,p^2,psin,sin^2
0.0,0.0019917728080404897,0.0,0.0,0.0,0.0,0.0,0.0,0.9974946237048506,0.0
