cte,x,p,sin,x^2,px,xsin,p^2,psin,sin^2
0.0,0.0019927731822525895,0.0,0.0,0.0,0.0,0.0,-0.0021840808189693417,0.9978426725444406,0.0
