cte,x,p,sin,x^2,px,xsin,p^2,psin,sin^2
0.0,0.001995036131116607,0.0,0.0,0.0,0.0,0.0,0.0,0.09991544325034164,0.0
