cte,x,p,sin,x^2,px,xsin,p^2,psin,sin^2
0.0,0.0019947161138601796,0.0,0.0,0.0,0.0,0.0,0.0,0.09990212520930465,0.0
