cte,x,p,sin,x^2,px,xsin,p^2,psin,sin^2
0.0,0.0019932265435085774,0.0,0.0,0.0,0.0,0.0,0.0,0.09989446764206361,0.0
