cte,x,p,sin,x^2,px,xsin,p^2,psin,sin^2
0.0,0.001993366789297907,0.0,0.0,0.0,0.0,0.0,0.0,0.9973591235484462,0.0
