cte,x,p,sin,x^2,px,xsin,p^2,psin,sin^2
0.0,0.0019928146669154,0.0,0.0,0.0,0.0,0.0,0.0,0.9977722890458826,0.0
