cte,x,p,sin,x^2,px,xsin,p^2,psin,sin^2
0.0,0.001992152908317842,0.0,0.0,0.0,0.0,0.0,0.0,0.09990032009211845,0.0
