cte,x,p,sin,x^2,px,xsin,p^2,psin,sin^2
0.0,0.0019944501569989772,0.0,0.0,0.0,0.0,0.0,0.0,0.9979388159775765,0.0
