cte,x,p,sin,x^2,px,xsin,p^2,psin,sin^2
0.0,0.00199132111620693,0.0,0.0,0.0,0.0,0.0,0.0,0.9978051129523575,0.0
