cte,x,p,sin,x^2,px,xsin,p^2,psin,sin^2
0.0,0.0019949409727184897,0.0,0.0,0.0,0.0,0.0,0.0,0.09982924293237071,0.0
