cte,x,p,sin,x^2,px,xsin,p^2,psin,sin^2
0.0,0.001992971270065226,0.0,0.0,0.0,0.0,0.0,0.0,0.9979538712839344,0.0
