cte,x,p,sin,x^2,px,xsin,p^2,psin,sin^2
0.0,0.0019935756504224503,0.0,0.0,0.0,0.0,0.0,0.0,0.09982946225642816,0.0
