cte,x,p,sin,x^2,px,xsin,p^2,psin,sin^2
0.0,0.0019944501569989755,0.0,0.0,0.0,0.0,0.0,0.0,0.09989377537313061,0.0
