cte,x,p,sin,x^2,px,xsin,p^2,psin,sin^2,initial_theta,delta_theta
0.0,0.0,0.0,0.08864996063443441,0.0,0.0,0.0,0.0,0.020000673701713875,0.0,-5.0,0.05
