cte,x,p,sin,x^2,px,xsin,p^2,psin,sin^2
0.0,0.001994197386773475,0.0,0.0,0.0,0.0,0.0,0.0,0.09987123364120577,0.0
