cte,x,p,sin,x^2,px,xsin,p^2,psin,sin^2
0.0,0.0019920803681426186,0.0,0.0,0.0,0.0,0.0,0.0,0.9979568409057376,0.0
