cte,x,p,sin,x^2,px,xsin,p^2,psin,sin^2
0.0,0.001993126875335741,0.0,0.0,0.0,0.0,0.0,0.0,0.9974274812118828,0.0
