cte,x,p,sin,x^2,px,xsin,p^2,psin,sin^2
0.0,0.001993566304508317,0.0,0.0,0.0,0.0,0.0,0.0,0.09991838756540687,0.0
