cte,x,p,sin,x^2,px,xsin,p^2,psin,sin^2,initial_theta,delta_theta
0.0,0.0,0.0,0.19777072910360047,0.0,0.0,0.0,0.0,0.206383819825485,0.0,-1.0,0.005
