cte,x,p,sin,x^2,px,xsin,p^2,psin,sin^2,initial_theta,delta_theta
0.0,0.0,0.0,0.2965136864055871,0.0,0.0,0.0,0.0,0.020573883395544442,0.0,-15.0,0.05
