cte,x,p,sin,x^2,px,xsin,p^2,psin,sin^2
0.0,0.0019920803681426212,0.0,0.0,0.0,0.0,0.0,0.0,0.09989557967024411,0.0
