cte,x,p,sin,x^2,px,xsin,p^2,psin,sin^2
0.0,0.0019953068181342514,0.0,0.0,0.0,0.0,0.0,0.0,0.9981646142366808,0.0
