cte,x,p,sin,x^2,px,xsin,p^2,psin,sin^2
0.0,0.0019918245468542525,0.0,0.0,0.0,0.0,0.0,0.0,0.09988650816468168,0.0
