cte,x,p,sin,x^2,px,xsin,p^2,psin,sin^2
0.0,0.0019908645435471523,0.0,0.0,0.0,0.0,0.0,0.0,0.09988847114462021,0.0
