cte,x,p,sin,x^2,px,xsin,p^2,psin,sin^2
0.0,0.001995076593099073,0.0,0.0,0.0,0.0,0.0,0.0,0.09992612384530337,0.0
