cte,x,p,sin,x^2,px,xsin,p^2,psin,sin^2
0.0,0.001997201862808131,0.0,0.0,0.0,0.0,0.0,0.0,0.09992235216883655,0.0
