cte,x,p,sin,x^2,px,xsin,p^2,psin,sin^2
0.0,0.0019928304989778253,0.0,0.0,0.0,0.0,0.0,0.0,0.9973621262051354,0.0
