cte,x,p,sin,x^2,px,xsin,p^2,psin,sin^2
0.0,0.0019932265435085757,0.0,0.0,0.0,0.0,0.0,0.0,0.9979457317442155,0.0
