cte,x,p,sin,x^2,px,xsin,p^2,psin,sin^2
0.0,0.0019932621899530502,0.0,0.0,0.0,0.0,0.0,0.0,0.9975951944452252,0.0
