cte,x,p,sin,x^2,px,xsin,p^2,psin,sin^2
0.0,0.001991896292698432,0.0,0.0,0.0,0.0,0.0,0.0,0.09987687759352878,0.0
