cte,x,p,sin,x^2,px,xsin,p^2,psin,sin^2,initial_theta,delta_theta
0.0,0.0,0.0,0.08390495459509019,0.0,0.0,0.0,0.0,0.10841233614233396,0.0,-1.0,0.01
