cte,x,p,sin,x^2,px,xsin,p^2,psin,sin^2
0.0,0.0019960633240576754,0.0,0.0,0.0,0.0,0.0,-0.0021789334836522655,0.9979122823330526,0.0
