cte,x,p,sin,x^2,px,xsin,p^2,psin,sin^2,initial_theta,delta_theta
0.0,0.0,0.0,0.11131962750994889,0.0,0.0,0.0,0.0,0.020050228110885304,0.0,-5.0,0.05
