cte,x,p,sin,x^2,px,xsin,p^2,psin,sin^2
0.0,0.0019935462973575463,-0.0018790286643511937,0.0,0.0,0.0,0.0,0.004475797891439457,0.9976673431278816,0.0
