cte,x,p,sin,x^2,px,xsin,p^2,psin,sin^2
0.0,0.0019920591402215393,0.0,0.0,0.0,0.0,0.0,0.0,0.9974786670293406,0.0
