cte,x,p,sin,x^2,px,xsin,p^2,psin,sin^2
0.0,0.0019928554467519575,0.0,0.0,0.0,0.0,0.0,0.0,0.9975546708068515,0.0
