cte,x,p,sin,x^2,px,xsin,p^2,psin,sin^2,initial_theta,delta_theta
0.0,0.0,0.0,0.18231777969163102,0.0,0.0,0.0,0.0,0.020379381646184545,0.0,-10.0,0.05
