cte,x,p,sin,x^2,px,xsin,p^2,psin,sin^2,initial_theta,delta_theta
0.0,0.0,0.0,0.2875131543481389,0.0,0.0,0.0,0.0,0.01842661901781811,0.0,-15.0,0.05
