cte,x,p,sin,x^2,px,xsin,p^2,psin,sin^2
0.0,0.0019933667892979086,0.0,0.0,0.0,0.0,0.0,0.0,0.09983574810294761,0.0
