cte,x,p,sin,x^2,px,xsin,p^2,psin,sin^2
0.0,0.0019941810527054037,0.0,0.0,0.0,0.0,0.0,0.0,0.09984042522202928,0.0
