cte,x,p,sin,x^2,px,xsin,p^2,psin,sin^2
0.0,0.0019987516340186358,0.0,0.0,0.0,0.0,0.0,0.0,0.9982668378087453,0.0
