cte,x,p,sin,x^2,px,xsin,p^2,psin,sin^2,initial_theta,delta_theta
0.0,0.0,0.0,0.2876643461547178,0.0,0.0,0.0,0.0,0.019496893534084826,0.0,-15.0,0.05
