cte,x,p,sin,x^2,px,xsin,p^2,psin,sin^2
0.0,0.0019953068181342523,0.0,0.0,0.0,0.0,0.0,0.0,0.09991637780146953,0.0
