cte,x,p,sin,x^2,px,xsin,p^2,psin,sin^2
0.0,0.0019941810527054032,0.0,0.0,0.0,0.0,0.0,0.0,0.9974058479680723,0.0
