cte,x,p,sin,x^2,px,xsin,p^2,psin,sin^2
0.0,0.001992825711071711,0.0,0.0,0.0,0.0,0.0,0.0,0.9976543803557963,0.0
