cte,x,p,sin,x^2,px,xsin,p^2,psin,sin^2,initial_theta,delta_theta
0.0,0.0,0.0,0.1071824867585335,0.0,0.0,0.0,0.0,0.020144337430786866,0.0,-5.0,0.05
