cte,x,p,sin,x^2,px,xsin,p^2,psin,sin^2
0.0,0.001991029327118093,0.0,0.0,0.0,0.0,0.0,-0.0019161801074749926,0.9977718402863277,0.0
