cte,x,p,sin,x^2,px,xsin,p^2,psin,sin^2
0.0,0.0019914058462619177,0.0,0.0,0.0,0.0,0.0,0.0,0.9979341971235062,0.0
