cte,x,p,sin,x^2,px,xsin,p^2,psin,sin^2
0.0,0.001993505691405707,0.0,0.0,0.0,0.0,0.0,0.0,0.9978405387960885,0.0
