cte,x,p,sin,x^2,px,xsin,p^2,psin,sin^2,initial_theta,delta_theta
0.0,0.0,0.0,0.20256296215514655,0.0,0.0,0.0,0.0,0.18886207652948853,0.0,-1.0,0.005
