cte,x,p,sin,x^2,px,xsin,p^2,psin,sin^2,initial_theta,delta_theta
0.0,0.0,0.0,0.09014685002230605,0.0,0.0,0.0,0.0,0.020221349261508127,0.0,-5.0,0.05
