cte,x,p,sin,x^2,px,xsin,p^2,psin,sin^2
0.0,0.0019926914628456546,0.0,0.0,0.0,0.0,0.0,0.0,0.9971920334281602,0.0
