cte,x,p,sin,x^2,px,xsin,p^2,psin,sin^2
0.0,0.001991990619321422,0.0,0.0,0.0,0.0,0.0,0.0,0.09984547826974795,0.0
