cte,x,p,sin,x^2,px,xsin,p^2,psin,sin^2
0.0,0.001993926113719573,0.0,0.0,0.0,0.0,0.0,0.0,0.09989808273804719,0.0
