cte,x,p,sin,x^2,px,xsin,p^2,psin,sin^2
0.0,0.001993005291962948,0.0,0.0,0.0,0.0,0.0,0.0,0.09991845058579252,0.0
