cte,x,p,sin,x^2,px,xsin,p^2,psin,sin^2
0.0,0.0019930334717383905,0.0,0.0,0.0,0.0,0.0,0.0,0.09984368568351398,0.0
