cte,x,p,sin,x^2,px,xsin,p^2,psin,sin^2
0.0,0.0019917728080404923,0.0,0.0,0.0,0.0,0.0,0.0,0.09984931168216724,0.0
