cte,x,p,sin,x^2,px,xsin,p^2,psin,sin^2
0.0,0.0019923335077354437,0.0,0.0,0.0,0.0,0.0,-0.002515262816281545,0.9977063903742109,0.0
