cte,x,p,sin,x^2,px,xsin,p^2,psin,sin^2
0.0,0.001994940972718492,0.0,0.0,0.0,0.0,0.0,0.0,0.997294136894383,0.0
