cte,x,p,sin,x^2,px,xsin,p^2,psin,sin^2
0.0,0.0019931484127946823,0.0,0.0,0.0,0.0,0.0,0.0,0.09985704425178986,0.0
