cte,x,p,sin,x^2,px,xsin,p^2,psin,sin^2
0.0,0.0019922371967449775,0.0,0.0,0.0,0.0,0.0,0.0,0.9975576014819747,0.0
