cte,x,p,sin,x^2,px,xsin,p^2,psin,sin^2,initial_theta,delta_theta
0.0,0.0,0.0,0.3043142438983707,0.0,0.0,0.0,0.0,0.017905160576454637,0.0,-15.0,0.05
