cte,x,p,sin,x^2,px,xsin,p^2,psin,sin^2
0.0,0.0019919067360645937,0.0,0.0,0.0,0.0,0.0,0.0,0.9975824749305252,0.0
