cte,x,p,sin,x^2,px,xsin,p^2,psin,sin^2
0.0,0.001993148911531787,0.0,0.0,0.0,0.0,0.0,0.0,0.09987945826592454,0.0
