cte,x,p,sin,x^2,px,xsin,p^2,psin,sin^2
0.0,0.0019917235642587182,0.0,0.0,0.0,0.0,0.0,0.0,0.9974565764747096,0.0
