cte,x,p,sin,x^2,px,xsin,p^2,psin,sin^2,initial_theta,delta_theta
0.0,0.0,0.0,0.10188900463076761,0.0,0.0,0.0,0.0,0.019597241756016525,0.0,-5.0,0.05
