cte,x,p,sin,x^2,px,xsin,p^2,psin,sin^2
0.0,0.0019939261137195733,0.0,0.0,0.0,0.0,0.0,0.0,0.997981846553092,0.0
