cte,x,p,sin,x^2,px,xsin,p^2,psin,sin^2
0.0,0.001991173594983067,0.0,0.0,0.0,0.0,0.0,0.0,0.0998575746917783,0.0
