cte,x,p,sin,x^2,px,xsin,p^2,psin,sin^2
0.0,0.0019918987982416652,0.0,0.0,0.0,0.0,0.0,0.0,0.09988612206460139,0.0
