cte,x,p,sin,x^2,px,xsin,p^2,psin,sin^2,initial_theta,delta_theta
0.0,0.0,0.0,0.10366735708329604,0.0,0.0,0.0,0.0,0.019592180520740576,0.0,-5.0,0.05
