cte,x,p,sin,x^2,px,xsin,p^2,psin,sin^2
0.0,0.001993505691405708,0.0,0.0,0.0,0.0,0.0,0.0,0.09988393781742626,0.0
