cte,x,p,sin,x^2,px,xsin,p^2,psin,sin^2
0.0,0.0019935807715992814,0.0,0.0,0.0,0.0,0.0,0.0,0.9979514142494659,0.0
