cte,x,p,sin,x^2,px,xsin,p^2,psin,sin^2
0.0,0.0019947812322875266,0.0,0.0,0.0,0.0,0.0,0.0,0.09987249678519494,0.0
