cte,x,p,sin,x^2,px,xsin,p^2,psin,sin^2
0.0,0.0019890582210942112,0.0,0.0,0.0,0.0,0.0,0.0,0.9978145320009306,0.0
