cte,x,p,sin,x^2,px,xsin,p^2,psin,sin^2
0.0,0.0019921529083178425,0.0,0.0,0.0,0.0,0.0,0.0,0.9980041977202626,0.0
