cte,x,p,sin,x^2,px,xsin,p^2,psin,sin^2,initial_theta,delta_theta
0.0,0.0,0.0,0.300554350789639,0.0,0.0,0.0,0.0,0.020939917140484012,0.0,-15.0,0.05
