cte,x,p,sin,x^2,px,xsin,p^2,psin,sin^2
0.0,0.001990807159548665,0.0,0.0,0.0,0.0,0.0,0.0,0.09988184583118911,0.0
