cte,x,p,sin,x^2,px,xsin,p^2,psin,sin^2
0.0,0.0019919440188138626,0.0,0.0,0.0,0.0,0.0,0.0,0.9976471534180115,0.0
