cte,x,p,sin,x^2,px,xsin,p^2,psin,sin^2
0.0,0.0019932757349522463,0.0,0.0,0.0,0.0,0.0,0.0,0.9977654841169434,0.0
