cte,x,p,sin,x^2,px,xsin,p^2,psin,sin^2
0.0,0.0019931268753357423,0.0,0.0,0.0,0.0,0.0,0.0,0.09984259071190021,0.0
