cte,x,p,sin,x^2,px,xsin,p^2,psin,sin^2,initial_theta,delta_theta
0.0,0.0,0.0,0.08930835877574259,0.0,0.0,0.0,0.0,0.02035173703241958,0.0,-5.0,0.05
