cte,x,p,sin,x^2,px,xsin,p^2,psin,sin^2
0.0,0.001994139930224124,0.0,0.0,0.0,0.0,0.0,0.0,0.09986105204329081,0.0
