cte,x,p,sin,x^2,px,xsin,p^2,psin,sin^2
0.0,0.0019928602055084258,0.0,0.0,0.0,0.0,0.0,0.0,0.9979908418500112,0.0
