cte,x,p,sin,x^2,px,xsin,p^2,psin,sin^2
0.0,0.0019926914628456546,0.0,0.0,0.0,0.0,0.0,0.0,0.0998190223651812,0.0
