cte,x,p,sin,x^2,px,xsin,p^2,psin,sin^2
0.0,0.0019934364779329535,0.0,0.0,0.0,0.0,0.0,0.0,0.9980251098313692,0.0
