cte,x,p,sin,x^2,px,xsin,p^2,psin,sin^2
0.0,0.0019909148490127706,-0.0017328549543225787,0.0,0.0,0.0,0.0,0.004127615878339239,0.9980161248964453,0.0
