cte,x,p,sin,x^2,px,xsin,p^2,psin,sin^2
0.0,0.001993434163219269,0.0,0.0,0.0,0.0,0.0,0.0,0.0998707983240841,0.0
