cte,x,p,sin,x^2,px,xsin,p^2,psin,sin^2
0.0,0.0019947812322875244,0.0,0.0,0.0,0.0,0.0,0.0,0.9977262428840991,0.0
