cte,x,p,sin,x^2,px,xsin,p^2,psin,sin^2
0.0,0.001993691187099183,0.0,0.0,0.0,0.0,0.0,0.0,0.09987148981067255,0.0
