cte,x,p,sin,x^2,px,xsin,p^2,psin,sin^2
0.0,0.0019910163156409456,0.0,0.0,0.0,0.0,0.0,0.0,0.09987705703949941,0.0
