cte,x,p,sin,x^2,px,xsin,p^2,psin,sin^2,initial_theta,delta_theta
0.0,0.0,0.0,0.12676682622502525,0.0,0.0,0.0,0.0,0.09467949906297969,0.0,-1.0,0.01
