cte,x,p,sin,x^2,px,xsin,p^2,psin,sin^2
0.0,0.0019928613713216126,0.0,0.0,0.0,0.0,0.0,0.0,0.09979816071492738,0.0
