cte,x,p,sin,x^2,px,xsin,p^2,psin,sin^2,initial_theta,delta_theta
0.0,0.0,0.0,-0.022983623081426638,0.0,0.0,0.0,0.0,0.02013515176425917,0.0,1.0,0.05
