cte,x,p,sin,x^2,px,xsin,p^2,psin,sin^2
0.0,0.0019888161497108683,0.0,0.0,0.0,0.0,0.0,0.0,0.09984528733854128,0.0
