cte,x,p,sin,x^2,px,xsin,p^2,psin,sin^2
0.0,0.0019920591402215345,0.0,0.0,0.0,0.0,0.0,0.0,0.0998477144173513,0.0
