cte,x,p,sin,x^2,px,xsin,p^2,psin,sin^2
0.0,0.001993368986843769,0.0,0.0,0.0,0.0,0.0,0.0,0.09985951521097244,0.0
