cte,x,p,sin,x^2,px,xsin,p^2,psin,sin^2
0.0,0.001993626293083014,0.0,0.0,0.0,0.0,0.0,0.0,0.09985912800465549,0.0
