cte,x,p,sin,x^2,px,xsin,p^2,psin,sin^2
0.0,0.0019934364779329505,0.0,0.0,0.0,0.0,0.0,0.0,0.09990241339653363,0.0
