cte,x,p,sin,x^2,px,xsin,p^2,psin,sin^2,initial_theta,delta_theta
0.0,0.0,0.0,0.10692791285099941,0.0,0.0,0.0,0.0,0.019347210247171617,0.0,-5.0,0.05
