cte,x,p,sin,x^2,px,xsin,p^2,psin,sin^2
0.0,0.00199522562877379,0.0,0.0,0.0,0.0,0.0,0.0,0.09987277773276747,0.0
