cte,x,p,sin,x^2,px,xsin,p^2,psin,sin^2
0.0,0.001994921996386044,0.0,0.0,0.0,0.0,0.0,0.0,0.09991312224486085,0.0
