cte,x,p,sin,x^2,px,xsin,p^2,psin,sin^2
0.0,0.00199081920020822,0.0,0.0,0.0,0.0,0.0,0.0,0.09981414392723677,0.0
