cte,x,p,sin,x^2,px,xsin,p^2,psin,sin^2
0.0,0.001990575091951988,0.0,0.0,0.0,0.0,0.0,0.0,0.9978899305504029,0.0
