cte,x,p,sin,x^2,px,xsin,p^2,psin,sin^2
0.0,0.001989504742999626,0.0,0.0,0.0,0.0,0.0,0.0,0.9973677248237794,0.0
