cte,x,p,sin,x^2,px,xsin,p^2,psin,sin^2
0.0,0.001989906008162145,0.0,0.0,0.0,0.0,0.0,-0.002143880110216961,0.9981659576996655,0.0
