cte,x,p,sin,x^2,px,xsin,p^2,psin,sin^2
0.0,0.001995054959590897,0.0,0.0,0.0,0.0,0.0,-0.0021966089380645575,0.9981554027007635,0.0
