cte,x,p,sin,x^2,px,xsin,p^2,psin,sin^2
0.0,0.001991824546854251,0.0,0.0,0.0,0.0,0.0,0.0,0.9978662165651703,0.0
