cte,x,p,sin,x^2,px,xsin,p^2,psin,sin^2,initial_theta,delta_theta
0.0,0.0,0.0,0.20157591866267105,0.0,0.0,0.0,0.0,0.019738185073149336,0.0,-10.0,0.05
