cte,x,p,sin,x^2,px,xsin,p^2,psin,sin^2
0.0,0.0019895047429996223,0.0,0.0,0.0,0.0,0.0,0.0,0.09983660909146946,0.0
