cte,x,p,sin,x^2,px,xsin,p^2,psin,sin^2
0.0,0.0019952256287737945,0.0,0.0,0.0,0.0,0.0,0.0,0.9977290495503468,0.0
