cte,x,p,sin,x^2,px,xsin,p^2,psin,sin^2
0.0,0.00199212957193763,0.0,0.0,0.0,0.0,0.0,-0.002148937453009824,0.99782091667921,0.0
