cte,x,p,sin,x^2,px,xsin,p^2,psin,sin^2
0.0,0.0019934341632192694,0.0,0.0,0.0,0.0,0.0,0.0,0.9977092752576002,0.0
