cte,x,p,sin,x^2,px,xsin,p^2,psin,sin^2
0.0,0.0019942843338768817,0.0,0.0,0.0,0.0,0.0,0.0,0.0999238858285962,0.0
