cte,x,p,sin,x^2,px,xsin,p^2,psin,sin^2,initial_theta,delta_theta
0.0,0.0,0.0,0.09590999539901437,0.0,0.0,0.0,0.0,0.019364093739830064,0.0,-5.0,0.05
