cte,x,p,sin,x^2,px,xsin,p^2,psin,sin^2,initial_theta,delta_theta
0.0,0.0,0.0,0.10415602730984705,0.0,0.0,0.0,0.0,0.019968580553260496,0.0,-5.0,0.05
