cte,x,p,sin,x^2,px,xsin,p^2,psin,sin^2
0.0,0.001992814666915401,0.0,0.0,0.0,0.0,0.0,0.0,0.09987710601059886,0.0
