cte,x,p,sin,x^2,px,xsin,p^2,psin,sin^2
0.0,0.001992511362085852,0.0,0.0,0.0,0.0,0.0,0.0,0.09987590946506184,0.0
