cte,x,p,sin,x^2,px,xsin,p^2,psin,sin^2
0.0,0.0019953906374076454,0.0,0.0,0.0,0.0,0.0,0.0,0.09988149870819804,0.0
