cte,x,p,sin,x^2,px,xsin,p^2,psin,sin^2,initial_theta,delta_theta
0.0,0.0,0.0,0.2854561073774185,0.0,0.0,0.0,0.0,0.020301002443414866,0.0,-15.0,0.05
