cte,x,p,sin,x^2,px,xsin,p^2,psin,sin^2
0.0,0.0019911735949830673,0.0,0.0,0.0,0.0,0.0,0.0,0.9975771711708664,0.0
