cte,x,p,sin,x^2,px,xsin,p^2,psin,sin^2
0.0,0.0019943410453521263,0.0,0.0,0.0,0.0,0.0,0.0,0.09991365576953562,0.0
