cte,x,p,sin,x^2,px,xsin,p^2,psin,sin^2
0.0,0.0019928602055084266,0.0,0.0,0.0,0.0,0.0,0.0,0.09989898316816934,0.0
