cte,x,p,sin,x^2,px,xsin,p^2,psin,sin^2,initial_theta,delta_theta
0.0,0.0,0.0,0.09702367603177875,0.0,0.0,0.0,0.0,0.020199414843949264,0.0,-5.0,0.05
