cte,x,p,sin,x^2,px,xsin,p^2,psin,sin^2
0.0,0.001992812054796449,0.0,0.0,0.0,0.0,0.0,0.0,0.09989112865676755,0.0
