cte,x,p,sin,x^2,px,xsin,p^2,psin,sin^2
0.0,0.0019898706035542005,0.0,0.0,0.0,0.0,0.0,0.0,0.9973297816112611,0.0
