cte,x,p,sin,x^2,px,xsin,p^2,psin,sin^2
0.0,0.001994341045352125,0.0,0.0,0.0,0.0,0.0,0.0,0.9981374211376592,0.0
