cte,x,p,sin,x^2,px,xsin,p^2,psin,sin^2
0.0,0.00199113404909079,0.0,0.0,0.0,0.0,0.0,0.0,0.09992075403980659,0.0
