cte,x,p,sin,x^2,px,xsin,p^2,psin,sin^2
0.0,0.0019898664995644196,0.0,0.0,0.0,0.0,0.0,0.0,0.09991663067843971,0.0
