cte,x,p,sin,x^2,px,xsin,p^2,psin,sin^2
0.0,0.00199326218995305,0.0,0.0,0.0,0.0,0.0,0.0,0.09985937882334582,0.0
