cte,x,p,sin,x^2,px,xsin,p^2,psin,sin^2
0.0,0.001991944018813861,0.0,0.0,0.0,0.0,0.0,0.0,0.09986457992172279,0.0
