cte,x,p,sin,x^2,px,xsin,p^2,psin,sin^2,initial_theta,delta_theta
0.0,0.0,0.0,0.20153633030985713,0.0,0.0,0.0,0.0,0.019458143864750775,0.0,-10.0,0.05
