cte,x,p,sin,x^2,px,xsin,p^2,psin,sin^2
0.0,0.001990934563303824,0.0,0.0,0.0,0.0,0.0,0.0,0.9981148550596234,0.0
