cte,x,p,sin,x^2,px,xsin,p^2,psin,sin^2
0.0,0.0019937019052753734,0.0,0.0,0.0,0.0,0.0,0.0,0.9974521414954325,0.0
