cte,x,p,sin,x^2,px,xsin,p^2,psin,sin^2
0.0,0.0019935663045083183,0.0,0.0,0.0,0.0,0.0,0.0,0.9981846917784146,0.0
