cte,x,p,sin,x^2,px,xsin,p^2,psin,sin^2,initial_theta,delta_theta
0.0,0.0,0.0,0.3050214309590844,0.0,0.0,0.0,0.0,0.019736947344873138,0.0,-15.0,0.05
