cte,x,p,sin,x^2,px,xsin,p^2,psin,sin^2
0.0,0.001991977998749635,0.0,0.0,0.0,0.0,0.0,0.0,0.9975936822747666,0.0
