cte,x,p,sin,x^2,px,xsin,p^2,psin,sin^2
0.0,0.001993626293083012,0.0,0.0,0.0,0.0,0.0,0.0,0.9975926887665075,0.0
