cte,x,p,sin,x^2,px,xsin,p^2,psin,sin^2
0.0,0.001990809396037094,0.0,0.0,0.0,0.0,0.0,0.0,0.09986811000896352,0.0
