cte,x,p,sin,x^2,px,xsin,p^2,psin,sin^2
0.0,0.0019942843338768834,0.0,0.0,0.0,0.0,0.0,0.0,0.9982396194276764,0.0
