cte,x,p,sin,x^2,px,xsin,p^2,psin,sin^2
0.0,0.001991468816722537,0.0,0.0,0.0,0.0,0.0,0.0,0.09986222257573354,0.0
