cte,x,p,sin,x^2,px,xsin,p^2,psin,sin^2
0.0,0.0019906700512465525,0.0,0.0,0.0,0.0,0.0,0.0,0.09986919535997274,0.0
