cte,x,p,sin,x^2,px,xsin,p^2,psin,sin^2
0.0,0.00199146881672254,0.0,0.0,0.0,0.0,0.0,0.0,0.9976236035315786,0.0
