cte,x,p,sin,x^2,px,xsin,p^2,psin,sin^2,initial_theta,delta_theta
0.0,0.0,0.0,0.10103578749028676,0.0,0.0,0.0,0.0,0.019497042594964858,0.0,-5.0,0.05
