cte,x,p,sin,x^2,px,xsin,p^2,psin,sin^2,initial_theta,delta_theta
0.0,0.0,0.0,-0.09525880929579496,0.0,0.0,0.0,0.0,0.10350062226125875,0.0,1.0,0.01
