cte,x,p,sin,x^2,px,xsin,p^2,psin,sin^2
0.0,0.001993168619117713,0.0,0.0,0.0,0.0,0.0,-0.0025523026666351032,0.9977959999265396,0.0
