cte,x,p,x^2,px,p^2,x^3,px^2,p^2x,p^3,x^4,px^3,p^2x^2,p^3x,p^4,x^5,px^4,p^2x^3,p^3x^2,p^4x,p^5,x^6,px^5,p^2x^4,p^3x^3,p^4x^2,p^5x,p^6
0.0,0.0,0.0,-12.310943163698878,0.0,0.0,-20.723905927248246,0.0,0.0,0.0,-12.949409977893586,0.0,0.0,0.0,0.0,-3.5725278200616577,0.0,0.0,0.0,0.0,0.0,-0.36776818335827466,0.0,0.0,0.0,0.0,0.0,0.0
