cte,x,p,x^2,px,p^2,x^3,px^2,p^2x,p^3,x^4,px^3,p^2x^2,p^3x,p^4,x^5,px^4,p^2x^3,p^3x^2,p^4x,p^5,x^6,px^5,p^2x^4,p^3x^3,p^4x^2,p^5x,p^6
0.0,14.330830714704367,0.0,13.64806645367605,0.0,0.0,-9.9532975641102,0.0,0.0,0.0,-17.23549895121709,0.0,0.0,0.0,0.0,-7.448581186123457,0.0,0.0,0.0,0.0,0.0,-1.0631782090065254,0.0,0.0,0.0,0.0,0.0,0.0
