cte,x,p,x^2,px,p^2,x^3,px^2,p^2x,p^3,x^4,px^3,p^2x^2,p^3x,p^4,x^5,px^4,p^2x^3,p^3x^2,p^4x,p^5,x^6,px^5,p^2x^4,p^3x^3,p^4x^2,p^5x,p^6
0.0,0.0,0.0,-13.175927660375619,0.0,0.0,-23.271522649057555,0.0,0.0,0.0,-15.254956639608032,0.0,0.0,0.0,0.0,-4.4146290230132275,0.0,0.0,0.0,0.0,0.0,-0.47664944534607634,0.0,0.0,0.0,0.0,0.0,0.0
