,Time,normal_Eucli_d
0,151.0,0.012627187773110927
1,152.0,0.015459702994007667
2,153.0,0.014684896792684175
3,154.0,0.02657763026120284
4,155.0,0.024125586094855322
5,156.0,0.024251746847621044
6,157.0,0.02256937398176225
7,158.0,0.02152034932321082
8,159.0,0.02211408906891746
9,160.0,0.021458897536436664
10,161.0,0.02065445242605752
11,162.0,0.023358949580753633
12,163.0,0.023229989589750404
13,164.0,0.023730270743589788
14,165.0,0.022928849735075144
15,166.0,0.022226362746786712
