,Time,normal_Eucli_d
0,1.0,0.02946860302419682
1,2.0,0.03511683514703059
2,3.0,0.0566144935537137
3,4.0,0.09994327524222238
