cte,x,p,sin,x^2,px,xsin,p^2,psin,sin^2,x^3,px^2,x^2sin,p^2x,pxsin,xsin^2,p^3,p^2sin,psin^2,sin^3,x^4,px^3,x^3sin,p^2x^2,px^2sin,x^2sin^2,p^3x,p^2xsin,pxsin^2,xsin^3,p^4,p^3sin,p^2sin^2,psin^3,sin^4,x^5,px^4,x^4sin,p^2x^3,px^3sin,x^3sin^2,p^3x^2,p^2x^2sin,px^2sin^2,x^2sin^3,p^4x,p^3xsin,p^2xsin^2,pxsin^3,xsin^4,p^5,p^4sin,p^3sin^2,p^2sin^3,psin^4,sin^5
0.0024699518460344063,0.0015307981617874928,0.0,0.11542736758443056,0.0,0.0,0.0,0.0,0.0,0.0023935495048915505,0.0,0.0,0.0,0.0,0.0022035860370131976,0.0,0.0,0.0,0.0,-0.008338792689104797,0.0,0.0,0.0,0.0,0.0,0.0,0.0,0.0,0.0009471739462915639,0.0,0.0,0.0,0.0,0.052953465196673426,-0.00057129932594779,0.0,0.0,0.0,0.0,0.0,0.0,0.0,0.0018114712163955489,0.0,0.0,0.0,0.0,0.0,0.0,0.0,0.0,0.0,0.0,0.0,0.0033312768865415795,0.0
