cte,x,p,sin,x^2,px,xsin,p^2,psin,sin^2,x^3,px^2,x^2sin,p^2x,pxsin,xsin^2,p^3,p^2sin,psin^2,sin^3,x^4,px^3,x^3sin,p^2x^2,px^2sin,x^2sin^2,p^3x,p^2xsin,pxsin^2,xsin^3,p^4,p^3sin,p^2sin^2,psin^3,sin^4,x^5,px^4,x^4sin,p^2x^3,px^3sin,x^3sin^2,p^3x^2,p^2x^2sin,px^2sin^2,x^2sin^3,p^4x,p^3xsin,p^2xsin^2,pxsin^3,xsin^4,p^5,p^4sin,p^3sin^2,p^2sin^3,psin^4,sin^5
0.0,0.0019993177119451404,-0.0014757267397934486,0.0,0.0,0.0,0.0,0.0011102673083192777,0.9999754816638291,0.0,0.0,0.0,0.0,-0.000713686268172557,0.0,0.0,0.0,-0.011103606060984683,0.0,0.0,0.0,0.0,0.0,0.0,0.0,0.0,0.003858472896138863,0.0,0.0,0.0,0.0,0.012794480344868936,0.0,0.0,0.0,0.0,0.0,0.0,0.0,0.0,0.0,0.0,0.0,0.0,0.0,-0.004655565629349609,0.0,0.0,0.0,0.0,0.0,0.0,0.0014618188021392692,0.0,0.0,0.0
