cte,x,p,sin,x^2,px,xsin,p^2,psin,sin^2,x^3,px^2,x^2sin,p^2x,pxsin,xsin^2,p^3,p^2sin,psin^2,sin^3,x^4,px^3,x^3sin,p^2x^2,px^2sin,x^2sin^2,p^3x,p^2xsin,pxsin^2,xsin^3,p^4,p^3sin,p^2sin^2,psin^3,sin^4,x^5,px^4,x^4sin,p^2x^3,px^3sin,x^3sin^2,p^3x^2,p^2x^2sin,px^2sin^2,x^2sin^3,p^4x,p^3xsin,p^2xsin^2,pxsin^3,xsin^4,p^5,p^4sin,p^3sin^2,p^2sin^3,psin^4,sin^5
0.018303228660649654,0.0,0.0,-0.06034551180100611,0.0,0.0,0.0,0.0,0.1519505611352236,0.0,0.0,0.0,0.0,0.0,0.0,0.0,0.0,-0.060412660609946836,-0.07253410035448103,0.05479932275537214,0.0,0.0,0.0,0.0,0.0,0.0,0.0,0.0,0.0,0.0,0.0,0.02299968718525053,0.036477482008270605,0.0,0.0,0.0,0.0,0.0,0.0,0.0,0.0,0.0,0.0,0.0,0.0,0.0,0.0,0.0,0.0,0.0,0.0,-0.002690172021134573,-0.004985726706518758,0.0,0.0,-0.012478156214873061
