cte,x,p,sin,x^2,px,xsin,p^2,psin,sin^2,x^3,px^2,x^2sin,p^2x,pxsin,xsin^2,p^3,p^2sin,psin^2,sin^3,x^4,px^3,x^3sin,p^2x^2,px^2sin,x^2sin^2,p^3x,p^2xsin,pxsin^2,xsin^3,p^4,p^3sin,p^2sin^2,psin^3,sin^4,x^5,px^4,x^4sin,p^2x^3,px^3sin,x^3sin^2,p^3x^2,p^2x^2sin,px^2sin^2,x^2sin^3,p^4x,p^3xsin,p^2xsin^2,pxsin^3,xsin^4,p^5,p^4sin,p^3sin^2,p^2sin^3,psin^4,sin^5
0.0,0.004061831919501304,0.0,0.0,0.0,-0.008359299404178856,0.0005348102779146825,0.0,0.0,-0.043436913817657734,0.0,0.0,0.0,0.0,0.0,0.0,0.0,0.0,0.0,0.009297078468911086,0.0,0.0,0.0,0.002768514342156519,0.0,0.0,0.0,0.0,-0.0033750699431722192,0.0,0.0,0.0,0.0,0.12712397104396353,0.0069983859878890555,0.0,0.0,0.0,0.0,0.0,0.0,-0.007848101188977387,0.0017234124865342282,0.0,0.0,0.0,0.0,0.0,-0.0014311720588193987,0.0,0.0,0.0,0.0,0.0,-0.008855820537035628,-0.0014900093507368539
