cte,x,p,sin,x^2,px,xsin,p^2,psin,sin^2,x^3,px^2,x^2sin,p^2x,pxsin,xsin^2,p^3,p^2sin,psin^2,sin^3,x^4,px^3,x^3sin,p^2x^2,px^2sin,x^2sin^2,p^3x,p^2xsin,pxsin^2,xsin^3,p^4,p^3sin,p^2sin^2,psin^3,sin^4,x^5,px^4,x^4sin,p^2x^3,px^3sin,x^3sin^2,p^3x^2,p^2x^2sin,px^2sin^2,x^2sin^3,p^4x,p^3xsin,p^2xsin^2,pxsin^3,xsin^4,p^5,p^4sin,p^3sin^2,p^2sin^3,psin^4,sin^5
0.0,0.0,0.0,0.0,0.0,0.007397243116542823,0.0,0.0,1.0242461115734447,0.0,0.0,0.0,0.0,0.0,0.0014944527932804323,0.0,0.0,-0.0801022540503308,-0.0005600382701870159,0.0,0.0,0.0,0.0,0.0,0.0,0.0,0.0,-0.01041368037991204,0.0,0.0,0.0,0.0,0.004983894650634021,-0.0021922977137029836,0.0,0.0,0.0,0.0,0.0,0.0,0.0,0.0,0.0,0.0,0.0,0.0,0.01776409756556209,0.0,0.0,0.0,0.0,0.0,0.0,0.006980500446783679,0.0,0.0
