cte,x,a,b,x^2,ax,bx,a^2,ab,b^2,x^3,ax^2,bx^2,a^2x,abx,b^2x,a^3,a^2b,ab^2,b^3
0.0,0.0,0.0,0.0,0.09726783335454177,0.05215494125562526,0.06897916818154361,0.0,0.0,0.0,-0.4929114109373902,0.2571601254751888,0.3387436938515335,0.11166830313024757,0.21753748718153315,0.1921054613230174,0.06498311203743996,0.07633261877297043,0.0,0.0
