cte,x,a,b,x^2,ax,bx,a^2,ab,b^2,x^3,ax^2,bx^2,a^2x,abx,b^2x,a^3,a^2b,ab^2,b^3
0.0,0.0,0.0,0.0,0.10033155777215137,0.04939124812611015,0.0769552573273062,0.0,0.0,0.0,-0.4735584476997615,0.1827498495854702,0.40007431634046986,0.07719338855803337,0.20736136573036087,0.2503899031637278,0.032408176791367455,0.08459579211401878,0.03048483335436955,0.0
