cte,x,p,x^2,px,p^2,x^3,px^2,p^2x,p^3
1.200000378304799,8.000000193300025,0.1801801555687356,0.0,-0.5005005085450779,0.0,-1.000000007309183,0.0,0.0,0.0
