cte,x,p,x^2,px,p^2,x^3,px^2,p^2x,p^3
1.599999751362969,4.999999831658639,0.1401401561238062,0.0,-0.20020019318261834,0.0,-0.9999999887890236,0.0,0.0,0.0
