cte,x,a,b,x^2,ax,bx,a^2,ab,b^2,x^3,ax^2,bx^2,a^2x,abx,b^2x,a^3,a^2b,ab^2,b^3
0.0,0.0,0.0,0.0,0.10349348561991584,0.05791738436513368,0.07805798035615645,0.0,0.0,0.0,-0.524683535604671,0.3285387890247577,0.2669477235872635,0.12669172903797585,0.27794008255557506,0.13546691093848576,0.08701066562197436,0.060460434075972826,0.0,0.0
