cte,x,a,b,x^2,ax,bx,a^2,ab,b^2,x^3,ax^2,bx^2,a^2x,abx,b^2x,a^3,a^2b,ab^2,b^3
0.0,0.0,0.0,0.0,0.0,-0.11658694188341498,0.12482402804139624,0.0,0.0,0.0,-1.29768086832615,-0.6813553810752366,0.3202208207757245,-0.08391461858024318,-0.44644996688182165,0.7088358074740502,0.0,0.0,-0.055330559479291566,0.13459115430157928
