cte,x,a,b,x^2,ax,bx,a^2,ab,b^2,x^3,ax^2,bx^2,a^2x,abx,b^2x,a^3,a^2b,ab^2,b^3
0.0,0.0,0.0,0.0,0.10249759646325761,0.05549612296179805,0.07532894495594233,0.0,0.0,0.0,-0.5463195235371908,0.3173375992103384,0.2922299431023916,0.11150965707627435,0.26159457359703886,0.16395133376874113,0.07920014550857027,0.06396056908440306,0.0,0.0
