cte,x,p,x^2,px,p^2,x^3,px^2,p^2x,p^3
-1.822939211355842,8.987101657559478,0.7624891801470749,4.768165826490408,0.0,0.0,0.1825398135194311,0.0,0.0,0.0
