cte,x,p,x^2,px,p^2,x^3,px^2,p^2x,p^3
1.000000705644386,7.000000387941557,0.20020015534747373,0.0,-0.4004004163403615,0.0,-1.000000017212791,0.0,0.0,0.0
