cte,x,p,x^2,px,p^2,x^3,px^2,p^2x,p^3
0.999999639894041,7.999999818658273,0.2002002235763966,0.0,-0.5005004930188197,0.0,-0.9999999933998652,0.0,0.0,0.0
