cte,x,a,b,x^2,ax,bx,a^2,ab,b^2,x^3,ax^2,bx^2,a^2x,abx,b^2x,a^3,a^2b,ab^2,b^3
0.0,0.0,0.0,0.0,0.09785774309310713,0.05611495933177063,0.06993075111367947,0.0,0.0,0.0,-0.4759636622992847,0.2773301686285703,0.31909678465054847,0.12643881564127618,0.23385730582612266,0.1723365952780931,0.06844395305198099,0.07788306657133241,0.0,0.0
