cte,x,a,b,x^2,ax,bx,a^2,ab,b^2,x^3,ax^2,bx^2,a^2x,abx,b^2x,a^3,a^2b,ab^2,b^3
0.0,0.0,0.0,0.0,0.09925002854894867,0.05856939068822189,0.07089200434882663,0.0,0.0,0.0,-0.46053987025091336,0.29035845241306396,0.31004068128125667,0.13532755768856958,0.2429590917816881,0.16224194917077414,0.06824433366463482,0.08087075363031176,0.0,0.0
