cte,x,p,x^2,px,p^2,x^3,px^2,p^2x,p^3
1.933232641978026,4.830801461870767,0.0,-1.836943068382252,-0.41559432054104084,0.0,-1.437148100840261,0.0,0.0,0.0
