cte,x,a,b,x^2,ax,bx,a^2,ab,b^2,x^3,ax^2,bx^2,a^2x,abx,b^2x,a^3,a^2b,ab^2,b^3
0.0,0.0,0.0,0.0,0.1042224351747448,0.057446582398878815,0.07859251381955995,0.0,0.0,0.0,-0.5584308841296575,0.3403878797266737,0.26330055252624346,0.12015185285081172,0.2810066486409718,0.14213960794270122,0.08757901980759335,0.05839673643641307,0.0,0.0
