cte,x,p,x^2,px,p^2,x^3,px^2,p^2x,p^3
-2.0684499034122363,8.989926576218343,0.7876603240694149,4.739361812727872,0.0,0.0,0.16531853952578743,0.0,0.0,0.0
