cte,x,p,x^2,px,p^2,x^3,px^2,p^2x,p^3
1.199998888136936,8.49999942947259,0.18018025224373985,0.0,-0.55055052617457,0.0,-0.9999999778145947,0.0,0.0,0.0
