cte,x,a,b,x^2,ax,bx,a^2,ab,b^2,x^3,ax^2,bx^2,a^2x,abx,b^2x,a^3,a^2b,ab^2,b^3
0.0,0.0,0.0,0.0,0.10705007519704479,0.05948915352568355,0.08556137560265098,0.02764120235792178,0.0,0.0,-0.5465997928750247,0.3554232072580881,0.223350586440536,0.13929422018640295,0.30407286515917503,0.10163051745435053,0.0940368781067006,0.04759673570019328,0.0,0.0
