cte,x,a,b,x^2,ax,bx,a^2,ab,b^2,x^3,ax^2,bx^2,a^2x,abx,b^2x,a^3,a^2b,ab^2,b^3
0.0,0.0,0.0,0.0,0.10433558968130004,0.05899374804650437,0.07972636268498974,0.025371791420067166,0.0,0.0,-0.5134189763086664,0.33417278943529677,0.25777647140369897,0.13386498025910273,0.2850139200368995,0.12383863112762297,0.08393055607229293,0.057050887917333724,0.0,0.0
