cte,x,a,b,x^2,ax,bx,a^2,ab,b^2,x^3,ax^2,bx^2,a^2x,abx,b^2x,a^3,a^2b,ab^2,b^3
0.0,0.0,0.0,0.0,0.03704055419972049,-0.05944183640904251,0.11132957447881918,0.0,0.0,0.0,-1.0405787531638218,-0.5236809348815241,0.47734607881014207,-0.11526227146626358,-0.21470717018919305,0.6505386296436175,0.0,0.0,0.0,0.1062111790493623
