cte,x,a,b,x^2,ax,bx,a^2,ab,b^2,x^3,ax^2,bx^2,a^2x,abx,b^2x,a^3,a^2b,ab^2,b^3
0.0,0.0,0.0,0.0,0.10209420454187786,0.058127245662204716,0.07698547147340398,0.0,0.0,0.0,-0.5100811910053292,0.32244229896351384,0.2730585269145265,0.12887224557313093,0.27403198549420654,0.13697606974474208,0.08499299049446693,0.0630099039159921,0.0,0.0
