cte,x,a,b,x^2,ax,bx,a^2,ab,b^2,x^3,ax^2,bx^2,a^2x,abx,b^2x,a^3,a^2b,ab^2,b^3
0.0,0.0,0.0,0.0,0.09572838832108588,0.05069501435841918,0.06547091080462868,0.0,0.0,0.0,-0.46405359786612677,0.22189863142585387,0.3595364781265592,0.1245396885918046,0.18265517798135159,0.21162902577936835,0.0527680489879652,0.09051041820937093,0.0,0.0
