cte,x,a,b,x^2,ax,bx,a^2,ab,b^2,x^3,ax^2,bx^2,a^2x,abx,b^2x,a^3,a^2b,ab^2,b^3
0.0,0.0,0.0,0.0,0.0570951288180285,0.04219227216965451,0.05567952939881479,0.0,0.0,0.0,-0.6653617918305821,0.1620249810890866,0.1805102225770495,0.11782325031742936,0.1355644438868093,0.19043445603527717,0.02837359393229411,0.10643735742364606,0.0,0.0
