cte,x,p,x^2,px,p^2,x^3,px^2,p^2x,p^3
0.6000007032542635,8.00000035580362,0.2402401948958513,0.0,-0.5005005152384692,0.0,-1.000000013289634,0.0,0.0,0.0
