cte,x,a,b,x^2,ax,bx,a^2,ab,b^2,x^3,ax^2,bx^2,a^2x,abx,b^2x,a^3,a^2b,ab^2,b^3
0.0,0.0,0.0,0.0,-0.3200989193746008,-0.053268436877164364,0.0,0.0,0.0,0.0,-2.6358716029563087,-0.4938847231554095,-1.293505325990839,-0.15501796379768032,-0.16326221277411562,-0.0859545387228036,0.0,0.0,0.0,0.0
