cte,x,a,b,x^2,ax,bx,a^2,ab,b^2,x^3,ax^2,bx^2,a^2x,abx,b^2x,a^3,a^2b,ab^2,b^3
0.0,0.0,0.0,0.0,0.1053384572445638,0.057939498294740155,0.07991723081534903,0.0,0.0,0.0,-0.577363037182737,0.35135290102046546,0.2545758504888785,0.12040124836306391,0.28680706629305647,0.14017618283968236,0.08967767002646401,0.05670220324016388,0.0,0.0
