cte,x,p,x^2,px,p^2,x^3,px^2,p^2x,p^3
0.20000011898099898,4.000000085180436,0.2802802731962545,0.0,-0.100100103452441,0.0,-1.0000000065053471,0.0,0.0,0.0
