cte,x,p,x^2,px,p^2,x^3,px^2,p^2x,p^3
-0.34107134685703305,8.407179708835953,0.5954471241083098,4.083259993968467,0.0,0.0,0.0,0.0,0.0,0.0
