cte,x,a,b,x^2,ax,bx,a^2,ab,b^2,x^3,ax^2,bx^2,a^2x,abx,b^2x,a^3,a^2b,ab^2,b^3
0.0,0.0,0.0,0.0,0.10849746239958995,0.059287351107373425,0.08542420119850394,0.027644727062112105,0.0,0.0,-0.5557181653491287,0.35659273249831647,0.22264356443485742,0.1375094711151458,0.30413422949740077,0.10376463685496938,0.0940474218490555,0.04719987903992982,0.0,0.0
