cte,x,p,x^2,px,p^2,x^3,px^2,p^2x,p^3
-0.9632771868144366,8.849307097301352,0.6753625540072565,4.52492886722087,0.0,0.0,0.11478865974557893,0.0,0.0,0.0
