cte,x,p,x^2,px,p^2,x^3,px^2,p^2x,p^3
2.000000316108975,5.500000209526025,0.10010007978967121,0.0,-0.25025025904882753,0.0,-1.000000013461118,0.0,0.0,0.0
