cte,x,a,b,x^2,ax,bx,a^2,ab,b^2,x^3,ax^2,bx^2,a^2x,abx,b^2x,a^3,a^2b,ab^2,b^3
0.0,0.0,0.0,0.0,0.10551526979851217,0.059081303821628905,0.08247503719045891,0.02652608999588839,0.0,0.0,-0.5423241960399617,0.34886374796601755,0.23677502636696418,0.13453018073823572,0.29673816821331356,0.11291290916970599,0.09005234780108992,0.050782426182770596,0.0,0.0
