cte,x,a,b,x^2,ax,bx,a^2,ab,b^2,x^3,ax^2,bx^2,a^2x,abx,b^2x,a^3,a^2b,ab^2,b^3
0.0,0.0,0.0,0.0,0.09689316539247425,0.04784631554517294,0.06776635404563935,0.0,0.0,0.0,-0.49917484774622073,0.22719207052343157,0.3636738788269453,0.10122202743225087,0.1923699940024803,0.21571365867236153,0.058260773831979314,0.07855116263171538,0.0,0.0
