cte,x,p,x^2,px,p^2,x^3,px^2,p^2x,p^3
-2.6339775111928243,8.884288191426927,0.830945561602316,4.891007846140022,0.0,0.0,0.23330622194628603,0.0,0.0,0.0
