cte,x,a,b,x^2,ax,bx,a^2,ab,b^2,x^3,ax^2,bx^2,a^2x,abx,b^2x,a^3,a^2b,ab^2,b^3
0.0,0.0,0.0,0.0,0.10787231338311619,0.0596659599714485,0.08573510393283604,0.027734495446098982,0.0,0.0,-0.5357653869485843,0.35461826626889864,0.22471346288823846,0.14111306129640758,0.30482441635722,0.0991987286143041,0.09407935638948987,0.04787683612028594,0.0,0.0
