cte,x,a,b,x^2,ax,bx,a^2,ab,b^2,x^3,ax^2,bx^2,a^2x,abx,b^2x,a^3,a^2b,ab^2,b^3
0.0,0.0,0.0,0.0,0.0,0.034685971109444776,0.012093317611289886,0.012068873021289216,0.024804700454017337,0.0,-0.09934358940494933,-0.06123040098861429,0.13272120987422859,0.05424934551135521,0.17651924021485285,-0.16821244468966587,-0.019576931760488785,0.11756037532398632,0.011489563737378734,-0.08430302613434972
