cte,x,p,x^2,px,p^2,x^3,px^2,p^2x,p^3
0.999999796224015,6.999999423697275,0.06673339830556867,0.0,-0.1334667894933809,0.0,-0.9999999249081842,0.0,0.0,0.0
