cte,x,p,x^2,px,p^2,x^3,px^2,p^2x,p^3
0.7999998709389408,6.999999769216811,0.07340674069986317,0.0,-0.13346679603076958,0.0,-0.999999973025147,0.0,0.0,0.0
