cte,x,a,b,x^2,ax,bx,a^2,ab,b^2,x^3,ax^2,bx^2,a^2x,abx,b^2x,a^3,a^2b,ab^2,b^3
0.0,0.01085947314751725,0.0,0.0,0.017529622531817245,0.04469546938449436,0.020840876172528028,0.0,0.028261034659673657,0.0,-0.15883371511533248,-0.07729411486382903,0.1774887013883952,-0.011332639451521211,0.2739115885703523,-0.140743631953975,-0.027576282821406846,0.08540350461793296,0.08415625504001994,-0.09823426524575248
