cte,x,a,b,x^2,ax,bx,a^2,ab,b^2,x^3,ax^2,bx^2,a^2x,abx,b^2x,a^3,a^2b,ab^2,b^3
0.0,0.010502258077300323,0.0,0.0,0.0,0.038615400213999986,0.0,0.03782398688157021,0.03280238320955157,-0.025174342452318598,-0.08082627098646417,-0.05034242214577405,0.12864901974262408,0.13414356797977184,0.03960837076059675,-0.12886830505782715,0.0,0.14214872061943526,-0.08388824929620643,-0.04080864338450193
