cte,x,a,b,x^2,ax,bx,a^2,ab,b^2,x^3,ax^2,bx^2,a^2x,abx,b^2x,a^3,a^2b,ab^2,b^3
0.0,0.0,0.0,0.0,0.0,0.032267364730067076,0.0,0.013806165710779696,0.023096326719794495,-0.021243839540801963,-0.07441973411017713,-0.040741511319990306,0.12091072240217186,0.12222905751830992,0.018864623966081608,-0.12168124861959055,0.01738712902057957,0.11484123846115481,-0.06992025527075964,-0.0448429300605093
