cte,x,a,b,x^2,ax,bx,a^2,ab,b^2,x^3,ax^2,bx^2,a^2x,abx,b^2x,a^3,a^2b,ab^2,b^3
0.0,0.010551614050608872,0.0,0.0,0.0,0.039314600505353334,0.0,0.013268559548131316,0.02936498058226317,-0.026137866534232536,-0.08408390040114198,-0.035669933082018254,0.127925009146939,0.14105711938802407,0.012005492137056433,-0.11205514530123152,0.02088302625222197,0.12652712844955766,-0.0879391011930596,-0.03474253215588796
