cte,x,p,x^2,px,p^2,x^3,px^2,p^2x,p^3
1.3999997441026073,5.499999754281565,0.05338672412896914,0.0,-0.08341674651806537,0.0,-0.999999973393789,0.0,0.0,0.0
