cte,x,a,b,x^2,ax,bx,a^2,ab,b^2,x^3,ax^2,bx^2,a^2x,abx,b^2x,a^3,a^2b,ab^2,b^3
0.0,0.0,0.0,0.0,0.017247504344642943,0.04430270037241078,0.01660511620533484,0.0,0.027744652666935633,0.0,-0.153455401505251,-0.08449738980792876,0.17327585673689264,-0.011348172149148256,0.2617224967507157,-0.1393845600581222,-0.02566111907180645,0.07839268249082838,0.08755921509806404,-0.09965920792423717
