cte,x,p,x^2,px,p^2,x^3,px^2,p^2x,p^3
1.748062030937814,4.626551306147597,0.0,-1.917069914246936,-0.13862544141537197,0.0,-1.44843443921822,0.0,0.0,0.0
