cte,x,p,x^2,px,p^2,x^3,px^2,p^2x,p^3
1.7999998652375848,5.999999863013683,0.040040042137167324,0.0,-0.10010009798912411,0.0,-0.999999985032292,0.0,0.0,0.0
