cte,x,p,x^2,px,p^2,x^3,px^2,p^2x,p^3,initial_theta,delta_theta
1.4004001830897015,7.398898382965814,0.40040039773765784,0.0,-1.1011010281016382,0.0,-0.9999999370468855,0.0,0.0,0.0,-1.0,0.005
