cte,x,a,b,x^2,ax,bx,a^2,ab,b^2,x^3,ax^2,bx^2,a^2x,abx,b^2x,a^3,a^2b,ab^2,b^3
0.0,0.011528160670039627,0.0,0.0,0.027474698384871345,0.05241630105411467,0.021744451577184007,0.0,0.031853599453045826,0.0,-0.20160567727993564,-0.09028373870336621,0.2057902716023515,-0.04588725760074557,0.30234385503425604,-0.104135144704962,-0.026802280730353633,0.05309722612786436,0.12588919471839977,-0.10220886214616384
