cte,x,a,b,x^2,ax,bx,a^2,ab,b^2,x^3,ax^2,bx^2,a^2x,abx,b^2x,a^3,a^2b,ab^2,b^3
0.0,0.011507657193328531,0.0,0.0,0.0,0.03770301289096345,0.026574017888385836,0.0,0.033990881212427,-0.011812023119638906,-0.10984765652748768,-0.039287459861745255,0.13560937960774053,0.07456206668100542,0.19739692073867152,-0.1774335621625228,-0.024930163064530327,0.1567890193750972,-0.018133408518292968,-0.07315397784005204
