cte,x,a,b,x^2,ax,bx,a^2,ab,b^2,x^3,ax^2,bx^2,a^2x,abx,b^2x,a^3,a^2b,ab^2,b^3
0.0,0.01821888720376869,0.0,0.0,0.039054433518443475,0.05240881276987178,0.05695011364041527,0.0,0.03186386282877418,0.0,-0.27016204713870656,-0.011479563467580315,0.26013564849500354,-0.05013646545723066,0.3877067403071395,-0.06998191112087214,-0.030894065612594956,0.09052800045520457,0.10128519431642391,-0.08311195203430849
