cte,x,p,x^2,px,p^2,x^3,px^2,p^2x,p^3
2.633207072332955,9.815760964444685,0.12551192183767423,5.200660525179404,0.0,0.0,0.35799210889315247,0.0,0.0,0.0
