cte,x,a,b,x^2,ax,bx,a^2,ab,b^2,x^3,ax^2,bx^2,a^2x,abx,b^2x,a^3,a^2b,ab^2,b^3
0.0,0.0,0.0,0.0,0.0,0.03420060294260977,0.0,0.01217093945309135,0.023546394311204477,0.0,-0.0977176359431579,-0.06557920412690703,0.13180260718608902,0.0498637367618873,0.17349577082120093,-0.1650267688037289,-0.018224356169975593,0.11019683161803744,0.017390099646981155,-0.08616935259616221
