cte,x,p,x^2,px,p^2,x^3,px^2,p^2x,p^3
1.600000247252518,7.500000455397698,0.04671337846544794,0.0,-0.15015015874417856,0.0,-1.000000052350685,0.0,0.0,0.0
