cte,x,p,x^2,px,p^2,x^3,px^2,p^2x,p^3
1.1964869196425765,9.823043864549742,0.1746817245771469,5.207920725976607,0.0,0.0,0.32295067693065566,0.0,0.0,0.0
