cte,x,p,x^2,px,p^2,x^3,px^2,p^2x,p^3,initial_theta,delta_theta
1.6014015872397787,5.497497436071011,0.2802802466996407,0.0,-0.5005004893737062,0.0,-0.9999999693937308,0.0,0.0,0.0,-5.0,0.01
