cte,x,a,b,x^2,ax,bx,a^2,ab,b^2,x^3,ax^2,bx^2,a^2x,abx,b^2x,a^3,a^2b,ab^2,b^3
0.0,0.010703685087418896,0.0,0.0,0.0,0.03649860677095067,0.022946305450132265,0.011183436680994875,0.015598022216973229,-0.04083695830735218,-0.10836706303760439,-0.04738798833329378,0.14019616790436804,0.0670804877666673,0.19199166204243232,-0.17051175983234923,-0.024917614122225432,0.14720325269814152,0.0,-0.07185766315094745
