cte,x,a,b,x^2,ax,bx,a^2,ab,b^2,x^3,ax^2,bx^2,a^2x,abx,b^2x,a^3,a^2b,ab^2,b^3
0.0,0.012894834589271287,0.0,0.0,0.018776235548767114,0.04525022237543356,0.03151773135184759,0.0,0.029758389460237112,0.0,-0.1725196379501016,-0.05926184028731994,0.18767520486260103,-0.01091996395786573,0.30242083444966594,-0.14168260572993105,-0.031839568821327636,0.10170291027667659,0.07515367199546483,-0.09429256782039744
