cte,x,p,x^2,px,p^2,x^3,px^2,p^2x,p^3
-2.2969803729253693,9.554249074676655,0.28467261599691035,5.131182884951068,0.0,0.0,0.2552967916630965,0.0,0.0,0.0
