cte,x,a,b,x^2,ax,bx,a^2,ab,b^2,x^3,ax^2,bx^2,a^2x,abx,b^2x,a^3,a^2b,ab^2,b^3
0.0,0.022721998983465507,0.0,0.0,0.0752546914464054,0.05618360736081224,0.08067798665603637,0.0,0.02691667576118142,0.0,-0.4030448480075475,0.1053493258728135,0.3547596802084029,-0.03266096441710489,0.38411906420871234,0.08983641050611572,0.0,0.0721066391829275,0.09001015321669142,-0.043718269192367716
