cte,x,p,x^2,px,p^2,x^3,px^2,p^2x,p^3
0.14879693104597244,9.852807983429992,0.21038778515229506,5.310357154412292,0.0,0.0,0.3421189116129482,0.0,0.0,0.0
