cte,x,p,x^2,px,p^2,x^3,px^2,p^2x,p^3,x^4,px^3,p^2x^2,p^3x,p^4,initial_theta,delta_theta
1.5999999991123885,6.000000000842435,0.2802802805175659,0.0,-0.6006006006978842,0.0,-1.0000000002332723,0.0,0.0,0.0,0.0,0.0,0.0,0.0,0.0,0.0,0.005
