cte,x,a,b,x^2,ax,bx,a^2,ab,b^2,x^3,ax^2,bx^2,a^2x,abx,b^2x,a^3,a^2b,ab^2,b^3,x^4,ax^3,bx^3,a^2x^2,abx^2,b^2x^2,a^3x,a^2bx,ab^2x,b^3x,a^4,a^3b,a^2b^2,ab^3,b^4
0.0,0.0,0.0,0.0,0.0,0.0,0.0,0.0,0.0,0.0,0.0,0.0,0.0,0.0,0.0,0.0,0.0,0.0,0.0,0.0,-0.340800142049502,-0.16553691649000596,-0.3700872802525421,-0.08381057236270792,0.179110600198969,-0.08508485807584917,0.0,0.050989630852510154,0.0893535845577913,0.0,0.0,0.042849422676210884,0.0,0.0,0.0
