cte,x,p,sin,x^2,px,xsin,p^2,psin,sin^2
0.0,0.0019946846703167297,0.0,0.0,0.0,0.0,0.0,0.0,0.9974768739081918,0.0
