cte,x,p,sin,x^2,px,xsin,p^2,psin,sin^2
0.0,0.001994258537723647,0.0,0.0,0.0,0.0,0.0,-0.0028167388978928066,0.9978738913804719,0.0
