cte,x,p,sin,x^2,px,xsin,p^2,psin,sin^2
0.0,0.0019930778696783478,0.0,0.0,0.0,0.0,0.0,0.0,0.09988078038391744,0.0
