cte,x,p,sin,x^2,px,xsin,p^2,psin,sin^2
0.0,0.001992627160556277,0.0,0.0,0.0,0.0,0.0,0.0,0.0998810401094726,0.0
