cte,x,p,sin,x^2,px,xsin,p^2,psin,sin^2,initial_theta,delta_theta
0.0,0.0,0.0,0.039785739628139735,0.0,0.0,0.0,0.0,0.01894099147167938,0.0,-1.0,0.05
