cte,x,p,sin,x^2,px,xsin,p^2,psin,sin^2,initial_theta,delta_theta
0.0,0.0,0.0,0.19822753401550747,0.0,0.0,0.0,0.0,0.02001912117109664,0.0,-10.0,0.05
