cte,x,p,sin,x^2,px,xsin,p^2,psin,sin^2
0.0,0.0019954049232829177,0.0,0.0,0.0,0.0,0.0,0.0,0.997920409844894,0.0
