cte,x,p,sin,x^2,px,xsin,p^2,psin,sin^2
0.0,0.001992165537316133,0.0,0.0,0.0,0.0,0.0,0.0,0.09992421393692152,0.0
