cte,x,p,sin,x^2,px,xsin,p^2,psin,sin^2,initial_theta,delta_theta
0.0,0.0,0.0,0.2973802898228096,0.0,0.0,0.0,0.0,0.01892740873595904,0.0,-15.0,0.05
