cte,x,p,sin,x^2,px,xsin,p^2,psin,sin^2
0.0,0.0019930991517573948,0.0,0.0,0.0,0.0,0.0,0.0,0.997978931788118,0.0
