cte,x,p,sin,x^2,px,xsin,p^2,psin,sin^2
0.0,0.0019933586890186444,0.0,0.0,0.0,0.0,0.0,0.0,0.09990820368630035,0.0
