cte,x,p,sin,x^2,px,xsin,p^2,psin,sin^2
0.0,0.001993659574634346,0.0,0.0,0.0,0.0,0.0,-0.002928590522184082,0.9980816266921481,0.0
