cte,x,p,sin,x^2,px,xsin,p^2,psin,sin^2
0.0,0.001994626259044717,0.0,0.0,0.0,0.0,0.0,0.0,0.09988557289373101,0.0
