cte,x,p,sin,x^2,px,xsin,p^2,psin,sin^2
0.0,0.001993466888871243,0.0,0.0,0.0,0.0,0.0,0.0,0.9978546910979796,0.0
