cte,x,p,sin,x^2,px,xsin,p^2,psin,sin^2
0.0,0.001993949148968777,0.0,0.0,0.0,0.0,0.0,0.0,0.09989382143431745,0.0
