cte,x,p,sin,x^2,px,xsin,p^2,psin,sin^2
0.0,0.001993574679653969,0.0,0.0,0.0,0.0,0.0,0.0,0.09987389284022145,0.0
