cte,x,p,sin,x^2,px,xsin,p^2,psin,sin^2
0.0,0.0019941915606979323,0.0,0.0,0.0,0.0,0.0,0.0,0.09988511500440833,0.0
