cte,x,p,sin,x^2,px,xsin,p^2,psin,sin^2
0.0,0.00199355875364345,0.0,0.0,0.0,0.0,0.0,0.0,0.9977722313804949,0.0
