cte,x,p,sin,x^2,px,xsin,p^2,psin,sin^2
0.0,0.0019939974674939866,0.0,0.0,0.0,0.0,0.0,0.0,0.9982757098856442,0.0
