cte,x,p,sin,x^2,px,xsin,p^2,psin,sin^2
0.0,0.001996879172391363,0.0,0.0,0.0,0.0,0.0,0.0,0.09993401780635638,0.0
