cte,x,p,sin,x^2,px,xsin,p^2,psin,sin^2
0.0,0.0019942921360168175,0.0,0.0,0.0,0.0,0.0,0.0,0.9976295844330314,0.0
