cte,x,p,sin,x^2,px,xsin,p^2,psin,sin^2
0.0,0.001996112343989381,0.0,0.0,0.0,0.0,0.0,0.0,0.9979394531285296,0.0
