cte,x,p,sin,x^2,px,xsin,p^2,psin,sin^2
0.0,0.001994191560697931,0.0,0.0,0.0,0.0,0.0,0.0,0.9978522988940394,0.0
