cte,x,p,sin,x^2,px,xsin,p^2,psin,sin^2
0.0,0.001994772979435355,0.0,0.0,0.0,0.0,0.0,0.0,0.09991543216662155,0.0
