cte,x,p,sin,x^2,px,xsin,p^2,psin,sin^2
0.0,0.001992551153777684,0.0,0.0,0.0,0.0,0.0,0.0,0.9978027853068578,0.0
