cte,x,p,sin,x^2,px,xsin,p^2,psin,sin^2
0.0,0.0019922463358437257,0.0,0.0,0.0,0.0,0.0,0.0,0.09991615966606238,0.0
