cte,x,p,sin,x^2,px,xsin,p^2,psin,sin^2
0.0,0.0019913957902323114,0.0,0.0,0.0,0.0,0.0,0.0,0.9978541329242556,0.0
