cte,x,p,sin,x^2,px,xsin,p^2,psin,sin^2
0.0,0.0019914219789740188,0.0,0.0,0.0,0.0,0.0,0.0,0.09987472693360362,0.0
