cte,x,p,sin,x^2,px,xsin,p^2,psin,sin^2
0.0,0.0019941934536682193,0.0,0.0,0.0,0.0,0.0,0.0,0.9979808621019085,0.0
