cte,x,p,sin,x^2,px,xsin,p^2,psin,sin^2,initial_theta,delta_theta
0.0,0.0,0.0,0.10004190028592029,0.0,0.0,0.0,0.0,0.09787438129192326,0.0,-1.0,0.01
