cte,x,p,sin,x^2,px,xsin,p^2,psin,sin^2,initial_theta,delta_theta
0.0,0.0,0.0,0.0952848449373048,0.0,0.0,0.0,0.0,0.0992032234782339,0.0,-1.0,0.01
