cte,x,p,sin,x^2,px,xsin,p^2,psin,sin^2
0.0,0.001995591390566898,0.0,0.0,0.0,0.0,0.0,0.0,0.9981018024163705,0.0
