cte,x,p,sin,x^2,px,xsin,p^2,psin,sin^2
0.0,0.001994959786561711,0.0,0.0,0.0,0.0,0.0,0.0,0.9978946971564765,0.0
