cte,x,p,sin,x^2,px,xsin,p^2,psin,sin^2
0.0,0.0019939305536367424,0.0,0.0,0.0,0.0,0.0,-0.003371367096992588,0.9981497647881509,0.0
