cte,x,p,sin,x^2,px,xsin,p^2,psin,sin^2
0.0,0.0019960311877369376,0.0,0.0,0.0,0.0,0.0,0.0,0.0999284792207568,0.0
