cte,x,p,sin,x^2,px,xsin,p^2,psin,sin^2
0.0,0.0019942478442557874,0.0,0.0,0.0,0.0,0.0,0.0,0.09988728287309716,0.0
