cte,x,p,sin,x^2,px,xsin,p^2,psin,sin^2
0.0,0.0019960422314032446,0.0,0.0,0.0,0.0,0.0,-0.0028675007815212603,0.9982855088066797,0.0
