cte,x,p,sin,x^2,px,xsin,p^2,psin,sin^2
-0.0005235389034453765,0.002009037083676597,0.0,0.0,0.0,0.0,0.0,0.0,0.9978891942719036,0.0006635801467167453
