cte,x,p,sin,x^2,px,xsin,p^2,psin,sin^2
0.0,0.0019946492373497915,0.0,0.0,0.0,0.0,0.0,0.0,0.09989704993507297,0.0
