cte,x,p,sin,x^2,px,xsin,p^2,psin,sin^2
0.0,0.001991532190067326,0.0,0.0,0.0,0.0,0.0,0.0,0.09993760970987242,0.0
