cte,x,p,sin,x^2,px,xsin,p^2,psin,sin^2
0.0,0.0019955205919437525,0.0,0.0,0.0,0.0,0.0,0.0,0.09993121892502253,0.0
