cte,x,p,sin,x^2,px,xsin,p^2,psin,sin^2
0.0,0.0019945566043544655,0.0,0.0,0.0,0.0,0.0,0.0,0.09991857359488047,0.0
