cte,x,p,sin,x^2,px,xsin,p^2,psin,sin^2
0.0,0.0019927348389311038,0.0,0.0,0.0,0.0,0.0,0.0,0.9980232343682548,0.0
