cte,x,p,sin,x^2,px,xsin,p^2,psin,sin^2
0.0,0.0019961113172025425,0.0,0.0,0.0,0.0,0.0,0.0,0.9980213342610312,0.0
