cte,x,p,sin,x^2,px,xsin,p^2,psin,sin^2,initial_theta,delta_theta
0.0,0.0,0.0,0.10362339014968278,0.0,0.0,0.0,0.0,0.019605789437275582,0.0,-5.0,0.05
