cte,x,p,sin,x^2,px,xsin,p^2,psin,sin^2,initial_theta,delta_theta
0.0,0.0,0.0,0.21320891216587343,0.0,0.0,0.0,0.0,0.01963345070323604,0.0,-10.0,0.05
