cte,x,p,sin,x^2,px,xsin,p^2,psin,sin^2
0.0,0.0019929279288228995,0.0,0.0,0.0,0.0,0.0,0.0,0.998020096238436,0.0
