cte,x,p,sin,x^2,px,xsin,p^2,psin,sin^2
0.0,0.0019965326432252674,0.0,0.0,0.0,0.0,0.0,0.0,0.09990844280248055,0.0
