cte,x,p,sin,x^2,px,xsin,p^2,psin,sin^2
0.0,0.001992395741919033,0.0,0.0,0.0,0.0,0.0,0.0,0.0999038147012231,0.0
