cte,x,p,sin,x^2,px,xsin,p^2,psin,sin^2,initial_theta,delta_theta
0.0,0.0,0.0,0.3012071925775072,0.0,0.0,0.0,0.0,0.019428997666364307,0.0,-15.0,0.05
