cte,x,p,sin,x^2,px,xsin,p^2,psin,sin^2
0.0,0.0019965468418871295,0.0,0.0,0.0,0.0,0.0,-0.002967909258759302,0.9980852642252334,0.0
