cte,x,p,sin,x^2,px,xsin,p^2,psin,sin^2
0.0,0.001993997467493987,0.0,0.0,0.0,0.0,0.0,0.0,0.09992749848705147,0.0
