cte,x,p,sin,x^2,px,xsin,p^2,psin,sin^2
0.0,0.0019968791723913616,0.0,0.0,0.0,0.0,0.0,0.0,0.9983408378855005,0.0
