cte,x,p,sin,x^2,px,xsin,p^2,psin,sin^2
0.0,0.001993905098593162,0.0,0.0,0.0,0.0,0.0,0.0,0.9978570936187525,0.0
