cte,x,p,sin,x^2,px,xsin,p^2,psin,sin^2
0.0,0.001994064282047711,0.0,0.0,0.0,0.0,0.0,0.0,0.9977193892624987,0.0
