cte,x,p,sin,x^2,px,xsin,p^2,psin,sin^2,initial_theta,delta_theta
0.0,0.0,0.0,0.022528985768953885,0.0,0.0,0.0,0.0,0.019620408476052977,0.0,-1.0,0.05
