cte,x,p,sin,x^2,px,xsin,p^2,psin,sin^2
0.0,0.0019948362073453087,0.0,0.0,0.0,0.0,0.0,0.0,0.09992834998671543,0.0
