cte,x,p,sin,x^2,px,xsin,p^2,psin,sin^2,initial_theta,delta_theta
0.0,0.0,0.0,0.21413406469997592,0.0,0.0,0.0,0.0,0.17736682147017,0.0,-1.0,0.005
