cte,x,p,sin,x^2,px,xsin,p^2,psin,sin^2
0.0,0.0019945601233035343,0.0,0.0,0.0,0.0,0.0,0.0,0.9978449215905096,0.0
