cte,x,p,sin,x^2,px,xsin,p^2,psin,sin^2
0.0,0.0019913792538436394,0.0,0.0,0.0,0.0,0.0,0.0,0.9977282280554447,0.0
