cte,x,p,sin,x^2,px,xsin,p^2,psin,sin^2
0.0,0.001994193453668219,0.0,0.0,0.0,0.0,0.0,0.0,0.09989798419438517,0.0
