cte,x,p,sin,x^2,px,xsin,p^2,psin,sin^2,initial_theta,delta_theta
0.0,0.0,0.0,0.08906598825455865,0.0,0.0,0.0,0.0,0.02054653067683909,0.0,-5.0,0.05
