cte,x,p,sin,x^2,px,xsin,p^2,psin,sin^2
0.0,0.0019942017869419657,0.0,0.0,0.0,0.0,0.0,0.0,0.9978400156034418,0.0
