cte,x,p,sin,x^2,px,xsin,p^2,psin,sin^2
0.0,0.0019930578362306575,0.0,0.0,0.0,0.0,0.0,0.0,0.9980292910394506,0.0
