cte,x,p,sin,x^2,px,xsin,p^2,psin,sin^2
0.0,0.001994684670316729,0.0,0.0,0.0,0.0,0.0,0.0,0.09984753492574483,0.0
