cte,x,p,sin,x^2,px,xsin,p^2,psin,sin^2
0.0,0.001992437629151492,0.0,0.0,0.0,0.0,0.0,0.0,0.998024982046761,0.0
