cte,x,p,sin,x^2,px,xsin,p^2,psin,sin^2
0.0,0.001995571255439605,0.0,0.0,0.0,0.0,0.0,0.0,0.9981760134573542,0.0
