cte,x,p,sin,x^2,px,xsin,p^2,psin,sin^2
0.0,0.0019943220818740234,0.0,0.0,0.0,0.0,0.0,0.0,0.9976273809513634,0.0
