cte,x,p,sin,x^2,px,xsin,p^2,psin,sin^2
0.0,0.0019938329672729857,0.0,0.0,0.0,0.0,0.0,0.0,0.998043878420659,0.0
