cte,x,p,sin,x^2,px,xsin,p^2,psin,sin^2,initial_theta,delta_theta
0.0,0.0,0.0,0.029942780380269735,0.0,0.0,0.0,0.0,0.019405714432460884,0.0,-1.0,0.05
