cte,x,p,sin,x^2,px,xsin,p^2,psin,sin^2,initial_theta,delta_theta
0.0,0.0,0.0,0.19839854517929972,0.0,0.0,0.0,0.0,0.020349208259064454,0.0,-10.0,0.05
