cte,x,p,sin,x^2,px,xsin,p^2,psin,sin^2
0.0,0.0019934124070533433,0.0,0.0,0.0,0.0,0.0,0.0,0.09990367126972659,0.0
