cte,x,p,sin,x^2,px,xsin,p^2,psin,sin^2
0.0,0.0019941809445914627,0.0,0.0,0.0,0.0,0.0,0.0,0.0999187097169129,0.0
