cte,x,p,sin,x^2,px,xsin,p^2,psin,sin^2
0.0,0.0019932004124124628,0.0,0.0,0.0,0.0,0.0,0.0,0.0998881877777047,0.0
