cte,x,p,sin,x^2,px,xsin,p^2,psin,sin^2
0.0,0.001994879753262401,-0.0016139875425234904,0.0,0.0,0.0,0.0,0.00448629258483328,0.9974121934177441,0.0
