cte,x,p,sin,x^2,px,xsin,p^2,psin,sin^2
0.0,0.0019931742260192948,0.0,0.0,0.0,0.0,0.0,0.0,0.9979990281405677,0.0
