cte,x,p,sin,x^2,px,xsin,p^2,psin,sin^2
0.0,0.001992927928822896,0.0,0.0,0.0,0.0,0.0,0.0,0.09990191153537892,0.0
