cte,x,p,sin,x^2,px,xsin,p^2,psin,sin^2
0.0,0.001995024738183947,0.0,0.0,0.0,0.0,0.0,0.0,0.09989879893465967,0.0
