cte,x,p,sin,x^2,px,xsin,p^2,psin,sin^2,initial_theta,delta_theta
0.0,0.0,0.0,0.19997487894372745,0.0,0.0,0.0,0.0,0.20740882432378882,0.0,-1.0,0.005
