cte,x,p,sin,x^2,px,xsin,p^2,psin,sin^2
0.0,0.0019955036963598886,0.0,0.0,0.0,0.0,0.0,0.0,0.9978805586812509,0.0
