cte,x,p,sin,x^2,px,xsin,p^2,psin,sin^2
0.0,0.001993224418157648,0.0,0.0,0.0,0.0,0.0,0.0,0.099888062275679,0.0
