cte,x,p,sin,x^2,px,xsin,p^2,psin,sin^2
0.0,0.001995571255439606,0.0,0.0,0.0,0.0,0.0,0.0,0.09991751886459999,0.0
