cte,x,p,sin,x^2,px,xsin,p^2,psin,sin^2
0.0,0.0019939991392205277,0.0,0.0,0.0,0.0,0.0,0.0,0.0998955818483823,0.0
