cte,x,p,sin,x^2,px,xsin,p^2,psin,sin^2,initial_theta,delta_theta
0.0,0.0,0.0,0.029141447587288424,0.0,0.0,0.0,0.0,0.020094560938497225,0.0,-1.0,0.05
