cte,x,p,sin,x^2,px,xsin,p^2,psin,sin^2
0.0,0.0019945601233035347,0.0,0.0,0.0,0.0,0.0,0.0,0.09988437653558654,0.0
