cte,x,p,sin,x^2,px,xsin,p^2,psin,sin^2,initial_theta,delta_theta
0.0,0.0,0.0,0.09786731095348267,0.0,0.0,0.0,0.0,0.02012197914434042,0.0,-5.0,0.05
