cte,x,p,sin,x^2,px,xsin,p^2,psin,sin^2,initial_theta,delta_theta
0.0,0.0,0.0,0.09786612734045969,0.0,0.0,0.0,0.0,0.10001792073746231,0.0,-1.0,0.01
