cte,x,p,sin,x^2,px,xsin,p^2,psin,sin^2
0.0,0.0019951581277816836,0.0,0.0,0.0,0.0,0.0,-0.003423147230998494,0.9977025925841196,0.0
