cte,x,p,sin,x^2,px,xsin,p^2,psin,sin^2
0.0,0.001994592309309554,0.0,0.0,0.0,0.0,0.0,0.0,0.09988104321929124,0.0
