cte,x,p,sin,x^2,px,xsin,p^2,psin,sin^2
0.0,0.0019949621146012424,0.0,0.0,0.0,0.0,0.0,0.0,0.9978289595317074,0.0
