cte,x,p,sin,x^2,px,xsin,p^2,psin,sin^2
0.0,0.001996111317202541,0.0,0.0,0.0,0.0,0.0,0.0,0.09990203546156469,0.0
