cte,x,p,sin,x^2,px,xsin,p^2,psin,sin^2,initial_theta,delta_theta
0.0,0.0,0.0,0.20559653556729712,0.0,0.0,0.0,0.0,0.019715699450497583,0.0,-10.0,0.05
