cte,x,p,sin,x^2,px,xsin,p^2,psin,sin^2,initial_theta,delta_theta
0.0,0.0,0.0,0.19548936023829286,0.0,0.0,0.0,0.0,0.0210672887916084,0.0,-10.0,0.05
