cte,x,p,sin,x^2,px,xsin,p^2,psin,sin^2
0.0,0.0019942925660945015,0.0,0.0,0.0,0.0,0.0,0.0,0.9977658868283357,0.0
