cte,x,p,sin,x^2,px,xsin,p^2,psin,sin^2
0.0,0.001994431466546241,0.0,0.0,0.0,0.0,0.0,0.0,0.09989403274067304,0.0
