cte,x,p,sin,x^2,px,xsin,p^2,psin,sin^2,initial_theta,delta_theta
0.0,0.0,0.0,0.10186688312813788,0.0,0.0,0.0,0.0,0.10144524546154676,0.0,-1.0,0.01
