cte,x,p,sin,x^2,px,xsin,p^2,psin,sin^2,initial_theta,delta_theta
0.0,0.0,0.0,0.012728119930596093,0.0,0.0,0.0,0.0,0.020144365734534896,0.0,-1.0,0.05
