cte,x,p,sin,x^2,px,xsin,p^2,psin,sin^2
0.0,0.0019939991392205285,0.0,0.0,0.0,0.0,0.0,0.0,0.9979568626653401,0.0
