cte,x,p,sin,x^2,px,xsin,p^2,psin,sin^2,initial_theta,delta_theta
0.0,0.0,0.0,0.1872446280392442,0.0,0.0,0.0,0.0,0.19648336089363727,0.0,-1.0,0.005
