cte,x,p,sin,x^2,px,xsin,p^2,psin,sin^2
0.0,0.0019961123439893843,0.0,0.0,0.0,0.0,0.0,0.0,0.099893839152005,0.0
