cte,x,p,sin,x^2,px,xsin,p^2,psin,sin^2
0.0,0.00199137925384364,0.0,0.0,0.0,0.0,0.0,0.0,0.0998726955010455,0.0
