cte,x,p,sin,x^2,px,xsin,p^2,psin,sin^2
0.0,0.0019924833831722766,0.0,0.0,0.0,0.0,0.0,0.0,0.9980868932490545,0.0
