cte,x,p,sin,x^2,px,xsin,p^2,psin,sin^2
0.0,0.0019938329672729853,0.0,0.0,0.0,0.0,0.0,0.0,0.0999042921342,0.0
