cte,x,p,sin,x^2,px,xsin,p^2,psin,sin^2
0.0,0.00199564133663421,0.0,0.0,0.0,0.0,0.0,0.0,0.09993296910699123,0.0
