cte,x,p,sin,x^2,px,xsin,p^2,psin,sin^2
0.0,0.001991269868166788,0.0,0.0,0.0,0.0,0.0,-0.0029214570838290667,0.9982195803745152,0.0
