cte,x,p,sin,x^2,px,xsin,p^2,psin,sin^2
0.0,0.0019935746796539695,0.0,0.0,0.0,0.0,0.0,0.0,0.9977401894738123,0.0
