cte,x,p,sin,x^2,px,xsin,p^2,psin,sin^2,initial_theta,delta_theta
0.0,0.0,0.0,0.18787927152582742,0.0,0.0,0.0,0.0,0.018956907608775737,0.0,-10.0,0.05
