cte,x,p,sin,x^2,px,xsin,p^2,psin,sin^2
0.0,0.0019941809445914653,0.0,0.0,0.0,0.0,0.0,0.0,0.9981879100719595,0.0
