cte,x,p,sin,x^2,px,xsin,p^2,psin,sin^2
0.0,0.0019932374764254487,0.0,0.0,0.0,0.0,0.0,0.0,0.09984979233788698,0.0
