cte,x,p,sin,x^2,px,xsin,p^2,psin,sin^2
0.0,0.0019954549362480195,0.0,0.0,0.0,0.0,0.0,0.0,0.09988475685481503,0.0
