cte,x,p,sin,x^2,px,xsin,p^2,psin,sin^2,initial_theta,delta_theta
0.0,0.0,0.0,0.09849815215061038,0.0,0.0,0.0,0.0,0.01959714060956417,0.0,-5.0,0.05
