cte,x,p,sin,x^2,px,xsin,p^2,psin,sin^2
0.0,0.001991474967717926,0.0,0.0,0.0,0.0,0.0,-0.002666533984246644,0.9979134320907953,0.0
