cte,x,p,sin,x^2,px,xsin,p^2,psin,sin^2
0.0,0.0019943220818740242,0.0,0.0,0.0,0.0,0.0,0.0,0.09986260069583199,0.0
