cte,x,p,sin,x^2,px,xsin,p^2,psin,sin^2
0.0,0.0019942017869419635,0.0,0.0,0.0,0.0,0.0,0.0,0.09988388544579001,0.0
