cte,x,p,sin,x^2,px,xsin,p^2,psin,sin^2
0.0,0.001989901992291099,0.0,0.0,0.0,0.0,0.0,0.0,0.09991438727886712,0.0
