cte,x,p,sin,x^2,px,xsin,p^2,psin,sin^2
0.0,0.0019931742260192913,0.0,0.0,0.0,0.0,0.0,0.0,0.09989980261667337,0.0
