cte,x,p,sin,x^2,px,xsin,p^2,psin,sin^2,initial_theta,delta_theta
0.0,0.0,0.0,0.026806050688306035,0.0,0.0,0.0,0.0,0.020201289296913047,0.0,-1.0,0.05
