cte,x,p,sin,x^2,px,xsin,p^2,psin,sin^2
0.0,0.0019913957902323105,0.0,0.0,0.0,0.0,0.0,0.0,0.09988529859101658,0.0
