cte,x,p,sin,x^2,px,xsin,p^2,psin,sin^2,initial_theta,delta_theta
0.0,0.0,0.0,-0.04519087574303974,0.0,0.0,0.0,0.0,0.021534765466507767,0.0,1.0,0.05
