cte,x,p,sin,x^2,px,xsin,p^2,psin,sin^2
0.0,0.001994919849952814,0.0,0.0,0.0,0.0,0.0,0.0,0.9981735580528583,0.0
