cte,x,p,sin,x^2,px,xsin,p^2,psin,sin^2
0.0,0.0019939925156478395,0.0,0.0,0.0,0.0,0.0,0.0,0.09988991681912227,0.0
