cte,x,p,sin,x^2,px,xsin,p^2,psin,sin^2
0.0,0.0019940642820477092,0.0,0.0,0.0,0.0,0.0,0.0,0.09987181073698685,0.0
