cte,x,p,sin,x^2,px,xsin,p^2,psin,sin^2
0.0,0.0019943688377291333,0.0,0.0,0.0,0.0,0.0,0.0,0.09989630307284567,0.0
