cte,x,p,sin,x^2,px,xsin,p^2,psin,sin^2,initial_theta,delta_theta
0.0,0.0,0.0,0.1952792396502519,0.0,0.0,0.0,0.0,0.020779815653617906,0.0,-10.0,0.05
