cte,x,p,sin,x^2,px,xsin,p^2,psin,sin^2
0.0,0.001992734838931102,0.0,0.0,0.0,0.0,0.0,0.0,0.09990222566248788,0.0
