cte,x,p,sin,x^2,px,xsin,p^2,psin,sin^2,initial_theta,delta_theta
0.0,0.0,0.0,0.19747315891672007,0.0,0.0,0.0,0.0,0.019146385688942204,0.0,-10.0,0.05
