cte,x,p,sin,x^2,px,xsin,p^2,psin,sin^2
0.0,0.00199545493624802,0.0,0.0,0.0,0.0,0.0,0.0,0.9978487209796012,0.0
