cte,x,p,sin,x^2,px,xsin,p^2,psin,sin^2
0.0,0.0019950247381839478,0.0,0.0,0.0,0.0,0.0,0.0,0.9979890013572514,0.0
