cte,x,p,sin,x^2,px,xsin,p^2,psin,sin^2
0.0,0.0019945566043544655,0.0,0.0,0.0,0.0,0.0,0.0,0.9981865502128555,0.0
