cte,x,p,sin,x^2,px,xsin,p^2,psin,sin^2
0.0,0.0019945531921267616,0.0,0.0,0.0,0.0,0.0,0.0,0.9983895371614023,0.0
