cte,x,p,sin,x^2,px,xsin,p^2,psin,sin^2,initial_theta,delta_theta
0.0,0.0,0.0,0.09327640991060368,0.0,0.0,0.0,0.0,0.019921602280314324,0.0,-5.0,0.05
