cte,x,p,sin,x^2,px,xsin,p^2,psin,sin^2
0.0,0.0019945531921267603,0.0,0.0,0.0,0.0,0.0,0.0,0.09993889260874891,0.0
