cte,x,p,sin,x^2,px,xsin,p^2,psin,sin^2,initial_theta,delta_theta
0.0,0.0,0.0,0.016372848907077554,0.0,0.0,0.0,0.0,0.01949029203208209,0.0,-1.0,0.05
