cte,x,p,sin,x^2,px,xsin,p^2,psin,sin^2
0.0,0.001994368837729133,0.0,0.0,0.0,0.0,0.0,0.0,0.997964067697728,0.0
