cte,x,p,sin,x^2,px,xsin,p^2,psin,sin^2
0.0,0.0019935587536434505,0.0,0.0,0.0,0.0,0.0,0.0,0.09987710023828769,0.0
