cte,x,p,sin,x^2,px,xsin,p^2,psin,sin^2
0.0,0.001992573527084129,0.0,0.0,0.0,0.0,0.0,0.0,0.9978623808322984,0.0
