cte,x,p,sin,x^2,px,xsin,p^2,psin,sin^2,initial_theta,delta_theta
0.0,0.0,0.0,0.012968411065982588,0.0,0.0,0.0,0.0,0.020019854734746368,0.0,-1.0,0.05
