cte,x,p,sin,x^2,px,xsin,p^2,psin,sin^2
0.0,0.0019958551479274255,0.0,0.0,0.0,0.0,0.0,0.0,0.9976398884503775,0.0
