cte,x,p,sin,x^2,px,xsin,p^2,psin,sin^2
0.0,0.001993077869678345,0.0,0.0,0.0,0.0,0.0,0.0,0.9978089960353349,0.0
