cte,x,p,sin,x^2,px,xsin,p^2,psin,sin^2
0.0,0.001993099151757397,0.0,0.0,0.0,0.0,0.0,0.0,0.09989779096978164,0.0
