cte,x,p,sin,x^2,px,xsin,p^2,psin,sin^2,initial_theta,delta_theta
0.0,0.0,0.0,0.08586270588218316,0.0,0.0,0.0,0.0,0.09945535411192581,0.0,-1.0,0.01
