cte,x,p,sin,x^2,px,xsin,p^2,psin,sin^2,initial_theta,delta_theta
0.0,0.0,0.0,0.037142066006210256,0.0,0.0,0.0,0.0,0.020322421452335093,0.0,-1.0,0.05
