cte,x,p,sin,x^2,px,xsin,p^2,psin,sin^2,initial_theta,delta_theta
0.0,0.0,0.0,0.09154683694690645,0.0,0.0,0.0,0.0,0.02002069804747249,0.0,-5.0,0.05
