cte,x,p,sin,x^2,px,xsin,p^2,psin,sin^2
0.0,0.0019938075072118374,0.0,0.0,0.0,0.0,0.0,-0.0026402409693428858,0.9984253407519249,0.0
