cte,x,p,sin,x^2,px,xsin,p^2,psin,sin^2,initial_theta,delta_theta
0.0,0.0,0.0,0.20771299677077124,0.0,0.0,0.0,0.0,0.020103698620067615,0.0,-10.0,0.05
