cte,x,p,sin,x^2,px,xsin,p^2,psin,sin^2
0.0,0.001993034474168469,0.0,0.0,0.0,0.0,0.0,0.0,0.9979163603037233,0.0
