cte,x,p,sin,x^2,px,xsin,p^2,psin,sin^2,initial_theta,delta_theta
0.0,0.0,0.0,0.09819759512488732,0.0,0.0,0.0,0.0,0.09881731628354853,0.0,-1.0,0.01
