cte,x,p,sin,x^2,px,xsin,p^2,psin,sin^2
0.0,0.0019945923093095536,0.0,0.0,0.0,0.0,0.0,0.0,0.9978116217607204,0.0
