cte,x,p,sin,x^2,px,xsin,p^2,psin,sin^2
0.0,0.001992573527084131,0.0,0.0,0.0,0.0,0.0,0.0,0.09988612420743731,0.0
