cte,x,p,sin,x^2,px,xsin,p^2,psin,sin^2
0.0,0.001994626259044716,0.0,0.0,0.0,0.0,0.0,0.0,0.9978568732083727,0.0
