cte,x,p,sin,x^2,px,xsin,p^2,psin,sin^2
0.0,0.001991119157668374,0.0,0.0,0.0,0.0,0.0,0.0,0.0998776129792361,0.0
