cte,x,p,sin,x^2,px,xsin,p^2,psin,sin^2
0.0,0.001994233762366006,0.0,0.0,0.0,0.0,0.0,0.0,0.099912792419429,0.0
