cte,x,p,sin,x^2,px,xsin,p^2,psin,sin^2
0.0,0.001994904680046708,0.0,0.0,0.0,0.0,0.0,0.0,0.09989630482963907,0.0
