cte,x,p,sin,x^2,px,xsin,p^2,psin,sin^2
0.0,0.0019942337623660047,0.0,0.0,0.0,0.0,0.0,0.0,0.9981287962700964,0.0
