cte,x,p,sin,x^2,px,xsin,p^2,psin,sin^2
0.0,0.001993358689018645,0.0,0.0,0.0,0.0,0.0,0.0,0.9980829548261403,0.0
