cte,x,p,sin,x^2,px,xsin,p^2,psin,sin^2
0.0,0.0019952969062806488,0.0,0.0,0.0,0.0,0.0,0.0,0.9979525728808958,0.0
