cte,x,p,sin,x^2,px,xsin,p^2,psin,sin^2
0.0,0.0019923442136091296,0.0,0.0,0.0,0.0,0.0,0.0,0.9981417328318145,0.0
