cte,x,p,sin,x^2,px,xsin,p^2,psin,sin^2,initial_theta,delta_theta
0.0,0.0,0.0,0.09544452476531769,0.0,0.0,0.0,0.0,0.020783379988668194,0.0,-5.0,0.05
