cte,x,p,sin,x^2,px,xsin,p^2,psin,sin^2,initial_theta,delta_theta
0.0,0.0,0.0,0.10091998939509285,0.0,0.0,0.0,0.0,0.019503359971581456,0.0,-5.0,0.05
