cte,x,p,sin,x^2,px,xsin,p^2,psin,sin^2
0.0,0.001994888945001513,0.0,0.0,0.0,0.0,0.0,0.0,0.09990451376084455,0.0
