cte,x,p,sin,x^2,px,xsin,p^2,psin,sin^2
0.0,0.001994849416650953,0.0,0.0,0.0,0.0,0.0,0.0,0.0998411101435642,0.0
