cte,x,p,sin,x^2,px,xsin,p^2,psin,sin^2,initial_theta,delta_theta
0.0,0.0,0.0,0.3040720051859007,0.0,0.0,0.0,0.0,0.019994937910118964,0.0,-15.0,0.05
