cte,x,p,sin,x^2,px,xsin,p^2,psin,sin^2
0.0,0.001995404923282914,0.0,0.0,0.0,0.0,0.0,0.0,0.09989193291740685,0.0
