cte,x,p,sin,x^2,px,xsin,p^2,psin,sin^2
0.0,0.0019952969062806483,0.0,0.0,0.0,0.0,0.0,0.0,0.0998951524405301,0.0
