cte,x,p,sin,x^2,px,xsin,p^2,psin,sin^2
0.0,0.001992395741919031,0.0,0.0,0.0,0.0,0.0,0.0,0.998039108865219,0.0
