cte,x,p,sin,x^2,px,xsin,p^2,psin,sin^2
0.0,0.001995134608695115,0.0,0.0,0.0,0.0,0.0,0.0,0.09987022024148287,0.0
