cte,x,p,sin,x^2,px,xsin,p^2,psin,sin^2
0.0,0.001993637044060489,0.0,0.0,0.0,0.0,0.0,0.0,0.9977701894060416,0.0
