cte,x,p,sin,x^2,px,xsin,p^2,psin,sin^2
0.0,0.001995145767374221,0.0,0.0,0.0,0.0,0.0,0.0,0.0998733273375147,0.0
