cte,x,p,sin,x^2,px,xsin,p^2,psin,sin^2
0.0,0.0019930616426886228,0.0,0.0,0.0,0.0,0.0,0.0,0.9980379473141583,0.0
