cte,x,a,b,x^2,ax,bx,a^2,ab,b^2,x^3,ax^2,bx^2,a^2x,abx,b^2x,a^3,a^2b,ab^2,b^3
0.0,0.0,0.0,0.0,0.11727942380070353,0.06014186720600919,0.093490266464814,0.02785646186317611,0.0,0.0,-0.434939885231048,0.36692798181962205,0.2922624739092845,0.14332864755342742,0.3261329044970125,0.10114919022517034,0.09120857575949173,0.05347254682070967,0.0,0.0
