cte,x,p,x^2,px,p^2,x^3,px^2,p^2x,p^3
2.761522385717044,7.383354516239809,0.0,-0.5153416715384427,-0.4968166067659,0.0,-1.1262439572062313,0.0,0.0,0.0
