cte,x,a,b,x^2,ax,bx,a^2,ab,b^2,x^3,ax^2,bx^2,a^2x,abx,b^2x,a^3,a^2b,ab^2,b^3
0.0,0.0,0.0,0.0,0.11929999245997817,0.0628716969961098,0.08871741363472557,0.027809521437222925,0.0,0.0,-0.4596980788270113,0.38217694374013833,0.27875193115029934,0.1493994249102746,0.3145806736610919,0.110359377558701,0.09300778518197717,0.052660956842211074,0.0,0.0
