cte,x,a,b,x^2,ax,bx,a^2,ab,b^2,x^3,ax^2,bx^2,a^2x,abx,b^2x,a^3,a^2b,ab^2,b^3
0.0,0.0,0.0,0.0,0.12993733380345243,0.07405768626588943,0.08493543816147404,0.0,0.0,0.0,-0.6274482859735159,0.48721738990868596,0.22076403188113533,0.16794068218455285,0.31601478780606623,0.14887552877093943,0.10106389596322922,0.06724893531082561,0.0,0.0
