cte,x,a,b,x^2,ax,bx,a^2,ab,b^2,x^3,ax^2,bx^2,a^2x,abx,b^2x,a^3,a^2b,ab^2,b^3
0.0,0.0,0.0,0.0,0.13067373286157816,0.07338029916147626,0.08639064661099519,0.0,0.0,0.0,-0.6249825406392912,0.48324253651757326,0.21764274833461805,0.1676787341033246,0.3210243749842749,0.13993172574728419,0.10481818970026321,0.062330463849463474,0.0,0.0
