cte,x,a,b,x^2,ax,bx,a^2,ab,b^2,x^3,ax^2,bx^2,a^2x,abx,b^2x,a^3,a^2b,ab^2,b^3
0.0,0.0,0.0,0.0,0.08290860369607939,0.05296919327808384,0.06249543945264928,0.0,0.0,0.0,-0.5618128110688427,0.24716629784060806,0.24974272395075095,0.13260648271796976,0.18707200960623802,0.18524299114234782,0.04987632394395143,0.09493017739676968,0.0,0.0
