cte,x,a,b,x^2,ax,bx,a^2,ab,b^2,x^3,ax^2,bx^2,a^2x,abx,b^2x,a^3,a^2b,ab^2,b^3
0.0,0.0,0.0,0.0,0.09906917106481242,0.05316393407990469,0.0792525410902193,0.0,0.0,0.0,-0.5061975353398188,0.2254454793983644,0.3719624190733671,0.07394524383479445,0.24862671662827296,0.22652258705310574,0.04220789897783047,0.07965811233541362,0.028311553509246502,0.0
