cte,x,p,x^2,px,p^2,x^3,px^2,p^2x,p^3
0.5999999403816761,8.499999975253706,0.24024024441634056,0.0,-0.5505505495494795,0.0,-0.999999999502662,0.0,0.0,0.0
