cte,x,p,x^2,px,p^2,x^3,px^2,p^2x,p^3
0.40000013305897697,8.000000071285486,0.2602602514602406,0.0,-0.5005005037176335,0.0,-1.000000003021096,0.0,0.0,0.0
