cte,x,a,b,x^2,ax,bx,a^2,ab,b^2,x^3,ax^2,bx^2,a^2x,abx,b^2x,a^3,a^2b,ab^2,b^3
0.0,0.0,0.0,0.0,0.12690972096392994,0.06854485067235996,0.07918699126434958,0.0,0.0,0.0,-0.3598141843371206,0.3934097265643793,0.36632077380018213,0.16471371172449742,0.2798138298981686,0.16532951125873707,0.08157431383671723,0.07930666152622583,0.0,0.0
