cte,x,a,b,x^2,ax,bx,a^2,ab,b^2,x^3,ax^2,bx^2,a^2x,abx,b^2x,a^3,a^2b,ab^2,b^3
0.0,0.0,0.0,0.0,0.12985248312249376,0.07001275464991351,0.08801361563009245,0.029054165144343246,0.0,0.0,-0.5633980266382113,0.4531712686314445,0.2305280024791824,0.16542178542460337,0.32161493500949295,0.12021892675447386,0.10170181780770472,0.05079796108827072,0.0,0.0
