cte,x,p,x^2,px,p^2,x^3,px^2,p^2x,p^3
-4.08972009872338,9.031528075194466,0.9816461931225063,5.032398880054131,0.0,0.0,0.2457723489371543,0.0,0.0,0.0
