cte,x,p,x^2,px,p^2,x^3,px^2,p^2x,p^3
2.000000014014438,5.500000010398642,0.10010009919268838,0.0,-0.2502502507297893,0.0,-1.000000000842728,0.0,0.0,0.0
