cte,x,p,x^2,px,p^2,x^3,px^2,p^2x,p^3
1.199999920075007,8.49999992960612,0.1801801847304191,0.0,-0.5505505467356265,0.0,-0.9999999947863889,0.0,0.0,0.0
