cte,x,a,b,x^2,ax,bx,a^2,ab,b^2,x^3,ax^2,bx^2,a^2x,abx,b^2x,a^3,a^2b,ab^2,b^3
0.0,0.0,0.0,0.0,0.052824678812497215,0.03649509693290611,0.08052767149349649,0.026270772439313736,0.0,0.0,-0.8054954734329103,0.178188799261911,0.07919416760513225,0.07194551065083625,0.2755595368435713,0.06338380363550464,0.08972528158486823,0.030329418378809755,0.0,0.0
