cte,x,a,b,x^2,ax,bx,a^2,ab,b^2,x^3,ax^2,bx^2,a^2x,abx,b^2x,a^3,a^2b,ab^2,b^3
0.0,0.0,0.0,0.0,0.1252195826471049,0.07191330001724099,0.08056292423221581,0.0,0.0,0.0,-0.5662086759419657,0.4574968147283264,0.24560602575242016,0.16555872978009922,0.29551743901504424,0.1563097885636507,0.09254933789264677,0.07271646971584872,0.0,0.0
