cte,x,a,b,x^2,ax,bx,a^2,ab,b^2,x^3,ax^2,bx^2,a^2x,abx,b^2x,a^3,a^2b,ab^2,b^3
0.0,0.0,0.0,0.0,0.12383404934104122,0.06714564490286348,0.08156203666867098,0.0,0.0,0.0,-0.41390688303884704,0.3940245822004873,0.3198308169407009,0.1590784665403362,0.29176553565874963,0.14354343896341604,0.08950925429355916,0.0690188191153858,0.0,0.0
