cte,x,a,b,x^2,ax,bx,a^2,ab,b^2,x^3,ax^2,bx^2,a^2x,abx,b^2x,a^3,a^2b,ab^2,b^3
0.0,0.0,0.0,0.0,-0.06153329041241728,-0.10313512167819217,0.09223453594492165,0.0,0.0,0.0,-1.5403597809879386,-0.5963535119513322,-0.049794558092076266,-0.07872242958837306,-0.39521057896716255,0.534317405900176,0.0,0.0,-0.04399015497500824,0.1066416453630214
