cte,x,p,x^2,px,p^2,x^3,px^2,p^2x,p^3
1.800000075574225,8.500000038343224,0.12012011496017287,0.0,-0.5505505522648134,0.0,-1.000000001448676,0.0,0.0,0.0
