cte,x,a,b,x^2,ax,bx,a^2,ab,b^2,x^3,ax^2,bx^2,a^2x,abx,b^2x,a^3,a^2b,ab^2,b^3
0.0,0.0,0.0,0.0,0.10074234749745893,0.049546930416201104,0.08094204823143464,0.0,0.0,0.0,-0.5124624952887217,0.17880982918091817,0.39722065327142353,0.05842074356629421,0.21804233696309652,0.26194521766352424,0.02968806445277846,0.07845585336099246,0.040104706773889484,0.0
