cte,x,a,b,x^2,ax,bx,a^2,ab,b^2,x^3,ax^2,bx^2,a^2x,abx,b^2x,a^3,a^2b,ab^2,b^3
0.0,0.0,0.0,0.0,0.1218707463190899,0.06640883515798203,0.0842743897633936,0.0,0.0,0.0,-0.4919603605114847,0.4070624551276729,0.2631636824376368,0.15714859296233816,0.30437474494577377,0.12357531044413876,0.0994492549730298,0.058180850097826795,0.0,0.0
