cte,x,a,b,x^2,ax,bx,a^2,ab,b^2,x^3,ax^2,bx^2,a^2x,abx,b^2x,a^3,a^2b,ab^2,b^3
0.0,0.0,0.0,0.0,0.13036179675516452,0.0753703566957461,0.08543914247767347,0.0,0.0,0.0,-0.6574839635174536,0.5005104317649122,0.2152927649355725,0.16854032000024988,0.3185880127477334,0.15606799359121215,0.10012810803283698,0.07053496914613422,0.0,0.0
