cte,x,p,x^2,px,p^2,x^3,px^2,p^2x,p^3
0.799999988408342,8.499999993850599,0.22022022098755892,0.0,-0.5505505502720957,0.0,-0.9999999997419042,0.0,0.0,0.0
