cte,x,p,x^2,px,p^2,x^3,px^2,p^2x,p^3
1.6000000316345808,8.000000028213305,0.1401401383503175,0.0,-0.5005005019957314,0.0,-1.000000002217813,0.0,0.0,0.0
