cte,x,p,x^2,px,p^2,x^3,px^2,p^2x,p^3
-2.9641743441749293,9.134740474095286,0.8808914327956475,4.95649992495929,0.0,0.0,0.2206616437660656,0.0,0.0,0.0
