cte,x,a,b,x^2,ax,bx,a^2,ab,b^2,x^3,ax^2,bx^2,a^2x,abx,b^2x,a^3,a^2b,ab^2,b^3
0.0,0.0,0.0,0.0,0.12919507357679802,0.07270963056035717,0.08464600071361515,0.0,0.0,0.0,-0.5986991954766742,0.4735906252472985,0.2265734245266779,0.16709715704924166,0.3138411484791986,0.14182684110720284,0.10195940322426864,0.0640773800543684,0.0,0.0
