cte,x,p,x^2,px,p^2,x^3,px^2,p^2x,p^3
-2.004924653562788,9.07438097683124,0.7870626202385587,4.780552486168382,0.0,0.0,0.1725041498313921,0.0,0.0,0.0
