cte,x,p,x^2,px,p^2,x^3,px^2,p^2x,p^3
1.4000000871925764,8.50000008248525,0.16016015533326255,0.0,-0.5505505550979697,0.0,-1.000000006440234,0.0,0.0,0.0
