cte,x,a,b,x^2,ax,bx,a^2,ab,b^2,x^3,ax^2,bx^2,a^2x,abx,b^2x,a^3,a^2b,ab^2,b^3
0.0,0.0,0.0,0.0,0.12027440348924723,0.06675611555720365,0.08139691161715798,0.0,0.0,0.0,-0.490762695744606,0.4034082865558052,0.268033386910598,0.15703686436968298,0.29483150027206173,0.13348244206341436,0.09478981362998048,0.06308507744190311,0.0,0.0
