cte,x,a,b,x^2,ax,bx,a^2,ab,b^2,x^3,ax^2,bx^2,a^2x,abx,b^2x,a^3,a^2b,ab^2,b^3
0.0,0.0,0.0,0.0,0.0,-0.11013258237863914,0.09416002305596426,0.0,0.0,0.0,-1.533636780958599,-0.6557453093610844,0.0,-0.08496063198254417,-0.42428199337302414,0.5723334640166794,0.0,0.0,-0.05137357786545589,0.11329872747495438
