cte,x,a,b,x^2,ax,bx,a^2,ab,b^2,x^3,ax^2,bx^2,a^2x,abx,b^2x,a^3,a^2b,ab^2,b^3
0.0,0.0,0.0,0.0,0.11872298929224251,0.06375484659773348,0.0859123581446976,0.02730798590424403,0.0,0.0,-0.4657252691255522,0.3838314949913853,0.27720642765066383,0.15074113605765593,0.30699546114357407,0.11727674895433711,0.09146154350290205,0.05468092698920619,0.0,0.0
