cte,x,a,b,x^2,ax,bx,a^2,ab,b^2,x^3,ax^2,bx^2,a^2x,abx,b^2x,a^3,a^2b,ab^2,b^3
0.0,0.0,0.0,0.0,0.07576737899625363,0.051977477570964076,0.06445401087747013,0.0,0.0,0.0,-0.6082505053350329,0.240656881244139,0.20679165465350877,0.11446837077506597,0.22536825467070823,0.14396310003410712,0.0663603574133793,0.07422690863646143,0.0,0.0
