cte,x,p,x^2,px,p^2,x^3,px^2,p^2x,p^3
-3.225354440648354,9.132137868525884,0.9068434993790354,4.92824432540676,0.0,0.0,0.20440728169462088,0.0,0.0,0.0
