cte,x,a,b,x^2,ax,bx,a^2,ab,b^2,x^3,ax^2,bx^2,a^2x,abx,b^2x,a^3,a^2b,ab^2,b^3
0.0,0.0,0.0,0.0,0.12023043732473254,0.06858798550028182,0.07783497963990363,0.0,0.0,0.0,-0.5079309859944987,0.41523962314550256,0.2693386232639343,0.16056835081366114,0.2810901560768601,0.1542148530288333,0.08747379897754284,0.0730864166511048,0.0,0.0
