cte,x,p,x^2,px,p^2,x^3,px^2,p^2x,p^3
-1.4955545228014044,8.755255705588432,0.7244987581024511,4.412081259812716,0.0,0.0,0.07048393149784471,0.0,0.0,0.0
