cte,x,a,b,x^2,ax,bx,a^2,ab,b^2,x^3,ax^2,bx^2,a^2x,abx,b^2x,a^3,a^2b,ab^2,b^3
0.0,0.0,0.0,0.0,0.0,-2.321387987582742,0.13393819245426852,0.0,0.0,0.0,-1.3981548851497965,-0.5004583536425561,0.0,0.0,0.6008597469604063,0.2361691404239173,0.0,-0.08509622662689466,0.15057961989796032,0.0
