cte,x,p,x^2,px,p^2,x^3,px^2,p^2x,p^3
-2.697155601743566,9.141932740757031,0.8547818782505519,4.987269569871585,0.0,0.0,0.2378226664727149,0.0,0.0,0.0
