cte,x,p,x^2,px,p^2,x^3,px^2,p^2x,p^3
-4.355118945585467,9.040978598329588,1.0082812841239606,5.01324822886095,0.0,0.0,0.23164756187010668,0.0,0.0,0.0
