cte,x,a,b,x^2,ax,bx,a^2,ab,b^2,x^3,ax^2,bx^2,a^2x,abx,b^2x,a^3,a^2b,ab^2,b^3
0.0,0.0,0.0,0.0,0.13117152115772343,0.0746291638626931,0.08663092859985684,0.0,0.0,0.0,-0.6544384749602481,0.49550320685630833,0.2119411273927023,0.1681488823812176,0.32341269391421756,0.1466769984369412,0.10397681859773159,0.06532565979706052,0.0,0.0
