cte,x,p,x^2,px,p^2,x^3,px^2,p^2x,p^3,initial_theta,delta_theta
2.4006005629697085,4.748248222173206,0.12012012396100737,0.0,-0.35035034885553323,0.0,-0.9999999982895739,0.0,0.0,0.0,-5.0,0.01
