cte,x,p,x^2,px,p^2,x^3,px^2,p^2x,p^3
0.19999997512680154,5.499999989306297,0.280280282108523,0.0,-0.25025024980629934,0.0,-0.9999999999941191,0.0,0.0,0.0
