cte,x,p,x^2,px,p^2,x^3,px^2,p^2x,p^3
-3.818036846365531,9.026614526953423,0.9548438900299172,5.053690160341923,0.0,0.0,0.260649190980315,0.0,0.0,0.0
