cte,x,p,x^2,px,p^2,x^3,px^2,p^2x,p^3
1.600000007822064,5.000000004702217,0.14014013956991736,0.0,-0.20020020042139175,0.0,-1.0000000002199267,0.0,0.0,0.0
