cte,x,a,b,x^2,ax,bx,a^2,ab,b^2,x^3,ax^2,bx^2,a^2x,abx,b^2x,a^3,a^2b,ab^2,b^3
0.0,0.0,0.0,0.0,0.129226526801792,0.07590346859917813,0.08414729410487783,0.0,0.0,0.0,-0.6575216780080222,0.5038143420237526,0.22131407114820137,0.1687876817918123,0.3119066770971668,0.16724776419662538,0.09529647881488784,0.0766890778555812,0.0,0.0
