cte,x,a,b,x^2,ax,bx,a^2,ab,b^2,x^3,ax^2,bx^2,a^2x,abx,b^2x,a^3,a^2b,ab^2,b^3
0.0,0.0,0.0,0.0,0.08749890553963849,0.05448365014203235,0.07142800613204521,0.0,0.0,0.0,-0.573496644588859,0.2769941428130432,0.22267279224135594,0.12062136494911176,0.25431186543184287,0.13032973974735698,0.07812365946661566,0.06580117055321462,0.0,0.0
