cte,x,a,b,x^2,ax,bx,a^2,ab,b^2,x^3,ax^2,bx^2,a^2x,abx,b^2x,a^3,a^2b,ab^2,b^3
0.0,0.0,0.0,0.0,0.1301692342308304,0.07208180093783302,0.08626814324909642,0.0,0.0,0.0,-0.5964207125165703,0.4703721529641895,0.22381991830567807,0.16690348684681025,0.31900506288630825,0.13335232400731253,0.10555734798458907,0.05948754650859222,0.0,0.0
