cte,x,p,x^2,px,p^2,x^3,px^2,p^2x,p^3
1.400000005806538,5.500000003853694,0.16016015978028908,0.0,-0.250250250422897,0.0,-1.0000000002506222,0.0,0.0,0.0
