cte,x,a,b,x^2,ax,bx,a^2,ab,b^2,x^3,ax^2,bx^2,a^2x,abx,b^2x,a^3,a^2b,ab^2,b^3
0.0,0.0,0.0,0.0,0.12628225717745,0.06734071146872955,0.08772535512065088,0.028671071635077264,0.0,0.0,-0.5114582268053178,0.42501254381761505,0.2501753113559364,0.16083050906452004,0.3164798056517961,0.11499016356123906,0.09879671471765936,0.05060188078998544,0.0,0.0
