cte,x,p,sin,x^2,px,xsin,p^2,psin,sin^2,x^3,px^2,x^2sin,p^2x,pxsin,xsin^2,p^3,p^2sin,psin^2,sin^3
0.0,0.0,0.0,0.0,0.0,0.0,0.0,0.0,0.8856278956251455,0.0,0.0,0.0,0.0,0.0,0.0,0.0,0.0,0.25363053195193447,0.0,0.0
