cte,x,p,sin,x^2,px,xsin,p^2,psin,sin^2,x^3,px^2,x^2sin,p^2x,pxsin,xsin^2,p^3,p^2sin,psin^2,sin^3
0.0,0.0,0.0,0.0,0.0,0.0,0.0,0.0,1.0655291413445542,0.0,0.0,0.0,0.0,0.0,0.0,0.0,0.0,-0.35136105398947887,0.0,0.0
