cte,x,p,sin,x^2,px,xsin,p^2,psin,sin^2,x^3,px^2,x^2sin,p^2x,pxsin,xsin^2,p^3,p^2sin,psin^2,sin^3
0.0,0.0,0.0,0.0,0.0,0.0,0.0,0.0,0.8602077957622861,0.0,0.0,0.0,0.0,0.0,0.0,0.0,0.0,0.49438734923687444,0.0,0.0
