cte,x,p,sin,x^2,px,xsin,p^2,psin,sin^2,x^3,px^2,x^2sin,p^2x,pxsin,xsin^2,p^3,p^2sin,psin^2,sin^3,x^4,px^3,x^3sin,p^2x^2,px^2sin,x^2sin^2,p^3x,p^2xsin,pxsin^2,xsin^3,p^4,p^3sin,p^2sin^2,psin^3,sin^4
0.0,0.0,0.039274129122248244,0.017307067648269343,0.0,0.0317982239168833,0.0,-0.13680319479305628,0.7892542097406153,0.0,0.0,0.0,0.0,-0.13235663234735634,0.0,0.0,0.09760966872103634,0.4819868318599034,0.0,0.0,0.0,0.0,0.0,0.0,0.0,0.0,0.1611155915885829,0.0,0.0,0.0,0.0,0.0,-0.023626617269588736,0.0,0.0
