cte,x,p,sin,x^2,px,xsin,p^2,psin,sin^2,x^3,px^2,x^2sin,p^2x,pxsin,xsin^2,p^3,p^2sin,psin^2,sin^3,x^4,px^3,x^3sin,p^2x^2,px^2sin,x^2sin^2,p^3x,p^2xsin,pxsin^2,xsin^3,p^4,p^3sin,p^2sin^2,psin^3,sin^4
0.0,0.0,0.0,0.011913501549499828,0.0,0.0340021586451272,0.0,0.0,0.7939379931980413,0.0,0.0,0.0,0.0,-0.1526727281603049,0.0,0.0,0.0,0.9243391328337653,0.0,0.0,0.0,0.0,0.0,0.0,0.0,0.0,0.19738708697264296,0.0,0.0,0.0,0.0,-1.1933360494336278,0.0,0.0,0.0
