cte,x,p,sin,x^2,px,xsin,p^2,psin,sin^2,x^3,px^2,x^2sin,p^2x,pxsin,xsin^2,p^3,p^2sin,psin^2,sin^3,x^4,px^3,x^3sin,p^2x^2,px^2sin,x^2sin^2,p^3x,p^2xsin,pxsin^2,xsin^3,p^4,p^3sin,p^2sin^2,psin^3,sin^4
0.0,0.0,0.0,-0.017253343613635695,0.0,0.03246369999212803,0.0,0.0,1.2757826861638126,0.0,0.0,0.0,0.0,-0.14039726640776315,0.0,0.0,0.0,-1.1835842687426947,0.0,0.0,0.0,0.0,0.0,0.0,0.0,0.0,0.17861913539673097,0.0,0.0,0.0,0.0,1.4842656511453265,0.0,0.0,0.0
