cte,x,p,sin,x^2,px,xsin,p^2,psin,sin^2,x^3,px^2,x^2sin,p^2x,pxsin,xsin^2,p^3,p^2sin,psin^2,sin^3,x^4,px^3,x^3sin,p^2x^2,px^2sin,x^2sin^2,p^3x,p^2xsin,pxsin^2,xsin^3,p^4,p^3sin,p^2sin^2,psin^3,sin^4
0.0,0.0,0.0,-0.01037036819691188,0.0,0.033630212376617404,0.0,0.0,1.1741665196674724,0.0,0.0,0.0,0.0,-0.15001783148440853,0.0,0.0,0.0,-0.7780478313571279,0.0,0.0,0.0,0.0,0.0,0.0,0.0,0.0,0.19498666303961873,0.0,0.0,0.0,0.0,0.9910042181859025,0.0,0.0,0.0
