cte,x,p,sin,x^2,px,xsin,p^2,psin,sin^2,x^3,px^2,x^2sin,p^2x,pxsin,xsin^2,p^3,p^2sin,psin^2,sin^3,x^4,px^3,x^3sin,p^2x^2,px^2sin,x^2sin^2,p^3x,p^2xsin,pxsin^2,xsin^3,p^4,p^3sin,p^2sin^2,psin^3,sin^4
0.0,0.0,-0.019589258180289455,-0.018713524052127523,0.0,0.0,0.0,0.0,0.9857357829262328,0.0,0.0,0.0,0.0,0.0,0.0,0.0,0.11640655162442842,0.08271492421188173,0.014588505580038024,0.0,0.0,0.0,0.0,0.0,0.0,0.0,0.0,0.0,0.0,0.0,0.0,0.0,-0.03720340008130069,0.0,0.0
