cte,x,p,sin,x^2,px,xsin,p^2,psin,sin^2,x^3,px^2,x^2sin,p^2x,pxsin,xsin^2,p^3,p^2sin,psin^2,sin^3,x^4,px^3,x^3sin,p^2x^2,px^2sin,x^2sin^2,p^3x,p^2xsin,pxsin^2,xsin^3,p^4,p^3sin,p^2sin^2,psin^3,sin^4
0.0,0.0,0.04613121477431442,-0.012679594326086716,0.0,0.0,0.0,0.1297361885692757,1.091409242581979,0.0,0.0,0.0,0.0,0.07347552036755522,0.0,0.0,-2.2363467723268706,-0.04527544654012907,-0.02239277705864342,0.0,0.0,0.0,0.0,0.0,0.0,0.0,-0.15232390545724805,0.0,0.0,0.0,3.871573584365835,-0.4751838734086857,0.09279411345963179,0.0,0.0
