cte,x,p,sin,x^2,px,xsin,p^2,psin,sin^2,x^3,px^2,x^2sin,p^2x,pxsin,xsin^2,p^3,p^2sin,psin^2,sin^3,x^4,px^3,x^3sin,p^2x^2,px^2sin,x^2sin^2,p^3x,p^2xsin,pxsin^2,xsin^3,p^4,p^3sin,p^2sin^2,psin^3,sin^4
0.0,0.0,0.14048928144946685,0.0,0.0,0.0,0.0,-0.3764350729786939,1.0471891996690206,0.0,0.0,0.0,0.0,0.0,0.0,0.0,0.0,0.2613073926788849,-0.06045095509338656,0.0,0.0,0.0,0.0,0.0,0.0,0.0,0.03689599368541584,0.0,0.0,0.0,0.0,-1.10567081535083,0.17570104601995046,0.0,0.0
