cte,x,p,sin,x^2,px,xsin,p^2,psin,sin^2,x^3,px^2,x^2sin,p^2x,pxsin,xsin^2,p^3,p^2sin,psin^2,sin^3,x^4,px^3,x^3sin,p^2x^2,px^2sin,x^2sin^2,p^3x,p^2xsin,pxsin^2,xsin^3,p^4,p^3sin,p^2sin^2,psin^3,sin^4
0.0,0.0,0.03050962540034902,0.0,0.0,0.034070957818921915,0.0,-0.05323825623567155,0.9992138510783866,0.0,0.0,0.0,0.0,-0.15196170448804752,0.0,0.0,-0.41583661624061463,0.01617751046584847,-0.010392880835674136,0.0,0.0,0.0,0.0,0.0,0.0,0.0,0.19641672141662814,0.0,0.0,0.0,0.8557223978530358,-0.07244215261343656,0.03582298445251484,0.0,0.0
