cte,x,p,sin,x^2,px,xsin,p^2,psin,sin^2,x^3,px^2,x^2sin,p^2x,pxsin,xsin^2,p^3,p^2sin,psin^2,sin^3,x^4,px^3,x^3sin,p^2x^2,px^2sin,x^2sin^2,p^3x,p^2xsin,pxsin^2,xsin^3,p^4,p^3sin,p^2sin^2,psin^3,sin^4
0.0,0.0,0.0,0.0,0.0,0.0,0.0,0.0,0.9145711762725964,0.0,0.0,0.0,0.0,0.07427593222881848,0.0,0.0,0.0,0.5571750927605547,0.0,0.0,0.0,0.0,0.0,0.0,0.0,0.0,-0.15452509419406163,0.0,0.0,0.0,0.0,-0.8726629390026437,0.0,0.0,0.0
