cte,x,p,sin,x^2,px,xsin,p^2,psin,sin^2,x^3,px^2,x^2sin,p^2x,pxsin,xsin^2,p^3,p^2sin,psin^2,sin^3,x^4,px^3,x^3sin,p^2x^2,px^2sin,x^2sin^2,p^3x,p^2xsin,pxsin^2,xsin^3,p^4,p^3sin,p^2sin^2,psin^3,sin^4
0.0,0.001984489822414649,-0.004676901850819362,0.0,0.0,0.0,0.0,0.02027008237977956,1.001551157285349,0.0,0.0,0.0,0.0,0.0,0.0,0.0,-0.034852266569172764,-0.026514621090449005,0.0,0.0,0.0,0.0,0.0,0.0,0.0,0.0,0.0,0.0,0.0,0.0,0.01680868844952639,0.03137286417093366,0.0021926052322259063,0.0,0.0
