cte,x,p,sin,x^2,px,xsin,p^2,psin,sin^2,x^3,px^2,x^2sin,p^2x,pxsin,xsin^2,p^3,p^2sin,psin^2,sin^3,x^4,px^3,x^3sin,p^2x^2,px^2sin,x^2sin^2,p^3x,p^2xsin,pxsin^2,xsin^3,p^4,p^3sin,p^2sin^2,psin^3,sin^4
0.0,0.0,-0.11825998523329832,0.0,0.0,0.0,0.0,0.7360716543318223,0.8948351245776426,0.0,0.0,0.0,0.0,0.07149890252391902,0.0,0.0,-1.0692679659700859,0.7429423615848613,0.020206679606748698,0.0,0.0,0.0,0.0,0.0,0.0,0.0,-0.14749875754217648,0.0,0.0,0.0,0.0,-1.2783407571033543,-0.09365361209372888,0.0,0.0
