cte,x,p,sin,x^2,px,xsin,p^2,psin,sin^2,x^3,px^2,x^2sin,p^2x,pxsin,xsin^2,p^3,p^2sin,psin^2,sin^3,x^4,px^3,x^3sin,p^2x^2,px^2sin,x^2sin^2,p^3x,p^2xsin,pxsin^2,xsin^3,p^4,p^3sin,p^2sin^2,psin^3,sin^4
0.0,0.0,0.0,0.0,0.0,0.0,0.0,0.0,1.0099729684417469,0.0,0.0,0.0,0.0,0.07471764010724741,0.0,0.0,0.0,-0.028382659312348336,0.012705028477064293,0.0,0.0,0.0,0.0,0.0,0.0,0.0,-0.15540220908665536,0.0,0.0,0.0,0.0,-0.10835997409415746,-0.053878153824438946,0.0,0.0
