cte,x,p,sin,x^2,px,xsin,p^2,psin,sin^2,x^3,px^2,x^2sin,p^2x,pxsin,xsin^2,p^3,p^2sin,psin^2,sin^3,x^4,px^3,x^3sin,p^2x^2,px^2sin,x^2sin^2,p^3x,p^2xsin,pxsin^2,xsin^3,p^4,p^3sin,p^2sin^2,psin^3,sin^4
0.0,0.0,0.0,0.0,0.0,0.03337136505705955,0.0,-0.018142186450260497,1.0039762846188827,0.0,0.0,0.0,0.0,-0.14883993123368502,0.0,0.0,0.08985338415780696,-0.03366375313241057,0.0,0.0,0.0,0.0,0.0,0.0,0.0,0.0,0.19329786083008535,0.0,0.0,0.0,-0.11604986723279213,0.03211051602815553,0.0,0.0,0.0
