cte,x,p,sin,x^2,px,xsin,p^2,psin,sin^2,x^3,px^2,x^2sin,p^2x,pxsin,xsin^2,p^3,p^2sin,psin^2,sin^3,x^4,px^3,x^3sin,p^2x^2,px^2sin,x^2sin^2,p^3x,p^2xsin,pxsin^2,xsin^3,p^4,p^3sin,p^2sin^2,psin^3,sin^4
0.0,0.0,0.0,0.01054967869082007,0.0,0.033258288710940054,0.0,0.0,0.8199962698324442,0.0,0.0,0.0,0.0,-0.1476171505997887,0.0,0.0,0.0,0.7991243547501484,0.0,0.0,0.0,0.0,0.0,0.0,0.0,0.0,0.1907082475601116,0.0,0.0,0.0,0.0,-1.0486901128855033,0.0,0.0,0.0
