cte,x,p,sin,x^2,px,xsin,p^2,psin,sin^2,x^3,px^2,x^2sin,p^2x,pxsin,xsin^2,p^3,p^2sin,psin^2,sin^3,x^4,px^3,x^3sin,p^2x^2,px^2sin,x^2sin^2,p^3x,p^2xsin,pxsin^2,xsin^3,p^4,p^3sin,p^2sin^2,psin^3,sin^4
0.0,0.0019859535266712734,-0.003143274363350937,0.0,0.0,0.0,0.0,0.026326562048516106,1.0015613531485934,0.0,0.0,0.0,0.0,0.0,0.0,0.0,-0.07027481618260908,-0.020502018125508507,0.0,0.0,0.0,0.0,0.0,0.0,0.0,0.0,0.0,0.0,0.0,0.0,0.06245009648113582,0.017127035944041576,-0.0010560953236682796,0.0,0.0
