cte,x,p,sin,x^2,px,xsin,p^2,psin,sin^2,x^3,px^2,x^2sin,p^2x,pxsin,xsin^2,p^3,p^2sin,psin^2,sin^3,x^4,px^3,x^3sin,p^2x^2,px^2sin,x^2sin^2,p^3x,p^2xsin,pxsin^2,xsin^3,p^4,p^3sin,p^2sin^2,psin^3,sin^4
0.0,0.0,-0.014275023793995882,-0.020977412795059013,0.0,0.033215765975341635,0.0,0.0,1.2280653667010417,0.0,0.0,0.0,0.0,-0.14784765631160343,0.0,0.0,0.10390383232871385,-1.0297234621677454,0.04835592499277613,0.015295798905346792,0.0,0.0,0.0,0.0,0.0,0.0,0.19221221327015978,0.0,0.0,0.0,0.0,1.4917519626307365,-0.13342893359053126,-0.04039386955902476,0.0
