cte,x,p,sin,x^2,px,xsin,p^2,psin,sin^2,x^3,px^2,x^2sin,p^2x,pxsin,xsin^2,p^3,p^2sin,psin^2,sin^3,x^4,px^3,x^3sin,p^2x^2,px^2sin,x^2sin^2,p^3x,p^2xsin,pxsin^2,xsin^3,p^4,p^3sin,p^2sin^2,psin^3,sin^4
0.0,0.0,0.0,0.0,0.0,0.032877828816644646,0.0,-0.018222581532556095,1.0223157236697902,0.0,0.0,0.0,0.0,-0.14324288257365086,0.0,0.0,0.08967693337951399,-0.24215193803225482,0.0,0.0,0.0,0.0,0.0,0.0,0.0,0.0,0.18120054033171903,0.0,0.0,0.0,-0.11491742372886193,0.5014356648883675,0.0,0.0,0.0
