cte,x,p,sin,x^2,px,xsin,p^2,psin,sin^2,x^3,px^2,x^2sin,p^2x,pxsin,xsin^2,p^3,p^2sin,psin^2,sin^3,x^4,px^3,x^3sin,p^2x^2,px^2sin,x^2sin^2,p^3x,p^2xsin,pxsin^2,xsin^3,p^4,p^3sin,p^2sin^2,psin^3,sin^4
0.0,0.0,0.0,0.0,0.0,0.0,0.0,-0.5883990440820436,0.9895082572786589,0.0,0.0,0.0,0.0,0.07028593213582783,0.0,0.0,2.9931824379983576,0.12172752346935604,0.0,0.0,0.0,0.0,0.0,0.0,0.0,0.0,-0.1451241419164674,0.0,0.0,0.0,-3.80823007472401,-0.30193698421319093,0.03496343300401188,0.0,0.0
