cte,x,p,sin,x^2,px,xsin,p^2,psin,sin^2,x^3,px^2,x^2sin,p^2x,pxsin,xsin^2,p^3,p^2sin,psin^2,sin^3,x^4,px^3,x^3sin,p^2x^2,px^2sin,x^2sin^2,p^3x,p^2xsin,pxsin^2,xsin^3,p^4,p^3sin,p^2sin^2,psin^3,sin^4
0.0,0.0,-0.2319456741051471,0.0,0.0,0.0,0.0,2.0728026696950126,0.7406806850401306,0.0,0.0,0.0,0.0,0.0,0.0,0.0,-5.224130057661147,2.047337570822001,0.1276210339110262,0.0,0.0,0.0,0.0,0.0,0.0,0.0,0.0,0.0,0.0,0.0,4.0639753987119835,-3.5448561783139962,-0.417172729010894,-0.027145630240439565,0.0
