cte,x,p,sin,x^2,px,xsin,p^2,psin,sin^2,x^3,px^2,x^2sin,p^2x,pxsin,xsin^2,p^3,p^2sin,psin^2,sin^3,x^4,px^3,x^3sin,p^2x^2,px^2sin,x^2sin^2,p^3x,p^2xsin,pxsin^2,xsin^3,p^4,p^3sin,p^2sin^2,psin^3,sin^4
0.0,0.0,0.0,0.0,0.0,0.03354640732856496,0.0,0.0,1.0077844725157261,0.0,0.0,0.0,0.0,-0.1500825215247726,0.0,0.0,0.0,-0.0629935259053878,0.0,0.0,0.0,0.0,0.0,0.0,0.0,0.0,0.1955549073233679,0.0,0.0,0.0,0.0,0.09046838871114876,0.0,0.0,0.0
