cte,x,p,sin,x^2,px,xsin,p^2,psin,sin^2,x^3,px^2,x^2sin,p^2x,pxsin,xsin^2,p^3,p^2sin,psin^2,sin^3,x^4,px^3,x^3sin,p^2x^2,px^2sin,x^2sin^2,p^3x,p^2xsin,pxsin^2,xsin^3,p^4,p^3sin,p^2sin^2,psin^3,sin^4
0.0,0.0,0.0,0.0,0.0,0.0,0.0,0.0,0.5882937927051819,0.024373937106866198,0.0,0.0,0.0,0.0,0.0,0.0,-1.0732589660772505,2.126104114783467,-0.055294701846712126,0.0,0.0,0.0,0.0,0.0,0.0,0.0,0.03897446639337984,0.0,0.0,0.0,2.759200907544349,-2.756949783150927,-0.019638738572696574,0.0,0.0
