cte,x,p,sin,x^2,px,xsin,p^2,psin,sin^2,x^3,px^2,x^2sin,p^2x,pxsin,xsin^2,p^3,p^2sin,psin^2,sin^3,x^4,px^3,x^3sin,p^2x^2,px^2sin,x^2sin^2,p^3x,p^2xsin,pxsin^2,xsin^3,p^4,p^3sin,p^2sin^2,psin^3,sin^4
0.0,0.0,0.046501208542288154,0.016655834970261334,0.0,0.0,0.0,-0.2625731745651122,0.9068415526866985,0.0,0.0,0.0,0.0,0.07111785993193201,0.0,0.0,0.347585299818731,0.058346315317864814,-0.010507186202143165,0.0,0.0,0.0,0.0,0.0,0.0,0.0,-0.14666556907549172,0.0,0.0,0.0,0.0,0.18180925155273342,0.0379401375883299,0.0,0.0
