cte,x,p,sin,x^2,px,xsin,p^2,psin,sin^2,x^3,px^2,x^2sin,p^2x,pxsin,xsin^2,p^3,p^2sin,psin^2,sin^3,x^4,px^3,x^3sin,p^2x^2,px^2sin,x^2sin^2,p^3x,p^2xsin,pxsin^2,xsin^3,p^4,p^3sin,p^2sin^2,psin^3,sin^4
0.0,0.001990799761857469,-0.004917318005639582,0.0,0.0,0.0,0.0,0.03824961925817403,0.9999449105116002,0.0,0.0,0.0,0.0,0.0,0.0,0.0,-0.11334439095999786,-0.008052094727313936,0.0,0.0,0.0,0.0,0.0,0.0,0.0,0.0,0.0,0.0,0.0,0.0,0.11335699879314627,-0.005542182844066419,0.0,0.0,0.0
