cte,x,p,sin,x^2,px,xsin,p^2,psin,sin^2,x^3,px^2,x^2sin,p^2x,pxsin,xsin^2,p^3,p^2sin,psin^2,sin^3,x^4,px^3,x^3sin,p^2x^2,px^2sin,x^2sin^2,p^3x,p^2xsin,pxsin^2,xsin^3,p^4,p^3sin,p^2sin^2,psin^3,sin^4
0.0,0.0,0.0,0.0,0.0,0.0,0.0,0.857785566828824,1.1545173669732167,0.0,0.0,0.0,0.0,0.0,0.0,0.0,-3.838141241963229,-1.0154211666597952,0.0,0.0,0.0,0.0,0.0,0.0,0.0,0.0,0.03535483647027988,0.0,0.0,0.0,4.272690515625452,1.718816224218237,-0.0441901415149709,0.0,0.0
