cte,x,p,sin,x^2,px,xsin,p^2,psin,sin^2,x^3,px^2,x^2sin,p^2x,pxsin,xsin^2,p^3,p^2sin,psin^2,sin^3,x^4,px^3,x^3sin,p^2x^2,px^2sin,x^2sin^2,p^3x,p^2xsin,pxsin^2,xsin^3,p^4,p^3sin,p^2sin^2,psin^3,sin^4
0.0,0.0,-0.05917479958788032,-0.019850387789779773,0.0,0.0,0.0,0.35356002336904396,1.037362725854944,0.0,0.0,0.0,0.0,0.07484071530807401,0.0,0.0,-0.47932261988843006,0.49739519014856504,0.015012629296784671,0.0,0.0,0.0,0.0,0.0,0.0,0.0,-0.1543717047295657,0.0,0.0,0.0,0.0,-1.2060110608842582,-0.0550959563969377,0.0,0.0
