cte,x,p,sin,x^2,px,xsin,p^2,psin,sin^2,x^3,px^2,x^2sin,p^2x,pxsin,xsin^2,p^3,p^2sin,psin^2,sin^3,x^4,px^3,x^3sin,p^2x^2,px^2sin,x^2sin^2,p^3x,p^2xsin,pxsin^2,xsin^3,p^4,p^3sin,p^2sin^2,psin^3,sin^4
0.0,0.0,-0.43403216844865095,-0.02828807434683631,0.0,0.0,0.0,3.754475790375457,1.067245423626377,0.01558295485776326,0.0,0.0,0.0,0.059202430869092465,0.0,0.0,-10.931748499268783,0.2886234168812493,-0.07747768749961442,0.0,0.0,0.0,0.0,0.0,0.0,0.0,-0.11581818027295882,0.0,0.0,0.0,10.592780016083779,-0.6964232513692319,0.09591707216826208,0.0,0.0
