cte,x,p,sin,x^2,px,xsin,p^2,psin,sin^2,x^3,px^2,x^2sin,p^2x,pxsin,xsin^2,p^3,p^2sin,psin^2,sin^3,x^4,px^3,x^3sin,p^2x^2,px^2sin,x^2sin^2,p^3x,p^2xsin,pxsin^2,xsin^3,p^4,p^3sin,p^2sin^2,psin^3,sin^4
0.0,0.0,0.0,0.0,0.0,0.03294105367884709,0.0,-0.02185036144247211,0.9651437545192353,0.0,0.0,0.0,0.0,-0.1450354622452585,0.0,0.0,0.10781708326493515,0.33589007093546785,0.0,0.0,0.0,0.0,0.0,0.0,0.0,0.0,0.1858702032631308,0.0,0.0,0.0,-0.13866887885023568,-0.7721795685521117,0.0,0.0,0.0
