cte,x,p,sin,x^2,px,xsin,p^2,psin,sin^2,x^3,px^2,x^2sin,p^2x,pxsin,xsin^2,p^3,p^2sin,psin^2,sin^3,x^4,px^3,x^3sin,p^2x^2,px^2sin,x^2sin^2,p^3x,p^2xsin,pxsin^2,xsin^3,p^4,p^3sin,p^2sin^2,psin^3,sin^4
0.0,0.0,-0.03259280123796264,0.0,0.0,0.0,0.0,0.6785923278615799,0.8218613100356108,0.0,0.0,0.0,0.0,0.07489151705728976,0.0,0.0,-3.1592399281701637,1.2927345245103063,0.0,0.0,0.0,0.0,0.0,0.0,0.0,0.0,-0.155862210420398,0.0,0.0,0.0,4.290662372245901,-2.1907805905725537,-0.016632404651800152,0.0,0.0
