cte,x,p,sin,x^2,px,xsin,p^2,psin,sin^2,x^3,px^2,x^2sin,p^2x,pxsin,xsin^2,p^3,p^2sin,psin^2,sin^3,x^4,px^3,x^3sin,p^2x^2,px^2sin,x^2sin^2,p^3x,p^2xsin,pxsin^2,xsin^3,p^4,p^3sin,p^2sin^2,psin^3,sin^4
0.0,0.0,-0.12039858677456168,0.0,0.0,0.0,0.0,0.5816295243554983,1.1170227721871429,0.0,0.0,0.0,0.0,0.06999704720482164,0.0,0.0,-0.6574945986491423,-0.8574342164444285,0.05025090083924167,0.0,0.0,0.0,0.0,0.0,0.0,0.0,-0.1441901688906173,0.0,0.0,0.0,0.0,1.3772191308446537,-0.14053294762831756,0.0,0.0
