cte,x,p,sin,x^2,px,xsin,p^2,psin,sin^2,x^3,px^2,x^2sin,p^2x,pxsin,xsin^2,p^3,p^2sin,psin^2,sin^3,x^4,px^3,x^3sin,p^2x^2,px^2sin,x^2sin^2,p^3x,p^2xsin,pxsin^2,xsin^3,p^4,p^3sin,p^2sin^2,psin^3,sin^4
0.0,0.0,0.0,0.026684688168575,0.0,0.03182962548288814,0.0,0.0,0.6276105672159894,0.0,0.0,0.0,0.0,-0.13816271055791773,0.0,0.0,0.0,1.4502432183866414,0.0,0.0,0.0,0.0,0.0,0.0,0.0,0.0,0.17607206797535582,0.0,0.0,0.0,0.0,-1.7179437595446723,0.0,0.0,0.0
