cte,x,p,sin,x^2,px,xsin,p^2,psin,sin^2,x^3,px^2,x^2sin,p^2x,pxsin,xsin^2,p^3,p^2sin,psin^2,sin^3,x^4,px^3,x^3sin,p^2x^2,px^2sin,x^2sin^2,p^3x,p^2xsin,pxsin^2,xsin^3,p^4,p^3sin,p^2sin^2,psin^3,sin^4
0.0,0.001993036509614397,-0.001207219409144886,0.0,0.0,0.0,0.0,0.009474155269066102,1.0013094041675081,0.0,0.0,0.0,0.0,0.0,0.0,0.0,-0.044037283749530205,-0.022933390113850427,-0.0011056715175128688,0.0,0.0,0.0,0.0,0.0,0.0,0.0,0.0,0.0,0.0,0.0,0.05037503423599414,0.026426043748134988,0.005298632359023676,0.0,0.0
