cte,x,p,sin,x^2,px,xsin,p^2,psin,sin^2,x^3,px^2,x^2sin,p^2x,pxsin,xsin^2,p^3,p^2sin,psin^2,sin^3,x^4,px^3,x^3sin,p^2x^2,px^2sin,x^2sin^2,p^3x,p^2xsin,pxsin^2,xsin^3,p^4,p^3sin,p^2sin^2,psin^3,sin^4
0.0,0.0,0.0,0.01483872382867733,0.0,0.0,0.0,0.0,0.8474654718078,0.0,0.0,0.0,0.0,0.07220931068520137,0.0,0.0,0.0,0.5430478281408043,-0.01245010982448988,0.0,0.0,0.0,0.0,0.0,0.0,0.0,-0.14972516101991207,0.0,0.0,0.0,0.0,-0.7128213832176958,0.050970019237855275,0.0,0.0
