cte,x,p,sin,x^2,px,xsin,p^2,psin,sin^2,x^3,px^2,x^2sin,p^2x,pxsin,xsin^2,p^3,p^2sin,psin^2,sin^3,x^4,px^3,x^3sin,p^2x^2,px^2sin,x^2sin^2,p^3x,p^2xsin,pxsin^2,xsin^3,p^4,p^3sin,p^2sin^2,psin^3,sin^4
0.0,0.0,-0.1726688691092663,0.03478186459018674,0.0,0.0,0.0,0.5265128280380744,0.8747189292912968,0.0,0.0,0.0,0.0,0.0,0.0,0.0,0.0,0.31274383692280966,0.09864519271159566,-0.012359393912963496,0.0,0.0,0.0,0.0,0.0,0.0,0.0,0.0,0.0,0.0,0.0,-0.4727510872448911,-0.2884087865678184,0.031022538621724407,0.0
