cte,x,p,sin,x^2,px,xsin,p^2,psin,sin^2,x^3,px^2,x^2sin,p^2x,pxsin,xsin^2,p^3,p^2sin,psin^2,sin^3,x^4,px^3,x^3sin,p^2x^2,px^2sin,x^2sin^2,p^3x,p^2xsin,pxsin^2,xsin^3,p^4,p^3sin,p^2sin^2,psin^3,sin^4
0.0,0.0,0.0,0.0,0.0,0.0,0.0,0.3682337113231946,1.1093209076364035,0.0,0.0,0.0,0.0,0.07204115409713978,0.0,0.0,-2.1683931792156597,-0.6845495043817951,-0.010895276521299983,0.0,0.0,0.0,0.0,0.0,0.0,0.0,-0.14841453165531318,0.0,0.0,0.0,3.012203959706824,0.9487445100200634,0.04121064902995363,0.0,0.0
