cte,x,p,sin,x^2,px,xsin,p^2,psin,sin^2,x^3,px^2,x^2sin,p^2x,pxsin,xsin^2,p^3,p^2sin,psin^2,sin^3,x^4,px^3,x^3sin,p^2x^2,px^2sin,x^2sin^2,p^3x,p^2xsin,pxsin^2,xsin^3,p^4,p^3sin,p^2sin^2,psin^3,sin^4
0.0,0.0,0.0,-0.010548904116865147,0.0,0.0,0.0,-0.2641765673124642,1.0263196163514743,0.0,0.0,0.0,0.0,0.07554630892647916,0.0,0.0,0.9007595858828825,0.21939934759145682,0.010863287013252695,0.0,0.0,0.0,0.0,0.0,0.0,0.0,-0.15655329166749293,0.0,0.0,0.0,-0.6556580560997923,-0.6101805285633363,-0.024080646882572238,0.0,0.0
