cte,x,p,sin,x^2,px,xsin,p^2,psin,sin^2,x^3,px^2,x^2sin,p^2x,pxsin,xsin^2,p^3,p^2sin,psin^2,sin^3,x^4,px^3,x^3sin,p^2x^2,px^2sin,x^2sin^2,p^3x,p^2xsin,pxsin^2,xsin^3,p^4,p^3sin,p^2sin^2,psin^3,sin^4
0.0,0.0,0.0,0.0,0.0,0.03305058064390491,0.0,-0.01790906263975588,1.017696611955905,0.0,0.0,0.0,0.0,-0.1454694742695685,0.0,0.0,0.08835773829333445,-0.19475386036116646,0.0,0.0,0.0,0.0,0.0,0.0,0.0,0.0,0.186406388879933,0.0,0.0,0.0,-0.113633406387865,0.3872724829846526,0.0,0.0,0.0
