cte,x,p,x^2,px,p^2,x^3,px^2,p^2x,p^3
1.400000005472481,4.000000002269505,0.1601601596225356,0.0,-0.10010010025981088,0.0,-0.9999999997668326,0.0,0.0,0.0
