cte,x,a,b,x^2,ax,bx,a^2,ab,b^2,x^3,ax^2,bx^2,a^2x,abx,b^2x,a^3,a^2b,ab^2,b^3
0.0,0.0,0.0,0.0,0.11522859613048196,0.06304420350636888,0.08486465612266457,0.027391817446366696,0.0,0.0,-0.49780989210653076,0.3792079259620187,0.2548917501244891,0.14887150035899163,0.3042251976010203,0.11349355525982517,0.09244560799943025,0.05271066201894788,0.0,0.0
