cte,x,p,x^2,px,p^2,x^3,px^2,p^2x,p^3
-2.0440138843826365,8.078983483907983,0.7356672975185182,4.0623011126069635,0.0,0.0,0.0,0.0,0.0,0.0
