cte,x,a,b,x^2,ax,bx,a^2,ab,b^2,x^3,ax^2,bx^2,a^2x,abx,b^2x,a^3,a^2b,ab^2,b^3
0.0,0.0,0.0,0.0,0.11979275539110365,0.06935093651870977,0.07897513486969437,0.0,0.0,0.0,-0.6038626498423424,0.43653944196969724,0.25464412750691257,0.15357309678198186,0.2813883535929636,0.17694559396752382,0.08481781982219043,0.07864083460347314,0.0,0.0
