cte,x,p,x^2,px,p^2,x^3,px^2,p^2x,p^3
1.7999999391232653,8.499999953209631,0.12012012377462372,0.0,-0.550550548138177,0.0,-0.9999999968434452,0.0,0.0,0.0
