cte,x,p,x^2,px,p^2,x^3,px^2,p^2x,p^3
1.2000002291050602,7.000000129464208,0.18018016522712024,0.0,-0.40040040600688404,0.0,-1.000000006103758,0.0,0.0,0.0
