cte,x,a,b,x^2,ax,bx,a^2,ab,b^2,x^3,ax^2,bx^2,a^2x,abx,b^2x,a^3,a^2b,ab^2,b^3
0.0,0.0,0.0,0.0,0.1137400610437381,0.06325165531263455,0.08185917992428035,0.0,0.0,0.0,-0.49260890175858485,0.37274707029918014,0.2629048589964962,0.14793969749711522,0.2943350345888725,0.1235126077537345,0.09443729822258981,0.059669582228683384,0.0,0.0
