cte,x,p,x^2,px,p^2,x^3,px^2,p^2x,p^3
0.19999982249351633,8.49999989289142,0.28028029141097954,0.0,-0.550550545461701,0.0,-0.9999999945343517,0.0,0.0,0.0
