cte,x,a,b,x^2,ax,bx,a^2,ab,b^2,x^3,ax^2,bx^2,a^2x,abx,b^2x,a^3,a^2b,ab^2,b^3
0.0,0.0,0.0,0.0,0.11808911778674518,0.06768623566975318,0.07820093730766059,0.0,0.0,0.0,-0.5605764619620593,0.41579728599972876,0.25606559808030865,0.15319507543832322,0.28230037686692216,0.15931387209149783,0.08788955598467359,0.07209064089592143,0.0,0.0
