cte,x,p,x^2,px,p^2,x^3,px^2,p^2x,p^3
-1.2212372688287974,8.813885050330816,0.6998533949289177,4.47392507770539,0.0,0.0,0.0933470177131731,0.0,0.0,0.0
