cte,x,p,x^2,px,p^2,x^3,px^2,p^2x,p^3
1.9999999301724745,5.999999945770844,0.100100104296649,0.0,-0.3003002978353329,0.0,-0.9999999954599408,0.0,0.0,0.0
