cte,x,p,x^2,px,p^2,x^3,px^2,p^2x,p^3
1.6000002271159157,8.000000125579296,0.14014012518560945,0.0,-0.5005005061317717,0.0,-1.000000005695816,0.0,0.0,0.0
