cte,x,p,x^2,px,p^2,x^3,px^2,p^2x,p^3
1.799999982314279,5.999999979905842,0.12012012089658397,0.0,-0.3003002993453936,0.0,-0.9999999976491077,0.0,0.0,0.0
