cte,x,a,b,x^2,ax,bx,a^2,ab,b^2,x^3,ax^2,bx^2,a^2x,abx,b^2x,a^3,a^2b,ab^2,b^3
0.0,0.0,0.0,0.0,0.12332479715360034,0.0702103120523338,0.08270233950370089,0.0,0.0,0.0,-0.6200289588375951,0.45143566867169954,0.22894285084931987,0.15642949347622076,0.30448110986664473,0.1508193340788069,0.09676057456143271,0.06650097674928149,0.0,0.0
