cte,x,p,x^2,px,p^2,x^3,px^2,p^2x,p^3
-4.441179620530283,8.943240031793723,1.0098214457885986,4.968725276412525,0.0,0.0,0.22388919028910217,0.0,0.0,0.0
