cte,x,a,b,x^2,ax,bx,a^2,ab,b^2,x^3,ax^2,bx^2,a^2x,abx,b^2x,a^3,a^2b,ab^2,b^3
0.0,0.0,0.0,0.0,0.11856505866850914,0.06865538827743015,0.07817958716289,0.0,0.0,0.0,-0.6147638655320408,0.4320682662262356,0.2739025592720378,0.15250441291279357,0.26323914298403717,0.203856131310003,0.07550059297483608,0.08967764215043356,0.0,0.0
