cte,x,p,x^2,px,p^2,x^3,px^2,p^2x,p^3
-4.182816390273742,8.924850691334804,0.9833120716156294,4.983405501158494,0.0,0.0,0.23717283131702588,0.0,0.0,0.0
