cte,x,a,b,x^2,ax,bx,a^2,ab,b^2,x^3,ax^2,bx^2,a^2x,abx,b^2x,a^3,a^2b,ab^2,b^3
0.0,0.0,0.0,0.0,0.12488993534338293,0.06788384291168809,0.08671202602478789,0.028577258685487283,0.0,0.0,-0.5766919125374843,0.43473346163099497,0.2238187332668155,0.1586491345566491,0.3164232719938109,0.1193928639788692,0.09984649056808477,0.05032107274003204,0.0,0.0
