cte,x,p,x^2,px,p^2,x^3,px^2,p^2x,p^3
0.5999998991498908,8.499999968624808,0.24024024756094844,0.0,-0.550550549602751,0.0,-1.0000000004339165,0.0,0.0,0.0
