cte,x,a,b,x^2,ax,bx,a^2,ab,b^2,x^3,ax^2,bx^2,a^2x,abx,b^2x,a^3,a^2b,ab^2,b^3
0.0,0.0,0.0,0.0,0.12621073711313718,0.07093339923819214,0.08615767710157068,0.02800350052618464,0.0,0.0,-0.6486139698623911,0.46424677528025127,0.21208235488612107,0.15881444878427328,0.31888915795786615,0.13911903528017394,0.09769023342771423,0.057159951728564314,0.0,0.0
