cte,x,p,x^2,px,p^2,x^3,px^2,p^2x,p^3
-2.7563762594574444,9.069333541664143,0.8557210934123073,4.952318137351981,0.0,0.0,0.23150940827531255,0.0,0.0,0.0
