cte,x,a,b,x^2,ax,bx,a^2,ab,b^2,x^3,ax^2,bx^2,a^2x,abx,b^2x,a^3,a^2b,ab^2,b^3
0.0,0.0,0.0,0.0,0.10275553450272344,0.06023928221772619,0.07563611649111361,0.0,0.0,0.0,-0.48231674673791364,0.3252514710072788,0.279107701270183,0.13847068904045612,0.2691373314130983,0.13913034910692362,0.0811088733277779,0.06949308967630582,0.0,0.0
