cte,x,a,b,x^2,ax,bx,a^2,ab,b^2,x^3,ax^2,bx^2,a^2x,abx,b^2x,a^3,a^2b,ab^2,b^3
0.0,0.0,0.0,0.0,0.12165657913095372,0.06997467081507608,0.08086584923005485,0.0,0.0,0.0,-0.6135044857782823,0.445789335000551,0.24004756361902455,0.15493740198210623,0.29454758775337025,0.16269642569075468,0.09133157324648185,0.07208545628384344,0.0,0.0
