cte,x,p,x^2,px,p^2,x^3,px^2,p^2x,p^3
0.40000000384739703,7.500000017268379,0.26026026055528767,0.0,-0.4504504514508952,0.0,-1.000000002130092,0.0,0.0,0.0
