cte,x,a,b,x^2,ax,bx,a^2,ab,b^2,x^3,ax^2,bx^2,a^2x,abx,b^2x,a^3,a^2b,ab^2,b^3
0.0,0.0,0.0,0.0,0.10689381647840612,0.05897159286275732,0.06815601565848589,0.0,0.0,0.0,-0.45518425432364396,0.30706935760505566,0.33338332965147666,0.1561475957619634,0.19639755500522404,0.21203531721848365,0.050577871200991234,0.10449114703729534,0.0,0.0
