cte,x,a,b,x^2,ax,bx,a^2,ab,b^2,x^3,ax^2,bx^2,a^2x,abx,b^2x,a^3,a^2b,ab^2,b^3
0.0,0.0,0.0,0.0,0.1010810083613075,0.05981641802968701,0.0714891318711478,0.0,0.0,0.0,-0.4624469023609351,0.3040149503496868,0.30344978890109037,0.13912575209742153,0.24644785730489194,0.16014742111068322,0.06979309485593826,0.08058354057297408,0.0,0.0
