cte,x,a,b,x^2,ax,bx,a^2,ab,b^2,x^3,ax^2,bx^2,a^2x,abx,b^2x,a^3,a^2b,ab^2,b^3
0.0,0.0,0.0,0.0,0.10839933878972234,0.062441265315280325,0.07036764222487768,0.0,0.0,0.0,-0.4700121073649159,0.3368428357696191,0.3105066704180445,0.15133915926628647,0.23227182104158195,0.18463191547480926,0.06579453123341736,0.08939235277946095,0.0,0.0
