cte,x,p,x^2,px,p^2,x^3,px^2,p^2x,p^3
0.9999997939893702,6.499999881435809,0.20020021361137222,0.0,-0.3503503452878644,0.0,-0.999999994231272,0.0,0.0,0.0
