cte,x,a,b,x^2,ax,bx,a^2,ab,b^2,x^3,ax^2,bx^2,a^2x,abx,b^2x,a^3,a^2b,ab^2,b^3
0.0,0.0,0.0,0.0,0.11884070940317254,0.06185457654881822,0.09250900785320469,0.029196404360123537,0.0,0.0,-0.4902524890801215,0.382276460778976,0.25097818190925303,0.15030257694578356,0.32425567757071055,0.09425341809432158,0.09779331956369018,0.04748276950807362,0.0,0.0
