cte,x,a,b,x^2,ax,bx,a^2,ab,b^2,x^3,ax^2,bx^2,a^2x,abx,b^2x,a^3,a^2b,ab^2,b^3
0.0,0.0,0.0,0.0,0.1151935503816832,0.0607019132998793,0.09054223873202426,0.028442499614574682,0.0,0.0,-0.4858157680495259,0.36885434461701844,0.25524710509520815,0.1457175480902147,0.31836062868431425,0.09748265141485887,0.09499713798473618,0.049029765676302975,0.0,0.0
