cte,x,a,b,x^2,ax,bx,a^2,ab,b^2,x^3,ax^2,bx^2,a^2x,abx,b^2x,a^3,a^2b,ab^2,b^3
0.0,0.0,0.0,0.0,0.11028920487505803,0.061767255259879944,0.08080995506436431,0.0,0.0,0.0,-0.47044956376611163,0.3519575817716052,0.27805045445611754,0.14373239388048828,0.28923267716111284,0.1260084594114319,0.08997782275162947,0.06265804299720049,0.0,0.0
