cte,x,p,x^2,px,p^2,x^3,px^2,p^2x,p^3
-0.9713169046531772,8.83806974536355,0.675439748747437,4.519145029914854,0.0,0.0,0.11372364728078502,0.0,0.0,0.0
