cte,x,a,b,x^2,ax,bx,a^2,ab,b^2,x^3,ax^2,bx^2,a^2x,abx,b^2x,a^3,a^2b,ab^2,b^3
0.0,0.0,0.0,0.0,0.11682026631999173,0.06748018068004531,0.07638807909406865,0.0,0.0,0.0,-0.5695375731084859,0.41282739586513206,0.27239293494929345,0.15263371826297475,0.2647636811159314,0.18451851828660323,0.07861708123060307,0.08298781893081907,0.0,0.0
