cte,x,a,b,x^2,ax,bx,a^2,ab,b^2,x^3,ax^2,bx^2,a^2x,abx,b^2x,a^3,a^2b,ab^2,b^3
0.0,0.0,0.0,0.0,0.0,-0.11530423147612336,0.08706492347845873,0.0,0.0,0.0,-1.4922394397009304,-0.6703147395602862,0.06001143766570235,-0.0920873354764054,-0.407036331197526,0.5808653361617003,0.0,0.0,-0.04661637847133461,0.110115714339738
