cte,x,p,x^2,px,p^2,x^3,px^2,p^2x,p^3
2.357307112416223,6.508366867241798,0.0,-1.23401459464748,-0.5001620535544468,0.0,-1.2905450529601001,0.0,0.0,0.0
