cte,x,a,b,x^2,ax,bx,a^2,ab,b^2,x^3,ax^2,bx^2,a^2x,abx,b^2x,a^3,a^2b,ab^2,b^3
0.0,0.0,0.0,0.0,0.11841883114937346,0.06444369836826912,0.08550699493726421,0.027891485805922683,0.0,0.0,-0.5158970952677029,0.39572574836772373,0.24533531776828488,0.15244447515523965,0.30805756793295885,0.11320194895525656,0.09534870966454001,0.051031615645674364,0.0,0.0
