cte,x,p,x^2,px,p^2,x^3,px^2,p^2x,p^3
1.5999999170575236,8.499999960213696,0.14014014576670925,0.0,-0.55055054885773,0.0,-0.9999999986956396,0.0,0.0,0.0
