cte,x,p,x^2,px,p^2,x^3,px^2,p^2x,p^3
1.400000059634675,7.000000029546265,0.16016015608075226,0.0,-0.40040040160880447,0.0,-1.0000000009177243,0.0,0.0,0.0
