cte,x,a,b,x^2,ax,bx,a^2,ab,b^2,x^3,ax^2,bx^2,a^2x,abx,b^2x,a^3,a^2b,ab^2,b^3
0.0,0.0,0.0,0.0,0.0841755623585288,0.05368077473436913,0.06371304814794546,0.0,0.0,0.0,-0.5270701556666244,0.24155307129850181,0.272400289181441,0.12915209994305546,0.20168361468690074,0.17741606781456223,0.052477710445370376,0.09206766360544243,0.0,0.0
