cte,x,a,b,x^2,ax,bx,a^2,ab,b^2,x^3,ax^2,bx^2,a^2x,abx,b^2x,a^3,a^2b,ab^2,b^3
0.0,0.0,0.0,0.0,0.0,-0.10919491577346453,0.10631956474696089,0.0,0.0,0.0,-1.5030426821128158,-0.6130943065904502,0.0,-0.07231718875708062,-0.42886666849952143,0.5855087417793201,0.0,0.0,-0.05341142784853003,0.12014896300098568
