cte,x,a,b,x^2,ax,bx,a^2,ab,b^2,x^3,ax^2,bx^2,a^2x,abx,b^2x,a^3,a^2b,ab^2,b^3
0.0,0.0,0.0,0.0,0.10682021496866755,0.06193776074342171,0.0708894409806789,0.0,0.0,0.0,-0.45502183727485696,0.3259386827321495,0.31286488765912,0.14792277435391837,0.2399298392340221,0.17370132563493204,0.06799229894586167,0.08554591307794913,0.0,0.0
