cte,x,a,b,x^2,ax,bx,a^2,ab,b^2,x^3,ax^2,bx^2,a^2x,abx,b^2x,a^3,a^2b,ab^2,b^3
0.0,0.0,0.0,0.0,-0.2623527409334259,-0.02875231141564029,0.0,0.0,0.0,0.0,-2.2503098801169945,-0.41498674805210056,-0.9029137454033976,-0.27824312715052907,0.04232819626698804,0.02953142398187801,0.0,-0.06844205455286623,0.09383264076740287,0.0
