cte,x,a,b,x^2,ax,bx,a^2,ab,b^2,x^3,ax^2,bx^2,a^2x,abx,b^2x,a^3,a^2b,ab^2,b^3
0.0,0.0,0.0,0.0,0.12069509840899388,0.06380834698298381,0.0903431791623243,0.029177153176612593,0.0,0.0,-0.5103166764751137,0.3979587868784607,0.24245512706766342,0.15405466698516632,0.3200128580762153,0.10046968281829509,0.09938312043126048,0.04683230368941283,0.0,0.0
