cte,x,p,x^2,px,p^2,x^3,px^2,p^2x,p^3
1.800000139103551,7.500000087368955,0.12012011123485357,0.0,-0.45045045447374554,0.0,-1.0000000049857212,0.0,0.0,0.0
