cte,x,p,x^2,px,p^2,x^3,px^2,p^2x,p^3
-2.2684461561287113,9.050257394397711,0.8123513538735516,4.738706483991234,0.0,0.0,0.15344115316268817,0.0,0.0,0.0
