cte,x,a,b,x^2,ax,bx,a^2,ab,b^2,x^3,ax^2,bx^2,a^2x,abx,b^2x,a^3,a^2b,ab^2,b^3
0.0,0.0,0.0,0.0,0.12222357684021322,0.07090820742956752,0.0814186766036546,0.0,0.0,0.0,-0.6379699651089143,0.4563213182842806,0.2384426819987075,0.15492546234792423,0.2953144344439978,0.17092977412094362,0.09001209137875976,0.07525051122966747,0.0,0.0
