cte,x,p,x^2,px,p^2,x^3,px^2,p^2x,p^3
2.000000021685149,5.0000000144084185,0.10010009855677879,0.0,-0.200200200864221,0.0,-1.0000000008925436,0.0,0.0,0.0
