cte,x,a,b,x^2,ax,bx,a^2,ab,b^2,x^3,ax^2,bx^2,a^2x,abx,b^2x,a^3,a^2b,ab^2,b^3
0.0,0.0,0.0,0.0,0.0,-0.05278799334802464,0.07019313795287034,0.0,0.0,0.0,-1.3831454257808815,-0.5172529586699096,0.02735878786932506,-0.11613673768883759,-0.21019479173473848,0.4556158987050964,0.0,0.0,0.0,0.07607838803875036
