cte,x,p,x^2,px,p^2,x^3,px^2,p^2x,p^3
0.400000130003699,8.000000055584907,0.2602602513507222,0.0,-0.500500502687545,0.0,-1.000000001182915,0.0,0.0,0.0
