cte,x,p,x^2,px,p^2,x^3,px^2,p^2x,p^3
-2.0174788463266085,9.058227542222237,0.7872346000909743,4.772556373105967,0.0,0.0,0.17104353196181477,0.0,0.0,0.0
