cte,x,a,b,x^2,ax,bx,a^2,ab,b^2,x^3,ax^2,bx^2,a^2x,abx,b^2x,a^3,a^2b,ab^2,b^3
0.0,0.0,0.0,0.0,0.11774317131396943,0.06807779879206602,0.07717532151832442,0.0,0.0,0.0,-0.5912804625858181,0.4224349238620283,0.27311889379969023,0.15263771648194874,0.2637750862351647,0.1941424710518624,0.07700499257571608,0.08634778201375803,0.0,0.0
