cte,x,p,x^2,px,p^2,x^3,px^2,p^2x,p^3,initial_theta,delta_theta
1.5603603560809143,3.7997997961682115,0.360360360998922,0.0,-0.20020019984041695,0.0,-0.9999999996089382,0.0,0.0,0.0,-1.0,0.005
