cte,x,a,b,x^2,ax,bx,a^2,ab,b^2,x^3,ax^2,bx^2,a^2x,abx,b^2x,a^3,a^2b,ab^2,b^3
0.0,0.0,0.0,0.0,0.11159394892966776,0.0632974613307369,0.07843372951052013,0.0,0.0,0.0,-0.4832034798055061,0.36270535390271824,0.27524435744459014,0.14714487065191556,0.2815152058224141,0.1362891383526095,0.0879778835987221,0.06596500076663622,0.0,0.0
