cte,x,p,x^2,px,p^2,x^3,px^2,p^2x,p^3
-3.017016474227409,9.070611874419885,0.8817298862454422,4.925911535323635,0.0,0.0,0.21518208240080888,0.0,0.0,0.0
