cte,x,p,x^2,px,p^2,x^3,px^2,p^2x,p^3
-3.272038054998974,9.076033937894847,0.9075850119944777,4.901720622947199,0.0,0.0,0.1996932991020291,0.0,0.0,0.0
