cte,x,a,b,x^2,ax,bx,a^2,ab,b^2,x^3,ax^2,bx^2,a^2x,abx,b^2x,a^3,a^2b,ab^2,b^3
0.0,0.0,0.0,0.0,0.0,-0.1100038062611835,0.10114181898789555,0.0,0.0,0.0,-1.5080140532583441,-0.6234691385117448,0.0,-0.07809847035792193,-0.41618031147371026,0.572215989396885,0.0,0.0,-0.04952051279243468,0.11455818190830798
