cte,x,p,sin,x^2,px,xsin,p^2,psin,sin^2,x^3,px^2,x^2sin,p^2x,pxsin,xsin^2,p^3,p^2sin,psin^2,sin^3,x^4,px^3,x^3sin,p^2x^2,px^2sin,x^2sin^2,p^3x,p^2xsin,pxsin^2,xsin^3,p^4,p^3sin,p^2sin^2,psin^3,sin^4
0.0,0.0,-0.01020092628869687,0.0,0.0,0.0,0.0,-0.3020183678360629,1.0630869338626816,0.0,0.0,0.0,0.0,0.16562907670573654,0.0,0.0,1.3381150705916012,-0.6561451457758768,0.01704386784243496,0.0,0.0,0.0,0.0,0.0,0.0,0.0,-0.5189685340953122,0.0,0.0,0.0,0.0,1.5783010823364474,-0.0663714688183818,0.0,0.0
