cte,x,p,sin,x^2,px,xsin,p^2,psin,sin^2,x^3,px^2,x^2sin,p^2x,pxsin,xsin^2,p^3,p^2sin,psin^2,sin^3,x^4,px^3,x^3sin,p^2x^2,px^2sin,x^2sin^2,p^3x,p^2xsin,pxsin^2,xsin^3,p^4,p^3sin,p^2sin^2,psin^3,sin^4
0.0,0.0,0.0,0.038241073627327066,0.0,0.0,0.0,-0.09803701544701572,0.648851337341057,0.0,0.0,0.0,0.0,0.16258658958965366,0.0,0.0,0.5292331837739886,1.8851466657015266,0.04227181360443448,-0.018900015584184766,0.0,0.0,0.0,0.0,0.0,0.0,-0.507488956773279,0.0,0.0,0.0,0.0,-4.381673285361654,-0.20495980523696966,0.07624116611458677,0.0
