cte,x,p,sin,x^2,px,xsin,p^2,psin,sin^2,x^3,px^2,x^2sin,p^2x,pxsin,xsin^2,p^3,p^2sin,psin^2,sin^3,x^4,px^3,x^3sin,p^2x^2,px^2sin,x^2sin^2,p^3x,p^2xsin,pxsin^2,xsin^3,p^4,p^3sin,p^2sin^2,psin^3,sin^4
0.0,0.001993978135786328,0.0,0.0,0.0,0.0,0.0,-0.03670470338894273,0.9988441741736722,0.0,0.0,0.0,0.0,0.0,0.0,0.0,0.25129443251782835,0.0,0.0,0.0,0.0,0.0,0.0,0.0,0.0,0.0,0.0,0.0,0.0,0.0,-0.4798377302707885,-0.01660652907521257,0.0020102890195307322,0.0,0.0
