cte,x,p,sin,x^2,px,xsin,p^2,psin,sin^2,x^3,px^2,x^2sin,p^2x,pxsin,xsin^2,p^3,p^2sin,psin^2,sin^3,x^4,px^3,x^3sin,p^2x^2,px^2sin,x^2sin^2,p^3x,p^2xsin,pxsin^2,xsin^3,p^4,p^3sin,p^2sin^2,psin^3,sin^4
0.0,0.0,0.0,-0.01407110926311307,0.0,0.0,0.0,-0.30982279456270045,1.0826339184517106,0.0,0.0,0.0,0.0,0.15912347934156468,0.0,0.0,1.220611962316206,0.17685301782531582,0.015283312121210391,0.0,0.0,0.0,0.0,0.0,0.0,0.0,-0.490565835899456,0.0,0.0,0.0,0.0,-1.0855965331426054,-0.06345199384885984,0.0,0.0
