cte,x,p,sin,x^2,px,xsin,p^2,psin,sin^2,x^3,px^2,x^2sin,p^2x,pxsin,xsin^2,p^3,p^2sin,psin^2,sin^3,x^4,px^3,x^3sin,p^2x^2,px^2sin,x^2sin^2,p^3x,p^2xsin,pxsin^2,xsin^3,p^4,p^3sin,p^2sin^2,psin^3,sin^4
0.018893447664041534,0.0,-0.19033047886680216,-0.029461631676824026,0.0,0.01826502110270271,0.0,0.13216586359324048,1.3432062514324097,-0.011153489989859995,0.0,0.0,0.0,0.0,0.0,0.0,1.116347751820468,-0.8656455600563012,0.13177618116970338,0.0,0.0,0.0,0.0,0.0,0.0,0.0,-0.15119296199780216,0.0,0.0,0.0,0.0,-0.016612506733779342,-0.33164336129260646,0.0,0.0
