cte,x,p,sin,x^2,px,xsin,p^2,psin,sin^2,x^3,px^2,x^2sin,p^2x,pxsin,xsin^2,p^3,p^2sin,psin^2,sin^3,x^4,px^3,x^3sin,p^2x^2,px^2sin,x^2sin^2,p^3x,p^2xsin,pxsin^2,xsin^3,p^4,p^3sin,p^2sin^2,psin^3,sin^4
0.0,0.0,-0.4922958805032968,0.0,0.0,0.0,0.0,1.864573383808157,1.1023183145988764,0.01987468010084752,0.0,0.0,0.0,0.03384254610501909,0.0,0.0,0.0,-0.5579196408682671,0.1488897367205223,0.0,0.0,0.0,0.0,0.0,0.0,0.0,0.0,0.0,0.0,0.0,0.0,-0.16037737777931652,-0.8093614905279627,0.020972336932391127,0.0
