cte,x,p,sin,x^2,px,xsin,p^2,psin,sin^2,x^3,px^2,x^2sin,p^2x,pxsin,xsin^2,p^3,p^2sin,psin^2,sin^3,x^4,px^3,x^3sin,p^2x^2,px^2sin,x^2sin^2,p^3x,p^2xsin,pxsin^2,xsin^3,p^4,p^3sin,p^2sin^2,psin^3,sin^4
0.0,0.0,0.0,0.0,0.0,0.0,0.0,0.019141130900413444,0.9685726791352814,0.0,0.0,0.0,0.0,0.16683303230326885,0.0,0.0,0.0,0.1217418973907292,0.0,0.0,0.0,0.0,0.0,0.0,0.0,0.0,-0.5217396279614649,0.0,0.0,0.0,0.0,0.0,-0.010518862769681185,0.0,0.0
