cte,x,p,sin,x^2,px,xsin,p^2,psin,sin^2,x^3,px^2,x^2sin,p^2x,pxsin,xsin^2,p^3,p^2sin,psin^2,sin^3,x^4,px^3,x^3sin,p^2x^2,px^2sin,x^2sin^2,p^3x,p^2xsin,pxsin^2,xsin^3,p^4,p^3sin,p^2sin^2,psin^3,sin^4
0.0,0.0,0.0,0.0,0.0,0.04987793251925579,0.0,-0.011403282904263646,0.9980368540416326,0.0,0.0,0.0,0.0,-0.3327260817659969,0.0,0.0,0.03551975094495724,0.0,0.0,0.0,0.0,0.0,0.0,0.0,0.0,0.0,0.6471082867424285,0.0,0.0,0.0,0.0,0.0,0.0,0.0,0.0
