cte,x,p,sin,x^2,px,xsin,p^2,psin,sin^2,x^3,px^2,x^2sin,p^2x,pxsin,xsin^2,p^3,p^2sin,psin^2,sin^3,x^4,px^3,x^3sin,p^2x^2,px^2sin,x^2sin^2,p^3x,p^2xsin,pxsin^2,xsin^3,p^4,p^3sin,p^2sin^2,psin^3,sin^4
0.025844424411613914,0.0,-0.20162079704314687,0.0,0.0,0.0,0.0,0.48257740866447335,1.05766866197725,-0.021023547452160174,0.0,0.0,0.0,0.03832877193309899,0.0,0.0,0.0,-0.252833234116263,0.16750651665596672,0.0,0.0,0.0,0.0,0.0,0.0,0.0,0.0,0.0,0.0,0.0,0.0,0.0,-0.3479661159370236,0.0,0.0
