cte,x,p,sin,x^2,px,xsin,p^2,psin,sin^2,x^3,px^2,x^2sin,p^2x,pxsin,xsin^2,p^3,p^2sin,psin^2,sin^3,x^4,px^3,x^3sin,p^2x^2,px^2sin,x^2sin^2,p^3x,p^2xsin,pxsin^2,xsin^3,p^4,p^3sin,p^2sin^2,psin^3,sin^4
-0.017699580381583646,0.0,0.13477364068712805,-0.01990686923861931,0.0,0.0,0.0,-0.06037223399505986,1.0688004225193362,0.056321089034044,0.0,0.0,0.0,0.1621407802554894,0.0,0.0,-0.674466701603985,1.2630619027700982,-0.48629410134104684,-0.012864338789738486,0.0,0.0,0.0,0.0,0.0,0.0,-0.49995456880466693,0.0,0.0,0.0,0.0,-4.770421289347764,0.9645431217554771,0.057088627461833706,0.0
