cte,x,p,sin,x^2,px,xsin,p^2,psin,sin^2,x^3,px^2,x^2sin,p^2x,pxsin,xsin^2,p^3,p^2sin,psin^2,sin^3,x^4,px^3,x^3sin,p^2x^2,px^2sin,x^2sin^2,p^3x,p^2xsin,pxsin^2,xsin^3,p^4,p^3sin,p^2sin^2,psin^3,sin^4
0.0,0.0,0.06479639380915016,0.0,0.0,0.0,0.0,-0.31534355370349715,1.1088896027525328,0.0,0.0,0.0,0.0,0.0,0.0,0.0,0.0,-0.8475115744897866,-0.01940088780572839,0.0,0.0,0.0,0.0,0.0,0.0,0.0,0.0,0.0,0.0,0.0,0.0,1.6844714838943948,0.08493744163823042,0.0,0.0
