cte,x,p,sin,x^2,px,xsin,p^2,psin,sin^2,x^3,px^2,x^2sin,p^2x,pxsin,xsin^2,p^3,p^2sin,psin^2,sin^3,x^4,px^3,x^3sin,p^2x^2,px^2sin,x^2sin^2,p^3x,p^2xsin,pxsin^2,xsin^3,p^4,p^3sin,p^2sin^2,psin^3,sin^4
0.0,0.0,0.0,0.0,0.0,0.05005752258052353,0.0,-0.01553501775050194,1.0043696368460553,0.0,0.0,0.0,0.0,-0.3344817385487696,0.0,0.0,0.048392315179112,-0.06050781438290841,0.0,0.0,0.0,0.0,0.0,0.0,0.0,0.0,0.65114584932484,0.0,0.0,0.0,0.0,0.13396346646585994,0.0,0.0,0.0
