cte,x,p,sin,x^2,px,xsin,p^2,psin,sin^2,x^3,px^2,x^2sin,p^2x,pxsin,xsin^2,p^3,p^2sin,psin^2,sin^3,x^4,px^3,x^3sin,p^2x^2,px^2sin,x^2sin^2,p^3x,p^2xsin,pxsin^2,xsin^3,p^4,p^3sin,p^2sin^2,psin^3,sin^4
0.0,0.0019943203206609864,0.0,0.0,0.0,0.0,0.0,-0.04311482502615091,1.0004216748136436,0.0,0.0,0.0,0.0,0.0,0.0,0.0,0.3068041792980679,-0.008859443092479082,0.0,0.0,0.0,0.0,0.0,0.0,0.0,0.0,0.0,0.0,0.0,0.0,-0.5756510731884779,-0.015889898615893162,0.0,0.0,0.0
