cte,x,p,sin,x^2,px,xsin,p^2,psin,sin^2,x^3,px^2,x^2sin,p^2x,pxsin,xsin^2,p^3,p^2sin,psin^2,sin^3,x^4,px^3,x^3sin,p^2x^2,px^2sin,x^2sin^2,p^3x,p^2xsin,pxsin^2,xsin^3,p^4,p^3sin,p^2sin^2,psin^3,sin^4
0.0,0.0,0.03310883034274372,0.0,0.0,0.045699815822363536,0.0,-0.42337094208140647,0.647287764814699,0.0,0.0,0.0,0.0,-0.29382661854374176,0.0,0.0,1.1177075003956103,2.7036989140672927,0.05398180839633575,0.016475256809407344,0.0,0.0,0.0,0.0,0.0,0.0,0.5604636736659155,0.0,0.0,0.0,0.0,-5.075935166200772,-0.20885342060592915,-0.06417370899384402,0.0
