cte,x,p,sin,x^2,px,xsin,p^2,psin,sin^2,x^3,px^2,x^2sin,p^2x,pxsin,xsin^2,p^3,p^2sin,psin^2,sin^3,x^4,px^3,x^3sin,p^2x^2,px^2sin,x^2sin^2,p^3x,p^2xsin,pxsin^2,xsin^3,p^4,p^3sin,p^2sin^2,psin^3,sin^4
0.0,0.0,0.0,0.0,0.0,0.04999875124002014,0.0,-0.012567862390095646,1.0106968254250939,0.0,0.0,0.0,0.0,-0.33369480978134036,0.0,0.0,0.039156460076579774,-0.1428245546964989,0.0,0.0,0.0,0.0,0.0,0.0,0.0,0.0,0.6490608672309485,0.0,0.0,0.0,0.0,0.3597655606198604,0.0,0.0,0.0
