cte,x,p,sin,x^2,px,xsin,p^2,psin,sin^2,x^3,px^2,x^2sin,p^2x,pxsin,xsin^2,p^3,p^2sin,psin^2,sin^3,x^4,px^3,x^3sin,p^2x^2,px^2sin,x^2sin^2,p^3x,p^2xsin,pxsin^2,xsin^3,p^4,p^3sin,p^2sin^2,psin^3,sin^4
-0.026447699266547022,0.0,0.13178470134775497,0.07338828596382749,0.0,0.0,0.0,0.0,0.9200788852611699,0.0,0.0,0.0,0.0,0.03580660797827774,-0.014276507359872898,0.0,0.0,-1.8940547624173358,-0.0844808608309427,-0.038520864151601934,0.0,0.0,0.0,0.0,0.0,0.0,0.0,0.05986389736350195,0.0,0.0,0.0,4.144923411494515,-0.08838715468944036,0.14154401957796547,0.013111931020484127
