cte,x,p,sin,x^2,px,xsin,p^2,psin,sin^2,x^3,px^2,x^2sin,p^2x,pxsin,xsin^2,p^3,p^2sin,psin^2,sin^3,x^4,px^3,x^3sin,p^2x^2,px^2sin,x^2sin^2,p^3x,p^2xsin,pxsin^2,xsin^3,p^4,p^3sin,p^2sin^2,psin^3,sin^4
0.0,0.001995735843023467,-0.004061732647126057,0.0,0.0,0.0,0.0,0.027096123720011026,0.9998379202902477,0.0,0.0,0.0,0.0,0.0,0.0,0.0,-0.05272209047727346,-0.008629124156137069,0.0,0.0,0.0,0.0,0.0,0.0,0.0,0.0,0.0,0.0,0.0,0.0,0.0,0.005637904425770018,0.0,0.0,0.0
