cte,x,p,sin,x^2,px,xsin,p^2,psin,sin^2,x^3,px^2,x^2sin,p^2x,pxsin,xsin^2,p^3,p^2sin,psin^2,sin^3,x^4,px^3,x^3sin,p^2x^2,px^2sin,x^2sin^2,p^3x,p^2xsin,pxsin^2,xsin^3,p^4,p^3sin,p^2sin^2,psin^3,sin^4
0.0,0.0,0.0,0.0,0.0,0.0,0.0,0.0,1.0531017741135766,0.0,0.0,0.0,0.0,0.1671837432582873,0.0,0.0,-0.011117300917841001,-0.5865106360296718,0.0,0.0,0.0,0.0,0.0,0.0,0.0,0.0,-0.5216057777837659,0.0,0.0,0.0,0.0,1.4412239917074403,0.0,0.0,0.0
